titles,comments
한번 더 정략결혼 (73화/완결),남주는 시도때도없이 우네
한번 더 정략결혼 (73화/완결),여주는 참 여기저기 잘도 맞고 다니네. 샌드백도 아니고ㅋㅋ
한번 더 정략결혼 (73화/완결),편집점이 잘못된건가요... 첫부분 이게 무슨내용이죠
마법사가 힘을 안 숨김 [단행본] (10권/완결),잘봤습니다
마법사가 힘을 안 숨김 [단행본] (10권/완결),마력필요없는 마법사(근법)라니ㅋㅋㅋ?
마법사가 힘을 안 숨김 [단행본] (10권/완결),와!!쥰내 길다
마법사가 힘을 안 숨김 [단행본] (10권/완결),댓글이 없쏘
멸망한 세계에 히어로는 없었다 [독점] (122화/완결),아 그냥 주인공이 다 멸망시켰으면 좋겠다
멸망한 세계에 히어로는 없었다 [독점] (122화/완결),ㅏㅏ 천사랑 계약을 맺다니..너는 곧 세계를 구원하고 뒤통수를 맞을거야
멸망한 세계에 히어로는 없었다 [독점] (122화/완결),운영자에게 뇌물 먹였냐? 장난해?
멸망한 세계에 히어로는 없었다 [독점] (122화/완결),오우 25편에서 바로 왔습니다 스킵잘한듯 ㄷ
멸망한 세계에 히어로는 없었다 [독점] (122화/완결),30분..... 싸가지가 없네
멸망한 세계에 히어로는 없었다 [독점] (122화/완결),참고 보다보다 글쓴다 내가 졌다
멸망한 세계에 히어로는 없었다 [독점] (122화/완결),고구마20000 먹이자
멸망한 세계에 히어로는 없었다 [독점] (122화/완결),",완결이네"
멸망한 세계에 히어로는 없었다 [독점] (122화/완결),처음부터 끝까지 고구마로 노잼 고문하며 이런 엔딩 맞기도 쉽지가 않은데.. 주인공 성격 끝까지 안변하고 도피로 마무리 하는군.
멸망한 세계에 히어로는 없었다 [독점] (122화/완결),오우 이렇게까지 성장하는균
멸망한 세계에 히어로는 없었다 [독점] (122화/완결),으어 절대 영웅못해 ㄷㄷ
멸망한 세계에 히어로는 없었다 [독점] (122화/완결),ㅋㅋㅋㅋㅋ아 엄복동의 나라 ㅋㅋㅋㅋㅋㅋ
멸망한 세계에 히어로는 없었다 [독점] (122화/완결),와 ㅋㅋㅋ 진짜 개 노답 상황이네
멸망한 세계에 히어로는 없었다 [독점] (122화/완결),저마음을 어캐 이해할 수 있을까 그냥 안타깝네
멸망한 세계에 히어로는 없었다 [독점] (122화/완결),클린봇이 부적절한 표현을 감지한 댓글입니다.
멸망한 세계에 히어로는 없었다 [독점] (122화/완결),답답
멸망한 세계에 히어로는 없었다 [독점] (122화/완결),허허
멸망한 세계에 히어로는 없었다 [독점] (122화/완결),진짜 ㅈ같네 보는 내가 스트레스
멸망한 세계에 히어로는 없었다 [독점] (122화/완결),이게 솔직히 말하면 우리나라도 이럼 ㅅㅂ 진실도아닌데 지 ㅈ때로 영상올리고 공론화시키고 사람 삶을 ㅂㅅ같이 만들어도 그게 거짓으로 밝혀지면 죄송합니다 하고 끝 ㅅㅂ 진짜
멸망한 세계에 히어로는 없었다 [독점] (122화/완결),저 일진 새끼들 패드립은 진짜 선넘었지;; 조폭도 패드립은 안한다 이 새끼들아
멸망한 세계에 히어로는 없었다 [독점] (122화/완결),아.. 갓머니..
멸망한 세계에 히어로는 없었다 [독점] (122화/완결),"문규 아빠놈한테 재산 뺏길 때 현실같아서 진짜 분고다...그래서 문규 지능 사라졌다는 얘기듣고 올바른 심판을 받았구나,생각하고 돈은 정말 아쉽지만 주인공 괴롭히는 놈 사라져서 그나마 다행이라 생각했는데 이제는 세상이 가만히 냅두지 않네..."
멸망한 세계에 히어로는 없었다 [독점] (122화/완결),새삼 느끼지만 진짜 대한민국 ㅈ같은 나라네권력으로 타인을 악압해서 자기들이 원하는 대로 이끌게하고 또 자기들이 지은 죄는 권력으로 덮고 그 권력으로 자기들은 죄를 짓고 일본 나쁘다 일본 나쁘다 이런 소리 할 시간에 자기들의 문제점을 해결하지 않으려하고 진짜 권력가진 새끼들이 설치는 걸 대체 대한민국은 뭘 하고 있기에 이러는거야 치안이 높으면 뭐해? 옳고 그름을 판단을 못하는 데
멸망한 세계에 히어로는 없었다 [독점] (122화/완결),역겹네
멸망한 세계에 히어로는 없었다 [독점] (122화/완결),그래도 군고구마까진 안가서 다행이다
멸망한 세계에 히어로는 없었다 [독점] (122화/완결),이 떡밥에 나온 인물들이 후반에 언급되지 않는다면 문자낭비.언급되면 재미가 반감될것이고... 너무 어렵게 시작함
멸망한 세계에 히어로는 없었다 [독점] (122화/완결),하... 물이 안좋다 정말
멸망한 세계에 히어로는 없었다 [독점] (122화/완결),너무 쉽게 죽네
멸망한 세계에 히어로는 없었다 [독점] (122화/완결),문규 나이 늟어 죽어도 곧 영혼 심판할듯...
멸망한 세계에 히어로는 없었다 [독점] (122화/완결),문규학생 능력보니 일진이 직업변했네요
멸망한 세계에 히어로는 없었다 [독점] (122화/완결),저놈들 다 한군데씩 부서지면 좋겠다..괜히 현실이랑 비슷해서 보는데 너무 화난다..
멸망한 세계에 히어로는 없었다 [독점] (122화/완결),음 스토리가 좀 진부하네..
멸망한 세계에 히어로는 없었다 [독점] (122화/완결),난 이게 정식연재를 시작할줄은 몰랐어그야 공지도 없었는걸
멸망한 세계에 히어로는 없었다 [독점] (122화/완결),코난 암살 성공
멸망한 세계에 히어로는 없었다 [독점] (122화/완결),출발
멸망한 세계에 히어로는 없었다 [독점] (122화/완결),답답
멸망한 세계에 히어로는 없었다 [독점] (122화/완결),허허
멸망한 세계에 히어로는 없었다 [독점] (122화/완결),진짜 ㅈ같네 보는 내가 스트레스
멸망한 세계에 히어로는 없었다 [독점] (122화/완결),이게 솔직히 말하면 우리나라도 이럼 ㅅㅂ 진실도아닌데 지 ㅈ때로 영상올리고 공론화시키고 사람 삶을 ㅂㅅ같이 만들어도 그게 거짓으로 밝혀지면 죄송합니다 하고 끝 ㅅㅂ 진짜
멸망한 세계에 히어로는 없었다 [독점] (122화/완결),저 일진 새끼들 패드립은 진짜 선넘었지;; 조폭도 패드립은 안한다 이 새끼들아
멸망한 세계에 히어로는 없었다 [독점] (122화/완결),아.. 갓머니..
멸망한 세계에 히어로는 없었다 [독점] (122화/완결),"문규 아빠놈한테 재산 뺏길 때 현실같아서 진짜 분고다...그래서 문규 지능 사라졌다는 얘기듣고 올바른 심판을 받았구나,생각하고 돈은 정말 아쉽지만 주인공 괴롭히는 놈 사라져서 그나마 다행이라 생각했는데 이제는 세상이 가만히 냅두지 않네..."
멸망한 세계에 히어로는 없었다 [독점] (122화/완결),새삼 느끼지만 진짜 대한민국 ㅈ같은 나라네권력으로 타인을 악압해서 자기들이 원하는 대로 이끌게하고 또 자기들이 지은 죄는 권력으로 덮고 그 권력으로 자기들은 죄를 짓고 일본 나쁘다 일본 나쁘다 이런 소리 할 시간에 자기들의 문제점을 해결하지 않으려하고 진짜 권력가진 새끼들이 설치는 걸 대체 대한민국은 뭘 하고 있기에 이러는거야 치안이 높으면 뭐해? 옳고 그름을 판단을 못하는 데
멸망한 세계에 히어로는 없었다 [독점] (122화/완결),역겹네
멸망한 세계에 히어로는 없었다 [독점] (122화/완결),그래도 군고구마까진 안가서 다행이다
멸망한 세계에 히어로는 없었다 [독점] (122화/완결),이 떡밥에 나온 인물들이 후반에 언급되지 않는다면 문자낭비.언급되면 재미가 반감될것이고... 너무 어렵게 시작함
멸망한 세계에 히어로는 없었다 [독점] (122화/완결),하... 물이 안좋다 정말
멸망한 세계에 히어로는 없었다 [독점] (122화/완결),너무 쉽게 죽네
멸망한 세계에 히어로는 없었다 [독점] (122화/완결),문규 나이 늟어 죽어도 곧 영혼 심판할듯...
멸망한 세계에 히어로는 없었다 [독점] (122화/완결),문규학생 능력보니 일진이 직업변했네요
멸망한 세계에 히어로는 없었다 [독점] (122화/완결),저놈들 다 한군데씩 부서지면 좋겠다..괜히 현실이랑 비슷해서 보는데 너무 화난다..
멸망한 세계에 히어로는 없었다 [독점] (122화/완결),음 스토리가 좀 진부하네..
멸망한 세계에 히어로는 없었다 [독점] (122화/완결),난 이게 정식연재를 시작할줄은 몰랐어그야 공지도 없었는걸
멸망한 세계에 히어로는 없었다 [독점] (122화/완결),코난 암살 성공
멸망한 세계에 히어로는 없었다 [독점] (122화/완결),출발
