titles,comments
아포칼립스 속 성기사 [단행본] (12권/완결),재밌네요!
아포칼립스 속 성기사 [단행본] (12권/완결),이쁘냐?
아포칼립스 속 성기사 [단행본] (12권/완결),잘 봤습니다. 재밌었습니다.
영웅이었다 [단행본] (9권/완결),뭐지?
영웅이었다 [단행본] (9권/완결),서술이 너무 길어서 중도 하차
영웅이었다 [단행본] (9권/완결),잘 읽었습니다
포텐 터진 배우님 (225화/완결),비행모드해놓고 촬영하면 되는데요....???
포텐 터진 배우님 (225화/완결),'저 사람 밥맛이다'는 사실 '저 사람 보면 밥맛이 없다'의 (줄임말 같지 않은) 줄임말이라는거.. 밥맛있어요/밥맛없어요.. 뉘앙스 비교해 생각해보면 알수있음.
포텐 터진 배우님 (225화/완결),민경이 매니저한테 ntr당하는거 아니지??
포텐 터진 배우님 (225화/완결),진짜 미쳤나봐 어떡해 너무 좋아
포텐 터진 배우님 (225화/완결),계약서는 지켜야지
포텐 터진 배우님 (225화/완결),이자는??
포텐 터진 배우님 (225화/완결),작가분의 디테일한 표현력이 매우 부족한 소설같음엄청난 연기의 주인공을 묘사하는 부분이 너무너무 어설퍼서 몰입이 안됨. 글 내내 우와 엄청난 연기! 이런식으로 묘사하지만 디테일 부족한 묘사로인해 뭐 어떻다는건지... 하는 의문 밖에 안듬 주인공 성격도 매력이 없고 주변인물들도 매력이 없음 배우물 소설이면 최소한 주인공이 연기하는 부분을 디테일하게 넣어줘야 몰입이 되는데 매번 씬하나 끝나면 그거본 사람들이 와...어떻게 저런 연기를! 하고 넘어가버리니...
포텐 터진 배우님 (225화/완결),작가님 글을 읽는 게 낙이 되었는데 벌써 끝나다니 아쉽네요 200화동안 강준이와 울고웃다 보니 더더욱떠나보내기가 망설여집니다ㅠ 정말 수고하셨고 다음 작품도 기대하겠습니다!! 감사합니다
포텐 터진 배우님 (225화/완결),좀 옛날 느낌나네..
포텐 터진 배우님 (225화/완결),32살 ..? 조금만 더 나이 낮췄으면 좋았을텐뎅 …
포텐 터진 배우님 (225화/완결),저렇게 죽는다고 ..? 주인공 참 ..
포텐 터진 배우님 (225화/완결),ㅋㅋㅋㅋㅋㄱㅋㅋㅋ이진원 불쌍해ㅋㅋㄱ
포텐 터진 배우님 (225화/완결),아닠ㅋㅋㅋㅋㅋ이제 하다하다 감동까지 스틸하냐곸ㅋㅋㅋㅋ
포텐 터진 배우님 (225화/완결),ㅋㅋㅋㅋㅋㅋㅋㅋㅋㅋㅋㅋㅋㅋㅋ
포텐 터진 배우님 (225화/완결),출발
기연 네비게이션 (138화/완결),타파의 무공을 그것도 진산무공을 쓰는데 다들 아무 이야기가 없다고? 무림 공적이 될 수도 있는 건데
기연 네비게이션 (138화/완결),막장인데...?
기연 네비게이션 (138화/완결),재밌습니다ㅎㅏ
기연 네비게이션 (138화/완결),ㅋㅋㅋㅋㅋㅋㅋㅋㅋㅋ로켓단이냐고
기연 네비게이션 (138화/완결),음 거르자 ㅋㅋ
기연 네비게이션 (138화/완결),글이 너무 허접 하네.
기연 네비게이션 (138화/완결),투신이 갑자기 제자가 보고싶어 와서 가방 털어갔으면 좋겠다
기연 네비게이션 (138화/완결),킬링타임용 소설임
기연 네비게이션 (138화/완결),눈이 부시다 못해 멀 장도로 유치찬란한 대사와 조옥가튼 표현력. 정말 훌륭하다 ㅋㅋㅋ
기연 네비게이션 (138화/완결),그래도 뇌를 버리고 보면 볼만하네
기연 네비게이션 (138화/완결),초딩이쓰는것같은 놀라운문장력
기연 네비게이션 (138화/완결),2년이 지났는데 나이가 안먹었어요
기연 네비게이션 (138화/완결),폐인되서 안볼친구면 안보는게 답
기연 네비게이션 (138화/완결),검기 쓰면 안돼지 않나?
기연 네비게이션 (138화/완결),스토리 진행이 무지막지하게 빠르네요.
