titles,comments
트라웃의 동창으로 산다는 건 (251화/완결),BEST1라운더를 의리와 노오력으로 슬롯머니요? 이거 스카우트가 주인공인가요?
트라웃의 동창으로 산다는 건 (251화/완결),ㄹㅇㅋㅋ채몬ㅋㅋ
트라웃의 동창으로 산다는 건 (251화/완결),파인에플피자 존맛인데;;맛알못들ㅠ
트라웃의 동창으로 산다는 건 (251화/완결),월시 4승이잖아
트라웃의 동창으로 산다는 건 (251화/완결),원래 추신수 저이름말고 다른이름으로 나오지않음?
트라웃의 동창으로 산다는 건 (251화/완결),이튼보다 좀 떨어지는애를 트레이드로 쓸순없었나
트라웃의 동창으로 산다는 건 (251화/완결),에무ㅋㅋㅋㅋㅋㅋㅋㅋㅋ
트라웃의 동창으로 산다는 건 (251화/완결),전준우ㅋㅋㅋ
트라웃의 동창으로 산다는 건 (251화/완결),툴로위츠키 stl아님?
트라웃의 동창으로 산다는 건 (251화/완결),이제 픽션머드인가
트라웃의 동창으로 산다는 건 (251화/완결),먹튀ㅋㅋ
트라웃의 동창으로 산다는 건 (251화/완결),타격안되는애를 왜 좌익수로쓸까
트라웃의 동창으로 산다는 건 (251화/완결),이학주 워어어어 워어어어어
트라웃의 동창으로 산다는 건 (251화/완결),표지는 전혀 말끔하게 안생겼는데요
트라웃의 동창으로 산다는 건 (251화/완결),아 연하별론데...ㅠ최소한 갑이나 눈나가 좋은데
트라웃의 동창으로 산다는 건 (251화/완결),완전재밌음
트라웃의 동창으로 산다는 건 (251화/완결),크으 중견수 유격수 핵심코어가될 타자유망주 둘이라제가 응원하는팀에 있다면 사랑에 빠지겠네요ㅋㅋㅋㅋ
트라웃의 동창으로 산다는 건 (251화/완결),너무 잘읽고있습니다. 회귀나 상태창 없이도 술술 읽히게 만드는 필력! 진짜 스포츠 소설에 몇없는 귀한분이십니다.
트라웃의 동창으로 산다는 건 (251화/완결),화이팅! 잘하자
트라웃의 동창으로 산다는 건 (251화/완결),뷸러 가..!
트라웃의 동창으로 산다는 건 (251화/완결),흐어유ㅠ 담편이 필요해ㅠㅠ
트라웃의 동창으로 산다는 건 (251화/완결),아ㅋㅋㅋㅋ애무제이 뭔데웃기냐ㅋㅋㅋㅋㅋㅋ
트라웃의 동창으로 산다는 건 (251화/완결),"ㅉ ㅣㅣㅣ ㅣ ㅣㅣㅣㅣㅣㅣㅣ ㅣ ㅡㄷ .ㅣ,, .ㅈ ㅣㅣ ..다름 ㅋㅋㅋ ㅋㅋㅋ"
트라웃의 동창으로 산다는 건 (251화/완결),술..마약..보트..
트라웃의 동창으로 산다는 건 (251화/완결),ㅋㅋㅋ 진짜 악마넼ㅋㅋ
트라웃의 동창으로 산다는 건 (251화/완결),ㅋㅋㅋ 명중이랑 트라웃 데려가겠넼ㅋㅋ
트라웃의 동창으로 산다는 건 (251화/완결),가겟군
트라웃의 동창으로 산다는 건 (251화/완결),범가너가 저래서 지금은 맛탱이가 갔지 반지에 지 어깨를 갈아넣었으니
트라웃의 동창으로 산다는 건 (251화/완결),진유현..유현 진? 류현진!!!!!!!
트라웃의 동창으로 산다는 건 (251화/완결),바로 에인절스..
트라웃의 동창으로 산다는 건 (251화/완결),직박구리 쉣ㅋㅋㅋㅋ
트라웃의 동창으로 산다는 건 (251화/완결),뭐지 뭔가 바뀐건가
트라웃의 동창으로 산다는 건 (251화/완결),조용히 잘보고있어요~
트라웃의 동창으로 산다는 건 (251화/완결),200화 축하합니다!!
트라웃의 동창으로 산다는 건 (251화/완결),덕아웃리더의 중요함..별표별표!
트라웃의 동창으로 산다는 건 (251화/완결),오~!우승우승ㅎㅎMJ축하해
트라웃의 동창으로 산다는 건 (251화/완결),원래..트라웃은 필리스 광팬인데...
트라웃의 동창으로 산다는 건 (251화/완결),고작 천달러로 동기부여가될까
트라웃의 동창으로 산다는 건 (251화/완결),흠.. 홈런친 그레인키의 부상? 아니면 그레인키한테 누가 시비걸고있는건가
트라웃의 동창으로 산다는 건 (251화/완결),왜???!!!!
트라웃의 동창으로 산다는 건 (251화/완결),중간에 마치가 에인저스 불펜으로 표기되어 있어요
트라웃의 동창으로 산다는 건 (251화/완결),??? 체공시간이 10초요?
트라웃의 동창으로 산다는 건 (251화/완결),화이팅
트라웃의 동창으로 산다는 건 (251화/완결),의지있네
트라웃의 동창으로 산다는 건 (251화/완결),일단흥미로움
트라웃의 동창으로 산다는 건 (251화/완결),첫 문단 반복은 왜 수정안하는거지..
트라웃의 동창으로 산다는 건 (251화/완결),트라웃이 염가계약했다고 까일순 있어도 노잼이 문제될건없는데 심지어 비교대상이 하퍼따위면
트라웃의 동창으로 산다는 건 (251화/완결),치킨은 못참지… 먹고 싶다…
트라웃의 동창으로 산다는 건 (251화/완결),어우 마이크 트라웃 개노잼 이러니 하퍼보다 좋은 성적내고 하퍼보다 인기가 없지 ㅋㅋ
트라웃의 동창으로 산다는 건 (251화/완결),ㅋ 역시 한치의 예상을 빗나가질 않네
트라웃의 동창으로 산다는 건 (251화/완결),ㅋㅋ 딱봐도 7타석째라 했으니 아직 홈런 묘사 없으니까 홈런치고 7타서 7안타 자전거 타겠구만 아니어도 7타석 7안타 신기록 ㅋㅋ
트라웃의 동창으로 산다는 건 (251화/완결),아 치킨 땡긴다
트라웃의 동창으로 산다는 건 (251화/완결),그니저나 OOO이네 101마일 옆나라 오타니는 120마일 홈런 치던데 ㅋㅋ
트라웃의 동창으로 산다는 건 (251화/완결),흠 글쎄 아무리 그래도 공이 안보이는건 좀 아니다 싶네 ㅋㅋ
트라웃의 동창으로 산다는 건 (251화/완결),아 어이가 없어버리고요 ㅋㅋㅋㅋㅋㅋㅋㅋㅋㅋ
트라웃의 동창으로 산다는 건 (251화/완결),내가 봤을 때 얘 필라델피아 이글스가 뭐하는 팀인지 모르는거 같은데
트라웃의 동창으로 산다는 건 (251화/완결),인터뷰 개노잼 야구판 손흥민이네
트라웃의 동창으로 산다는 건 (251화/완결),이럴땐 연참하셔야죠!ㅜ
트라웃의 동창으로 산다는 건 (251화/완결),또 누가 다친겨ㅠㅠ 다치면 안돼ㅠㅠ
트라웃의 동창으로 산다는 건 (251화/완결),다른 투수였다면 이런 전개는 말이 안되겠다고 하겠지만....현실 그레인키의 저세상 정신세계를 아는 야구팬들이라면 지금의 글전개가 납득이 간다고 고개를 끄덕이실듯ㅋㅋㅋ
트라웃의 동창으로 산다는 건 (251화/완결),그나저나 볼때마다 느끼는 거지만 에인절스 라인업은 진짜 사기네요ㅋㅋ 구멍이던 푸홀스도 수술후에는 제몫은 해주기도 하고ㅋㅋ 아무리봐도 에인절스 프리드먼이 회귀했다는게 정설인듯ㅋㅋㅋ
트라웃의 동창으로 산다는 건 (251화/완결),그레인키 좋지만 괴짜로 유명하죠ㅎ
트라웃의 동창으로 산다는 건 (251화/완결),다음화가 넘 궁금해지네욬ㅋㅋ 다저스그 어케 될지……
트라웃의 동창으로 산다는 건 (251화/완결),그래서 승자가 누군데..??
트라웃의 동창으로 산다는 건 (251화/완결),암걸리것같다.
트라웃의 동창으로 산다는 건 (251화/완결),103마일에 기대해봄
트라웃의 동창으로 산다는 건 (251화/완결),제 생각엔 딱 100마일 찍혔을듯요ㅋㅋㅋ
트라웃의 동창으로 산다는 건 (251화/완결),그러게요...현실에서는 통증때문에 마약성진통제 꾸준히 먹는중에 술먹고 질식사였나 그랬었는데말이죠ㅜㅜ
트라웃의 동창으로 산다는 건 (251화/완결),쓰레기 마차도가 저런 살인태클로 여러명보냈지...페드로이아도 그렇고...
트라웃의 동창으로 산다는 건 (251화/완결),이 작가분은 적당히가 잘 안되시는 것 같으니 101마일에 걸어봅니닼ㅋㅋ
트라웃의 동창으로 산다는 건 (251화/완결),그니까 이건 실수한듯 아까 전편에서는 카브레라 볼넷으로 내보내고 명준이 출장 안하면 타율 이긴다는 소리하는거보면 작가님도 아는거 같긴함
트라웃의 동창으로 산다는 건 (251화/완결),초구니깐 98마일. 마지막엔 100마일찍어버리겠찌!
트라웃의 동창으로 산다는 건 (251화/완결),하루 한 편씩 보는데 너무 감질맛난다.. 더 주세요..
트라웃의 동창으로 산다는 건 (251화/완결),스캑스가 이렇게 사네..진짜 이랬었으면 좋았을걸
트라웃의 동창으로 산다는 건 (251화/완결),ㅠㅠ 여기서는 죽지 않길……
트라웃의 동창으로 산다는 건 (251화/완결),타일러 스캑스는 2019년 약물(펜타닐 등) 복용으로 인한 토사물에 질식해 사망했습니다
트라웃의 동창으로 산다는 건 (251화/완결),술깨는약:)
트라웃의 동창으로 산다는 건 (251화/완결),오도어의 제물
트라웃의 동창으로 산다는 건 (251화/완결),툴로는
트라웃의 동창으로 산다는 건 (251화/완결),벌써 트라웃 이기려하네
트라웃의 동창으로 산다는 건 (251화/완결),과연
트라웃의 동창으로 산다는 건 (251화/완결),오들오들
트라웃의 동창으로 산다는 건 (251화/완결),소설도 결국 못 살린
트라웃의 동창으로 산다는 건 (251화/완결),진짜 왕조 구축하네
트라웃의 동창으로 산다는 건 (251화/완결),아무리 프리드먼이래도 졸스신을 거를 수 있나
트라웃의 동창으로 산다는 건 (251화/완결),휘요옹
트라웃의 동창으로 산다는 건 (251화/완결),글고보니 저 당시면 한국계나 한국인이라고 난리 났을텐데 행크 콩거만 봐도
트라웃의 동창으로 산다는 건 (251화/완결),와 명준이 때문에 시몬스침대가 천사네로 안가네ㅋㅋㅋ
트라웃의 동창으로 산다는 건 (251화/완결),프기꾼 왔네 2년 뒤면 졸스신은 버릴려나? 지를 땐 지르긴 하는데
트라웃의 동창으로 산다는 건 (251화/완결),어릴 때라 적혀있음.그리고 여러 종목 팬 하면서 싸인 받는게 뭐가 이상함
트라웃의 동창으로 산다는 건 (251화/완결),위에는 세명 밑에는 넷
트라웃의 동창으로 산다는 건 (251화/완결),빤스워스 생각나네
트라웃의 동창으로 산다는 건 (251화/완결),파이어펀치
트라웃의 동창으로 산다는 건 (251화/완결),툴로가 멘토네
트라웃의 동창으로 산다는 건 (251화/완결),00년대 푸홀스를 어케 참노
트라웃의 동창으로 산다는 건 (251화/완결),3년 걸리겠지
트라웃의 동창으로 산다는 건 (251화/완결),요가로 유리몸도 해결 되려나?
트라웃의 동창으로 산다는 건 (251화/완결),재밌음
트라웃의 동창으로 산다는 건 (251화/완결),우효옷
트라웃의 동창으로 산다는 건 (251화/완결),턱 한번 시원하게 돌려줘 ㅋ
트라웃의 동창으로 산다는 건 (251화/완결),마차도가 한 인성하짘ㅋ
트라웃의 동창으로 산다는 건 (251화/완결),60경기ㅋㅋㅋ 코로나 야발넘
트라웃의 동창으로 산다는 건 (251화/완결),여윽시… 현실남맼ㅋㅋㅋ
트라웃의 동창으로 산다는 건 (251화/완결),멋지다..
트라웃의 동창으로 산다는 건 (251화/완결),1층에 부모님이 계신데 쿵쿵쿵 이라니! 클라스~!
트라웃의 동창으로 산다는 건 (251화/완결),바티스타… 바리스타로 읽었어……
트라웃의 동창으로 산다는 건 (251화/완결),올스타전 배트플립은 못참지ㅋㅋㅋ
트라웃의 동창으로 산다는 건 (251화/완결),현실보다는 좀 잘하긴하겠지만 얼마나 하려나요ㅜ 현실 푸홀스는 방출되서 다저스갔던데..
트라웃의 동창으로 산다는 건 (251화/완결),한경기에 3개 던질 정도면 안 던지는 구종이라고 해도 무방한데 생각도 안하고 있다보면 저렇게 몸이 굳어버리는 경우 많아요 현실야구에서도여. 특히 저렇게 구속차가 심하면 더욱더 그렇죠.
트라웃의 동창으로 산다는 건 (251화/완결),우측 손 다음에 마침표나 쉼표가 추가되면 말이되려나...
트라웃의 동창으로 산다는 건 (251화/완결),NL과의 인터리그인데 신시내티홈이라 내셔널리그 룰로 하는중이네요. 투수가 타석에 나오는거 맞아유~
트라웃의 동창으로 산다는 건 (251화/완결),그리척이랑 스캑스가 주인공이랑 같이 사는일은 없었다길래 시즌을 마이너에서 시작하나했는데 트레이드되나보네요ㅜㅜ
트라웃의 동창으로 산다는 건 (251화/완결),좋았어 턱돌이ㅋㅋ
트라웃의 동창으로 산다는 건 (251화/완결),포수턱을 돌리다니ㅋㅋ MJ의 새 별명은 턱돌이다ㅋㅋ
트라웃의 동창으로 산다는 건 (251화/완결),이건 아니자나...세상물정모르는 어린애들 후려치기 당한거 같아서 화딱지 나네
트라웃의 동창으로 산다는 건 (251화/완결),아니 그냥 왕조세우라고 다른팀 단장들이 퍼주네ㅋㅋㅋㅋㅋㅋ
트라웃의 동창으로 산다는 건 (251화/완결),ㅇㅇ 쉬고싶으면 투수때려눕혀
트라웃의 동창으로 산다는 건 (251화/완결),오오오 벤클
트라웃의 동창으로 산다는 건 (251화/완결),ㅋㅋㅋㅋㅋ아무리 팬이라지만 ㅋㅋㅋㅋ필리건들앞에서 홈런 한 3방치면 맘편히 밥먹을수 있을까?ㅋ
트라웃의 동창으로 산다는 건 (251화/완결),한 5~10화 격투네
트라웃의 동창으로 산다는 건 (251화/완결),소설이지만 부상은 진짜 내 머리를 다 쥐 뜯고 싶음
트라웃의 동창으로 산다는 건 (251화/완결),"졸스신 방ㅊ 됐읍니다,,,"
트라웃의 동창으로 산다는 건 (251화/완결),ㅋㅋㅋㅋ그렇게 다른집들도 지하가 연결되고 ㅋㅋ
트라웃의 동창으로 산다는 건 (251화/완결),같이 운동한 메이저리거들이 팀에 가서 쟤네 데려오라고 했네ㅋㅋㅋ
트라웃의 동창으로 산다는 건 (251화/완결),"차기 레전드유망주 옆에 붙어있는 동창 야구선수라는 것만으로, 어느정도 재능인증에 멘탈 인증은 된거라고 생각하긴함. 끝까지 유지하냐 못하냐의 관건인거지."
트라웃의 동창으로 산다는 건 (251화/완결),자전거?
트라웃의 동창으로 산다는 건 (251화/완결),60경기? 뭔말이지코시국 때문인가
트라웃의 동창으로 산다는 건 (251화/완결),미친! ㅋㅋ 어째 불안하더라니.제발 다른 사람이 목소리 따라하면서 장난친거였으면 좋겠다
트라웃의 동창으로 산다는 건 (251화/완결),개양아치먹튀색퀴...
트라웃의 동창으로 산다는 건 (251화/완결),밸런스냐
트라웃의 동창으로 산다는 건 (251화/완결),사람 마음은 갈대이니라
트라웃의 동창으로 산다는 건 (251화/완결),폭력 멈춰!!ㅋㅋㅋㅋ
트라웃의 동창으로 산다는 건 (251화/완결),ㅋㅋㅋㅋ
트라웃의 동창으로 산다는 건 (251화/완결),뭐지...
트라웃의 동창으로 산다는 건 (251화/완결),18년 ㅋㅋㅋ
트라웃의 동창으로 산다는 건 (251화/완결),보일러 틀어놔 그럼 집에오면 따뜻해
트라웃의 동창으로 산다는 건 (251화/완결),재밌는데 모아서 봐야겠다ㅠ
트라웃의 동창으로 산다는 건 (251화/완결),그게 바로 성장물의 묘미 아님?
트라웃의 동창으로 산다는 건 (251화/완결),20개 구매권도 만들어두세여
트라웃의 동창으로 산다는 건 (251화/완결),겜못하는 애랑은 원래 밥같이 먹는거아님
트라웃의 동창으로 산다는 건 (251화/완결),졸스신 음해 ㄴㄴ
트라웃의 동창으로 산다는 건 (251화/완결),점점 팩션에서 픽션으로 넘어가는구만
트라웃의 동창으로 산다는 건 (251화/완결),2년차인데도 또 탈락 ㅠㅠㅠ 언제쯤 우승할지
트라웃의 동창으로 산다는 건 (251화/완결),리그 수위 타자가 커브에 반응을 못했다는게 조금 그러네요.
트라웃의 동창으로 산다는 건 (251화/완결),진단은 우측 손 다행???이게 뭔말이야
트라웃의 동창으로 산다는 건 (251화/완결),7번으로 나와서 투런 홈런이데 6회는 말이 안되잖아요?5회여야 하는거 아닌가요? 솔로홈런이면 몰라도...
트라웃의 동창으로 산다는 건 (251화/완결),하늘에잇는ㅋㅋㅋㅋㅋㅋㅋㅋㅋㅋㅋㅋㅋㅋㅋㅋ
트라웃의 동창으로 산다는 건 (251화/완결),내가 멍청해서 그런가 아래 글이 무슨 말인지 모르겠네...
트라웃의 동창으로 산다는 건 (251화/완결),아하... 톨로 일행들이 돌아가서 입털었나보네...
트라웃의 동창으로 산다는 건 (251화/완결),ㅋㅋㅋㅋ
트라웃의 동창으로 산다는 건 (251화/완결),역시 금강벌괴ㅋㅋ
트라웃의 동창으로 산다는 건 (251화/완결),마지막에 사인받은 꽃무늬 원피스가 승아 같다고 생각은 햇는데 승아가 꽃무늬 원피스 입었다고 적힌거 보면 맞나보네
트라웃의 동창으로 산다는 건 (251화/완결),사이클링 히트?
트라웃의 동창으로 산다는 건 (251화/완결),세일 득템!!
트라웃의 동창으로 산다는 건 (251화/완결),잡생각하는 도중에 1회초 끝난듯.. 켄드릭이 수비하러 가야지~ 하는 대사보면 잡생각하는중에 1회초 순삭...ㅋㅋ
트라웃의 동창으로 산다는 건 (251화/완결),인사이드 더 파크 홈런
트라웃의 동창으로 산다는 건 (251화/완결),필리스가 아니라 이글스???전에 필리건이라고 써놓고?
트라웃의 동창으로 산다는 건 (251화/완결),애틀란타가 지명안해줬다고 토마호크의 T도 보기싫다몈ㅋㅋㅋㅋㅋㅋㅋㅋㅋㅋㅋ
트라웃의 동창으로 산다는 건 (251화/완결),신고를해볼까 ... 엄연히 저작권이 잇을텐데 ㅉㅉ
트라웃의 동창으로 산다는 건 (251화/완결),작가가 사인 훔쳐 월드시리즈.우승한 휴스턴을 응징하는.편이네
트라웃의 동창으로 산다는 건 (251화/완결),나이를 생각하면 이해 안되는 게 아닌데 좀 답답하긴 하네. 매번 새로운 경험 할 때마다 쫄았다 어쨌다 나올게 뻔해 보여서. 글이 나쁘진 않은데 왠지 점점 앞으로의 내용이 기대가 안되네요.
트라웃의 동창으로 산다는 건 (251화/완결),그러네 원정개막전에 수비를? 1회초 공격이 끝났나 ?
트라웃의 동창으로 산다는 건 (251화/완결),스포츠물은 고질적인 문제가 있음 중반에 ㅈㄴ 지루하다는 거 아무리 글을 잘 써도 문제가 해결이 되지가 않아 스포츠물을 완결까지 보는 사람들은 억수로 인내심이 좋아
트라웃의 동창으로 산다는 건 (251화/완결),근데 트라웃이 고소하면 이 소설 어찌됌? 실현가능성은 거의없지만 그래도 궁금하네 ㅋㅋ
트라웃의 동창으로 산다는 건 (251화/완결),아니 이건 아니지;;; 슬롯머니 계약이라니요. 아 여기서 확 깨네 진짜
트라웃의 동창으로 산다는 건 (251화/완결),원정개막전인데 수비부터 한다? 뭔가ㅜ이상한
트라웃의 동창으로 산다는 건 (251화/완결),진짜... 돈 많나보다.... 현금으로....주다닠ㅋㅋㅋ ㅈㄴ짜 동기부여가 확실한 듯ㅋㅋㅋㅋ
트라웃의 동창으로 산다는 건 (251화/완결),ㅋㅋㅋ라오어2!!!!!???
트라웃의 동창으로 산다는 건 (251화/완결),암흑기임?
트라웃의 동창으로 산다는 건 (251화/완결),처음답이온거 스켁스였다 ->오타요 M 트라웃이라메
트라웃의 동창으로 산다는 건 (251화/완결),그런 시즌이 있었다고 합니다..
트라웃의 동창으로 산다는 건 (251화/완결),4줄 넘어가면 안읽어도 되는 책 ㅋㅋㅋㅋ
트라웃의 동창으로 산다는 건 (251화/완결),솔직히 너무 작위적임ㅇㅇ 필체도 너무 유치하고 ㅇㅇ 작가가 야알못인것도 너무 크다
트라웃의 동창으로 산다는 건 (251화/완결),툴로 강제 전성기 오나요? ㅋㅋ
트라웃의 동창으로 산다는 건 (251화/완결),신박한 설정 재미있네요
트라웃의 동창으로 산다는 건 (251화/완결),내로남불 ㅋㅋㅋ
트라웃의 동창으로 산다는 건 (251화/완결),킹앙리는 인정이지!
트라웃의 동창으로 산다는 건 (251화/완결),"아무도 없는게,,"
트라웃의 동창으로 산다는 건 (251화/완결),"약간 비현실적인 부분이 많네요,,"
트라웃의 동창으로 산다는 건 (251화/완결),전반적으로 약간 산만하네요 잘 봤습니다
트라웃의 동창으로 산다는 건 (251화/완결),고교막졸업한루키가..대단
트라웃의 동창으로 산다는 건 (251화/완결),진짜 승아면하차할거예요!! 잘나가는 여자좀 등장시켜줘요~~~
트라웃의 동창으로 산다는 건 (251화/완결),저는 여주가 승아라면 하차요~
트라웃의 동창으로 산다는 건 (251화/완결),근데 이정도면 프리드먼이 주인공임
트라웃의 동창으로 산다는 건 (251화/완결),김하성생각나네요
트라웃의 동창으로 산다는 건 (251화/완결),흠 좀더 과정을 설명해줘도 됐을듯
트라웃의 동창으로 산다는 건 (251화/완결),이기는편 우리편!!! 근데 둘다 같은편이네...?
트라웃의 동창으로 산다는 건 (251화/완결),화이팅...
트라웃의 동창으로 산다는 건 (251화/완결),선수 본명을 제목으로 넣는건 첨 보네
트라웃의 동창으로 산다는 건 (251화/완결),투수도 잘했겠다...걍 투수하잨ㅋ
트라웃의 동창으로 산다는 건 (251화/완결),위버가 많이 착해 보여요ㅎㅎ
트라웃의 동창으로 산다는 건 (251화/완결),여자애가 국적 포기를 왜할까ㅋㅋㅋ 개이득인데
트라웃의 동창으로 산다는 건 (251화/완결),졸스신 음해 ㄴㄴ
트라웃의 동창으로 산다는 건 (251화/완결),아앗.. 졸스신..
트라웃의 동창으로 산다는 건 (251화/완결),에인절스가 AL인데 투수가 타석에 나오네요.설정인가요.오류인가요
트라웃의 동창으로 산다는 건 (251화/완결),난 승아는 반댈세!! 왜이리 초반에 여주를 만들려는 복선 좀 세계화 합시다조그만한 반도 여자말고 USA 땅도 넓고 인구도 많은데
트라웃의 동창으로 산다는 건 (251화/완결),체공시간이 10초 가까이되면 파워가 헐크 수준인데요...;;;보통 홈런 체공시간이 5초 내외인걸 생각하면 ㅎㄷㄷ 7초만 되도 거의 역대급.... 몇번 뉴스에 나온적 있죠...
트라웃의 동창으로 산다는 건 (251화/완결),ㅋㅋ왜 잭크레인키 좋잖아 ㅋㅋ
트라웃의 동창으로 산다는 건 (251화/완결),와 속 시원하다 ㅋ
트라웃의 동창으로 산다는 건 (251화/완결),아니 이미 프리드먼이 시장으로 오면서 서로 조건 걸었던거에 선수 영입이나 돈에 있어서 이야기가 된건데 왜 처음 이야기하는 것처럼 말하지? 그리고 사장직 2년차까지는 성적에 신경 안쓰는 거에 구단주가 동의 했었는데(꼴지만 안하는 거로)....
트라웃의 동창으로 산다는 건 (251화/완결),야구는 역시 주먹으로하는거지 암
트라웃의 동창으로 산다는 건 (251화/완결),1라운드 픽 이면 최상급 아니야? 그것도 미국에서 . 근데 왜케 약해 보이지 ㅋㅋ
트라웃의 동창으로 산다는 건 (251화/완결),도대체 머지... zzz 제목 바꿔야할듯ㅌ
트라웃의 동창으로 산다는 건 (251화/완결),... 소재는 정말 좋음 문제는 그걸 받쳐줄 내용 야구를 하는데 종종 현실이랑 괴리감이 드는 내용들이 많았음..
트라웃의 동창으로 산다는 건 (251화/완결),? 내가 잘 몰라서 그러는데 홈런이나 높은 내야 플라이치고 2 3 루 사이까지 저렇게 빨리 갈 수 있음? 그리고 굳이 저렇게 필요도 없는 달리기는 왜하는거임? 저기가 무슨 근성을 중요시하는 일본도 아니고
트라웃의 동창으로 산다는 건 (251화/완결),전무한 소재인것 맞는듯 내가 스포츠 관련 소설을 즐겨보지만 아직까지 엄청난 슈퍼스타의 동기라는 소재는 본적이 없어서 있다면 댓글로 알려주셈 그것도 찾아보게
트라웃의 동창으로 산다는 건 (251화/완결),재밋는데 하루1화라 안타깝다ㅠ 그거라도 감지덕지인건가ㅠㅠ
트라웃의 동창으로 산다는 건 (251화/완결),빠던스킬 만렙
트라웃의 동창으로 산다는 건 (251화/완결),타자가 볼넷을 얻어내면 타율은 상승하지 않고 유지됩니다. 기본적으로 타율은 안타개수를 타수로 나누는데 타수는 타석수-볼넷수 입니다. 그러니 +1된 타석수에 +1된 볼넷수를 빼니 타수는 같아지고 안타수는 그대로이니 타율은 변하지 않고 유지되게 됩니다. 그래서 상대팀의 타자가 타율을 더 높혀 우리팀 타자의 타율보다 높게 되는 경우를 막기위해 하는행위가 상대타자를 모두 볼넷이나 고의사구로 보내는 겁니다.
트라웃의 동창으로 산다는 건 (251화/완결),아 왜!!!!!!
트라웃의 동창으로 산다는 건 (251화/완결),아니 작가님.... 뉴저지의 백종원이 퍼스트클래스를 보고 신기해하는게 상식적으로 말이됩니까....
트라웃의 동창으로 산다는 건 (251화/완결),1라운더를 의리와 노오력으로 슬롯머니요? 이거 스카우트가 주인공인가요?
트라웃의 동창으로 산다는 건 (251화/완결),감독 멋쟁이
트라웃의 동창으로 산다는 건 (251화/완결),개좋아
트라웃의 동창으로 산다는 건 (251화/완결),툴로 인간미 ㅋㅋ
트라웃의 동창으로 산다는 건 (251화/완결),ㅋㅋㅋ
트라웃의 동창으로 산다는 건 (251화/완결),들어올 때는 마음대로 였지만 나갈 때는 아니란다
트라웃의 동창으로 산다는 건 (251화/완결),재미 있는데 언제 기다리냐....
트라웃의 동창으로 산다는 건 (251화/완결),투수 하자!!! 하루던지면 4일은 슁수있어!!
트라웃의 동창으로 산다는 건 (251화/완결),홈런인데 존나 달리길래 안알려주고 계속 뛰게한거 아닐까!?
트라웃의 동창으로 산다는 건 (251화/완결),가서 턱을 다 돌려버려!!
트라웃의 동창으로 산다는 건 (251화/완결),유명한 먹튀가 오나보다.
트라웃의 동창으로 산다는 건 (251화/완결),???: 네 제가 턱을 돌릴때마다 저희 아버지 도장에 회원이 늘어날어거든요!
트라웃의 동창으로 산다는 건 (251화/완결),ㅋㅋㅋㅋㅋㅋ 빈볼 던질때마다 턱돌려 놓으면 ㅋㅋ 더이상 안 던지겠지 뭐 ㅋㅋㅋㅋㅋㅋ발차기 였으면 너선수생활 끝났어 새끼야ㅠㅋㅋㅋ
트라웃의 동창으로 산다는 건 (251화/완결),투아웃 상황인데 고민을 왜해 ㅋㅋㅋ 걍 1루로 던지먼 되징 ㅋㅋ
트라웃의 동창으로 산다는 건 (251화/완결),단장 아니고 사장임
트라웃의 동창으로 산다는 건 (251화/완결),뭐야? 고무장갑 안사드림?
트라웃의 동창으로 산다는 건 (251화/완결),농구 좋아해?
트라웃의 동창으로 산다는 건 (251화/완결),겨우 슬롯머니로만 계약한다?1라운더인데...좀 그렇네요
트라웃의 동창으로 산다는 건 (251화/완결),재미 있네요.글솜씨도 좋고요.
트라웃의 동창으로 산다는 건 (251화/완결),트라웃이 대단하긴하죠.
트라웃의 동창으로 산다는 건 (251화/완결),신선한 소재네요.기대하면서 볼게요!
트라웃의 동창으로 산다는 건 (251화/완결),오 국대x!
트라웃의 동창으로 산다는 건 (251화/완결),애슬레틱스는 몇년 후 얼마나 아까울까...
트라웃의 동창으로 산다는 건 (251화/완결),와 크리스 세일이 트레이드로 에인절스에가네 신인이라그런가 화삭이 보는눈이 없었긴했어
트라웃의 동창으로 산다는 건 (251화/완결),10경기랑 9경기 연속홈런이 한팀에 있으면 뉴저지건 뭐건 뒤집어질 일인데 고작 주목받는정도로 넘어가는게 이번에도 수치가 비현실적일게 보인다
트라웃의 동창으로 산다는 건 (251화/완결),순한 맛은 보리님이고매운 맛은 이블님인가?
트라웃의 동창으로 산다는 건 (251화/완결),지금까지 무료분 후기랄까? 다른 스포츠 소설하고 다르게 일단 스킬설명도없고 공백잡아먹는것도없고 주인공이 천천히 커가는걸 볼수있다 재미도있고 감동은아직없음 그리고 무료분읽으면서 왜 한국국적을 안버릴까 생각도해봤다 어렸을때 이민와서 영주권을 가지고있고 한국에 갈일없는데 굳이 야구하다가 군대갈수있는 상황을 만들려고하는건가 아니면 국대선발되어서 선후배의 무서움울 볼려고하는지 군면제픽을 한국에서 고교리그도 안뛴 주잉공을 소모해서 줄것같진않아보이고 나중에 국적선택의 기로가 어떨지 궁금함 유료분도 충분히 달려볼수있을만큼 매력적임
트라웃의 동창으로 산다는 건 (251화/완결),계속 보게되는 내용이에요!!!개꿀잼
트라웃의 동창으로 산다는 건 (251화/완결),재밌네! 강추
트라웃의 동창으로 산다는 건 (251화/완결),아이디어가 뛰어나네요 존잼일듯
트라웃의 동창으로 산다는 건 (251화/완결),쿠키부터 구워야겠네요.
트라웃의 동창으로 산다는 건 (251화/완결),작가님 영어 하실줄모르시죠??? 인터넷에 자료다나오는데 해석도못하시면서 전혀 공감이안되네요
트라웃의 동창으로 산다는 건 (251화/완결),이분 야구 뒷세계 룰 잘모르시는듯 어디서 베껴오셧나?? 잘아시는거맞아요??? 솔직하게 대답해주세요
트라웃의 동창으로 산다는 건 (251화/완결),출발
트라웃의 동창으로 산다는 건 (251화/완결),나다
