titles,comments
시녀의 유혹 (113화/완결),너무 난해해! 로봇인줄.__.
시녀의 유혹 (113화/완결),에휴 이제 서로 맘을 확인했는데...
시녀의 유혹 (113화/완결),벨 너도 이기적인 사랑을 하는걸찌도 점점 욕심내고 점점 기억되길바리고....안쓰럽고 힘든...알면서도 멈추지 못하는....소설이니 죽진 않겟지만..남겨진사람의 아픔은 달튼을 보면서 알텐데....응원하고도 싶고 말리고도 싶네
시녀의 유혹 (113화/완결),셔브남?
시녀의 유혹 (113화/완결),몸정이 먼저드는거야?
시녀의 유혹 (113화/완결),달튼ㅠㅠ 절절해서 미치겠다ㅠㅠ
시녀의 유혹 (113화/완결),작가님 이 구역에 큰손 등장입니다~ 일단 추석맞이로 쭉쭉가보겠습니다♡
