titles,comments
나 홀로 회귀자 (518화/완결),재미있었는데 연중이네 이런
나 홀로 회귀자 (518화/완결),유치 퐁
나 홀로 회귀자 (518화/완결),그거맞아
나 홀로 회귀자 (518화/완결),재밌네 ㅋㅋ
나 홀로 회귀자 (518화/완결),이가 현묵한테 까불더니 엄청 허무하게 끝났네요.
나 홀로 회귀자 (518화/완결),"화신기였던 사람이 초보 단계인 응기기, 결단기 경계 차이도 모르는 게 참 개연성 없네요."
나 홀로 회귀자 (518화/완결),이런 전개 안지겹냐 ㅋㅋㅋㅋㅋㅋ주인공은 왜케 무시만 받냐
나 홀로 회귀자 (518화/완결),정신이 피폐해질것만 같다 ㅋㅋㅋㅋㅋㅋㅋㅋㅋ
나 홀로 회귀자 (518화/완결),시원하네요.
나 홀로 회귀자 (518화/완결),후환 남기지 말고 양가도 이참에 멸문시키면 좋겠네요.
나 홀로 회귀자 (518화/완결),매번 똑같은 고구마 전개 시작했네요.
나 홀로 회귀자 (518화/완결),"매번 같은 패턴인데 다음부터 조심해야겠다 다짐하는 것도 웃기지만 방 안에 현묵, 모용연아, 홍흥국, 홍흥국 부하 2명 총 5명밖에 없었는데 고문도 머릿 속에서 기억으로 고문한 건데 어떻게 알고 보고는 누가 했는지 개연성 답도 없네요."
나 홀로 회귀자 (518화/완결),500화가 되어 가는데 패턴이 변하질 않네요.
나 홀로 회귀자 (518화/완결),적당히 해야지.모용가랑 홍가랑 아주 가까운 사이라고 하는데 전에 모용가 사라질뻔 할 때 홍가는 나타나지도 않았고 모용가에서 현묵한테 도움 요청했는데 이제 와서 뜬금없이 홍가라는 가문이 나오다니 개연성 답도 없네요.
나 홀로 회귀자 (518화/완결),이게 정상이죠.
나 홀로 회귀자 (518화/완결),중국 소설인듯ㅋㅋㅋ 꽌시 좀 그만 나왔으면...
나 홀로 회귀자 (518화/완결),현묵 무시->현묵 추종자 등장 무한 반복..
나 홀로 회귀자 (518화/완결),10편 연참 감사합니다.
나 홀로 회귀자 (518화/완결),"고등학교 고구마 스토리 끝나는가 싶더니 대학교 고구마 스토리가 남았군요.학생들 이름, 선생 이름, 대학 이름 일일이 언급하면서 기다려 하는 거 보니깐 벌써부터 고구마 한입 베어 문 거 같네요."
나 홀로 회귀자 (518화/완결),"공손영보다 채문아가 더 문제 같은데 이번에도 얼렁뚱땅 넘어가서 채문아한테 두번, 세번 당하는 고구마 스토리 없었으면 좋겠네요.사막 소문 누가 낸 건지 뻔한테 채문아 추정 못하면 현묵이 멍청한 거고 사막 소문 내고도 무사할 거라고 생각했다면 채문아도 멍청하네요."
나 홀로 회귀자 (518화/완결),이거웹툰판박이네;;;
나 홀로 회귀자 (518화/완결),진씨였어? 이거 진범이가 나오는 웹툰 원본소설이라해도 믿겠다
나 홀로 회귀자 (518화/완결),다시한번 최강신ㅅ..이 떠오르네
나 홀로 회귀자 (518화/완결),이 소설은 여자들이 너무 인성이 안좋네요.
나 홀로 회귀자 (518화/완결),"3화 마지막장(14,15) 내용이 똑같아요.... 무료라지만, 그러면 안되는 거 아닌가요???"
나 홀로 회귀자 (518화/완결),사이다 시작이네요.
나 홀로 회귀자 (518화/완결),이 소설 중국산이죠?
나 홀로 회귀자 (518화/완결),사이다 빨리 보고 싶네요.
나 홀로 회귀자 (518화/완결),"뻔한 삼일천하네요.현묵이 죽었다는 소문의 출처는 알아보지 않은채 소문만 믿고 무도종사가 공손가 재산 절반에 눈이 돌아서 같은 무도종사(현묵, 진송자)들을 칠 생각을 하는 게 멍청하다고 생각하네요."
나 홀로 회귀자 (518화/완결),"화신기 종사였던 현묵이 고작 응기 2, 3성이 쓰는 법기에 놀라는 게 이해가 안되네요."
나 홀로 회귀자 (518화/완결),큰코 다쳐야 정신 차릴 사람들이네요.근데 지금까지 3편씩 올려주셨는데 2편으로 줄인 거 보니깐 보는 사람이 많이 없나 보네요. 나름 재밌는 소설인데..
나 홀로 회귀자 (518화/완결),목숨 살려준 현묵한테 고맙다는 말도 안하고 현묵 늙은 거 보고 통수 치려고 하는데 보물 1개도 못얻고 죽었으면 좋겠네요.
나 홀로 회귀자 (518화/완결),금선이 소낙리인가?
나 홀로 회귀자 (518화/완결),가이드 협박해서 데리고 가는 거 보니 인성 좋은 놈들은 아니네요.현묵 일반인으로 알고 있으니 중간에 뒷통수 쳤다가 현묵한테 혼 좀 나겠네요.
나 홀로 회귀자 (518화/완결),결과는 계속 사이다라서 좋긴 한데 너무 같은 패턴 반복이네요.그리고 응기 5성이 됐다고 하는데 응기 5성이 어느 정도 실력인지 수행의 성과에 대한 설명이 없어서 아쉽네요.
나 홀로 회귀자 (518화/완결),"현묵, 진송자, 연경희(곧 종사) 종사만 3명인데 겁도 없이 덤비네요."
나 홀로 회귀자 (518화/완결),현묵 주변 인물들이 모두 현묵 정체 알았으니 한챕터 끝난 거 같네요.
나 홀로 회귀자 (518화/완결),정수연 얘는 자기 삼촌이랑 사촌 오빠한테 뺨을 계속 맞는 일이 있었는데도 정신을 못차리네요.큰코 한번 다쳐야 정신 차릴듯..
나 홀로 회귀자 (518화/완결),"한번 확실하게 쇄기를,,,,,"
나 홀로 회귀자 (518화/완결),이제 학생들한테 제대로 인식 박혀서 시비 안걸리겠네요.
나 홀로 회귀자 (518화/완결),여기서 끊네..
나 홀로 회귀자 (518화/완결),"다음편이 궁금하긴하는데,이전처럼 흐지부지 끝나갰죠,돈주고 보긴 엄첨 짜증나는 전개네여.."
나 홀로 회귀자 (518화/완결),모용연아가 현묵한테 도와달라 부탁할테고 현묵이 나서서 처리하려 하면 실력 보여주기 전에 사건이 종결될테고 학생들은 앞으로도 현묵 무시할 것 같네요.지금까지 수차례 반복된 전개..
나 홀로 회귀자 (518화/완결),조선시대냐 현대시대냐...설정이왜케 그지같냐...
나 홀로 회귀자 (518화/완결),답답한 점은 있네요.현묵이 수행자 능력 보여주는 것을 껄끄럽게 생각하는 성격도 아니고 능력 한번만 보여줘도 귀찮게 안할텐데..
나 홀로 회귀자 (518화/완결),왜구지감추기만하는지몰겠네여....모임장소에서기세한번씩쐐주면다들조용할껀데......
나 홀로 회귀자 (518화/완결),현묵이야 본인의 능력을 별개로 치더라도 표면적으로 수천억원대 미화 그룹 회장 아들인데 안가윤은 서민 가정이고 자기 엄마도 현묵한테 시집 보내서 팔짜 피려고 하는데 고작 얼굴 하나로 정원호한테 붙어서 모기짓 하면서 현묵한테는 뻔뻔하네요.
나 홀로 회귀자 (518화/완결),현실로 돌아왔으면 현실이 되어야지...과도한 설정이 피곤하게 만드네요...
나 홀로 회귀자 (518화/완결),최문웅한테 죽을뻔한 놈들 살려줬더니 답도 없네.
나 홀로 회귀자 (518화/완결),이거 중국소설 번안한 거죠?
나 홀로 회귀자 (518화/완결),현묵 실력도 있는데 그냥 제자들 데리고 자기 건드는 무도 가문 죄다 죽이면 좋겠네.
나 홀로 회귀자 (518화/완결),번역 진짜 또 이러네.김지윤을 김우빈으로 바꾸더니 노유리를 소낙리로 바꾸네. 번역 작가 여러명 쓰는 건 알겠는데 일관성 좀 있었으면 좋겠네요.
나 홀로 회귀자 (518화/완결),1억만 불러도 되는데 20억이나 부를 필요가 있나..
나 홀로 회귀자 (518화/완결),고3 마지막 학기네요.모르시는 분 계실까봐 설명드리면 중국 학교는 상반기가 2학기입니다.
나 홀로 회귀자 (518화/완결),비검문도 봤을 때도 납치를 너무 자주 해서 싫었는데 이 소설도 납치 어지간히 좋아하네.
나 홀로 회귀자 (518화/완결),비검문도 작가인가? 납치랑 비검 엄청 좋아하네.
나 홀로 회귀자 (518화/완결),"장요원이랑 현묵은 같은 반 친구 사이였는데 갑자기 오빠, 동생 관계로 바뀌네요.번역을 한사람이 아니고 여러명이서 하시는 건가요? 김지윤도 김지윤으로 불렀다가 김우빈으로 불렀다가 이름도 이랬다, 저랬다 부르고 임설경 인물 얘기는 강X 얘기가 나와서 그런지 몰라도 중간 얘기 쏙 빼버리고 번역 정말 별로네요."
나 홀로 회귀자 (518화/완결),김빈우가 김지윤 같은데요?중국어 번역 고생하는 건 알겠는데 이름을 이랬다 저랬다 안바꾸면 좋겠네요.
나 홀로 회귀자 (518화/완결),임설경이란 캐릭터가 갑자기 튀어나오네.
나 홀로 회귀자 (518화/완결),회귀했으면 지가 배운 천현도결 배우면되지 웬 뻘짓
나 홀로 회귀자 (518화/완결),선협 무협 현대 회귀 등 뭐가 재밌을지 몰라 다 넣어봤더니 끔찍한 혼종이 나와버렸내ㄷㄷ + 중국소설
나 홀로 회귀자 (518화/완결),매니지먼트가 중국번역 전문인거보면 이것도 ..
나 홀로 회귀자 (518화/완결),이거 왜 별점 10점임? 한 10년전 소설읽는 느낌인데?
나 홀로 회귀자 (518화/완결),국산품 아니지?
나 홀로 회귀자 (518화/완결),읽을수록 답답하네요
나 홀로 회귀자 (518화/완결),개쓰래기 이런말도 아깝다
나 홀로 회귀자 (518화/완결),재밌어요!
나 홀로 회귀자 (518화/완결),새삼느낀다 씨레기 이런 씨레기들이 널려있다는걸 에휴
나 홀로 회귀자 (518화/완결),중국 소설인듯ㅋㅋㅋ 꽌시 좀 그만 나왔으면...
나 홀로 회귀자 (518화/완결),현묵 무시->현묵 추종자 등장 무한 반복..
나 홀로 회귀자 (518화/완결),10편 연참 감사합니다.
나 홀로 회귀자 (518화/완결),"고등학교 고구마 스토리 끝나는가 싶더니 대학교 고구마 스토리가 남았군요.학생들 이름, 선생 이름, 대학 이름 일일이 언급하면서 기다려 하는 거 보니깐 벌써부터 고구마 한입 베어 문 거 같네요."
나 홀로 회귀자 (518화/완결),"공손영보다 채문아가 더 문제 같은데 이번에도 얼렁뚱땅 넘어가서 채문아한테 두번, 세번 당하는 고구마 스토리 없었으면 좋겠네요.사막 소문 누가 낸 건지 뻔한테 채문아 추정 못하면 현묵이 멍청한 거고 사막 소문 내고도 무사할 거라고 생각했다면 채문아도 멍청하네요."
나 홀로 회귀자 (518화/완결),이거웹툰판박이네;;;
나 홀로 회귀자 (518화/완결),진씨였어? 이거 진범이가 나오는 웹툰 원본소설이라해도 믿겠다
나 홀로 회귀자 (518화/완결),다시한번 최강신ㅅ..이 떠오르네
나 홀로 회귀자 (518화/완결),이 소설은 여자들이 너무 인성이 안좋네요.
나 홀로 회귀자 (518화/완결),"3화 마지막장(14,15) 내용이 똑같아요.... 무료라지만, 그러면 안되는 거 아닌가요???"
나 홀로 회귀자 (518화/완결),사이다 시작이네요.
나 홀로 회귀자 (518화/완결),이 소설 중국산이죠?
나 홀로 회귀자 (518화/완결),사이다 빨리 보고 싶네요.
나 홀로 회귀자 (518화/완결),"뻔한 삼일천하네요.현묵이 죽었다는 소문의 출처는 알아보지 않은채 소문만 믿고 무도종사가 공손가 재산 절반에 눈이 돌아서 같은 무도종사(현묵, 진송자)들을 칠 생각을 하는 게 멍청하다고 생각하네요."
나 홀로 회귀자 (518화/완결),"화신기 종사였던 현묵이 고작 응기 2, 3성이 쓰는 법기에 놀라는 게 이해가 안되네요."
나 홀로 회귀자 (518화/완결),왜구지감추기만하는지몰겠네여....모임장소에서기세한번씩쐐주면다들조용할껀데......
나 홀로 회귀자 (518화/완결),현묵이야 본인의 능력을 별개로 치더라도 표면적으로 수천억원대 미화 그룹 회장 아들인데 안가윤은 서민 가정이고 자기 엄마도 현묵한테 시집 보내서 팔짜 피려고 하는데 고작 얼굴 하나로 정원호한테 붙어서 모기짓 하면서 현묵한테는 뻔뻔하네요.
나 홀로 회귀자 (518화/완결),현실로 돌아왔으면 현실이 되어야지...과도한 설정이 피곤하게 만드네요...
나 홀로 회귀자 (518화/완결),최문웅한테 죽을뻔한 놈들 살려줬더니 답도 없네.
나 홀로 회귀자 (518화/완결),이거 중국소설 번안한 거죠?
나 홀로 회귀자 (518화/완결),현묵 실력도 있는데 그냥 제자들 데리고 자기 건드는 무도 가문 죄다 죽이면 좋겠네.
나 홀로 회귀자 (518화/완결),번역 진짜 또 이러네.김지윤을 김우빈으로 바꾸더니 노유리를 소낙리로 바꾸네. 번역 작가 여러명 쓰는 건 알겠는데 일관성 좀 있었으면 좋겠네요.
나 홀로 회귀자 (518화/완결),1억만 불러도 되는데 20억이나 부를 필요가 있나..
나 홀로 회귀자 (518화/완결),고3 마지막 학기네요.모르시는 분 계실까봐 설명드리면 중국 학교는 상반기가 2학기입니다.
나 홀로 회귀자 (518화/완결),비검문도 봤을 때도 납치를 너무 자주 해서 싫었는데 이 소설도 납치 어지간히 좋아하네.
나 홀로 회귀자 (518화/완결),비검문도 작가인가? 납치랑 비검 엄청 좋아하네.
나 홀로 회귀자 (518화/완결),"장요원이랑 현묵은 같은 반 친구 사이였는데 갑자기 오빠, 동생 관계로 바뀌네요.번역을 한사람이 아니고 여러명이서 하시는 건가요? 김지윤도 김지윤으로 불렀다가 김우빈으로 불렀다가 이름도 이랬다, 저랬다 부르고 임설경 인물 얘기는 강X 얘기가 나와서 그런지 몰라도 중간 얘기 쏙 빼버리고 번역 정말 별로네요."
나 홀로 회귀자 (518화/완결),김빈우가 김지윤 같은데요?중국어 번역 고생하는 건 알겠는데 이름을 이랬다 저랬다 안바꾸면 좋겠네요.
나 홀로 회귀자 (518화/완결),임설경이란 캐릭터가 갑자기 튀어나오네.
나 홀로 회귀자 (518화/완결),회귀했으면 지가 배운 천현도결 배우면되지 웬 뻘짓
나 홀로 회귀자 (518화/완결),선협 무협 현대 회귀 등 뭐가 재밌을지 몰라 다 넣어봤더니 끔찍한 혼종이 나와버렸내ㄷㄷ + 중국소설
나 홀로 회귀자 (518화/완결),매니지먼트가 중국번역 전문인거보면 이것도 ..
나 홀로 회귀자 (518화/완결),이거 왜 별점 10점임? 한 10년전 소설읽는 느낌인데?
나 홀로 회귀자 (518화/완결),국산품 아니지?
나 홀로 회귀자 (518화/완결),읽을수록 답답하네요
나 홀로 회귀자 (518화/완결),개쓰래기 이런말도 아깝다
나 홀로 회귀자 (518화/완결),재밌어요!
나 홀로 회귀자 (518화/완결),새삼느낀다 씨레기 이런 씨레기들이 널려있다는걸 에휴
