titles,comments
심호흡 (44화/완결),처음은 좋았으나 회차가 갈수록 이상적인 대답들로 다소 재미기 떨어지네요 한번쯤 읽어 봄직한 글인것 같아요
황녀는 입이 무거워야 합니다 (125화/완결),눈새꽃밭여주 취향이 아니긴한데 일단 좀더 볼게요
황녀는 입이 무거워야 합니다 (125화/완결),환경이 온실의 화초일수밖에 없었다지만이렇게 완벽하게 자신만의 세상에서. 착각하고 오해하고 다른 스토리를 짤수가있나...45회까지...ㅜㅜ
황녀는 입이 무거워야 합니다 (125화/완결),하 비밀이라는데 왜저래 ㅡㅡ
황녀는 입이 무거워야 합니다 (125화/완결),귀여운데 막 유치하진 않고 재밌네요
황녀는 입이 무거워야 합니다 (125화/완결),여주 정말 초반에 귀여웠는데 뒤로 갈수록 얘가 어디가 사랑스럽다는지 모르겠음.
황녀는 입이 무거워야 합니다 (125화/완결),회빙환은 아니라 좋은데 여주가 눈새에 착각계네요ㅋㅋㅋㅋ
황녀는 입이 무거워야 합니다 (125화/완결),뭐이런 서로 ㅈ소통이 안돼ㅡㅡ이걸어쩐데
황녀는 입이 무거워야 합니다 (125화/완결),아하ᆢ 오해와 오해가 얽히는군요. ㅋㅋ
황녀는 입이 무거워야 합니다 (125화/완결),제가 읽어보고 후기 쪄올게용~💞💞
사마외도 (176화/완결),태규작가님을 정말정말 좋아하는 팬입니다. 태규작가님께서 몇년전 교통사고를 당하셨다고 알고있습니다. 아마 그 때문에 작품에 어느정도 영향을 주지 않았을까 추측해봅니다.
사마외도 (176화/완결),아니 근데 이거 2부나와야하는거 아니에오?
사마외도 (176화/완결),"이 사람 소설은 왜 하나같이 죄다 잡설이 많어... 예로 ""난 너를 죽인다."" ""아니 죽일까?"" ""죽여야한다."" ""왜 죽여야하지?"" ""아플까?"" 뭐 이런 잡소리로 한페이지들이 넘어가;;"
사마외도 (176화/완결),먼내용인데? 첨에 마교에 있더만 갑자기 엉뚱한데 있네 과거 회상씬이면 회상씬인걸 나타내주던가. 드럽게 헷갈리게 쓰네
사마외도 (176화/완결),느구든지 볼수잇는 무협이나니라 지신인이나 고상한 학자들만이해 할수잇는 무협인것같아요 작가님 모든 사람이 재미잇게버거 이해할수잇게 써주시면 감사하겟읍니다
사마외도 (176화/완결),태규 작가가 쓴거 맞음? 천마재생 천년마도 두갠 띵작인데 이건 대체 ;;;
사마외도 (176화/완결),동감 뭔가 시끌벅적 하게 뭘 하고는 있는데 신나지 않는 느낌 이상하게 잘 안 읽히네요
사마외도 (176화/완결),재미 없네
사마외도 (176화/완결),오 태규 작가님 신작인가요? 달립니다!
