titles,comments
경이로운 회귀투수 (213화/완결),아무리 무료라지만 진심 쓸애기같다
경이로운 회귀투수 (213화/완결),제발 메이저 가기를 ㅜㅜ
경이로운 회귀투수 (213화/완결),12억 46평 부럽네
경이로운 회귀투수 (213화/완결),그거 안뛰면 죽어 ....
경이로운 회귀투수 (213화/완결),클린봇이 부적절한 표현을 감지한 댓글입니다.
경이로운 회귀투수 (213화/완결),뭐야 외전을 여서 끊으면 어카자고ㅋㅋㅋ
경이로운 회귀투수 (213화/완결),양반걸음 자아성찰 ㅋㅋㅋㅋ
경이로운 회귀투수 (213화/완결),2부 주세요. 2부! 2부가 필요합니다!!
경이로운 회귀투수 (213화/완결),막강 베스트라인업!
경이로운 회귀투수 (213화/완결),ㅋㅋㅋㅋㅋㅋㅋㅋ 지못미 아이돌...
경이로운 회귀투수 (213화/완결),ㅋㅋㅋㅋㅋ 귀엽다 귀여워..
경이로운 회귀투수 (213화/완결),ㅋㅋㅋㅋ
경이로운 회귀투수 (213화/완결),ㅋㅋㅋㅋㅋㅋㅋㅋ
경이로운 회귀투수 (213화/완결),하긴 KBO에서 저런 괴물들이 한팀에 모인 건 좀 많이 반칙이지..
경이로운 회귀투수 (213화/완결),ㅋㅋㅋㅋㅋㅋㅋㅋ 남현이 웃겨...
경이로운 회귀투수 (213화/완결),벤클 포상휴갘ㅋㅋㅋㅋㅋㅋ
경이로운 회귀투수 (213화/완결),미친ㅋㅋㅋㅋㅋㅋㅋㅋㅋㅋㅋㅋㅋㅋㅋㅋㅋㅋㅋ
경이로운 회귀투수 (213화/완결),ㅋㅋㅋㅋㅋㅋㅋㅋㅋㅋㅋ개웃곀ㅋㅋㅋㅆ
경이로운 회귀투수 (213화/완결),조지이자 십쌕조이자 십팔쌕조이자 꼴통인건가...
경이로운 회귀투수 (213화/완결),일격에 악어턱을 부술수 있지
경이로운 회귀투수 (213화/완결),ㆍㅁ ᆢ
경이로운 회귀투수 (213화/완결),푸홀스?
경이로운 회귀투수 (213화/완결),사 ㅋㅋ 모든게 투자
경이로운 회귀투수 (213화/완결),양의지 뱃살 아니었음 ㅈ될뻔한거 생각하니까 저런애 하나쯤 있었음 조케따
경이로운 회귀투수 (213화/완결),마지막 순간을 기다려 주지 않죠.. 언제나.. 누구나..
경이로운 회귀투수 (213화/완결),옳으다.. ㅋㅋ 내년 픽으로
경이로운 회귀투수 (213화/완결),솔직히 작가님 학교다닐때 성창일이란 애가 괴롭힌 적 있죠?
경이로운 회귀투수 (213화/완결),ㅋㅋㅋㅋㅋㅋㅋ폭탄
경이로운 회귀투수 (213화/완결),전개가 맘에 듭니다 ㅋ
경이로운 회귀투수 (213화/완결),아ㅋㅋㅋㅋㅋ16살에 라면은 에바지ㅋㅋㅋㅋㅋ
경이로운 회귀투수 (213화/완결),투명드래곤ㅋㅋㅋㅋㅋㅋ개추억돋는다
경이로운 회귀투수 (213화/완결),ㅋㄱㅋㄱㅋㄱㅋ완봉하면 동생 보여준다했나
경이로운 회귀투수 (213화/완결),아끼던 팬티였는데...
경이로운 회귀투수 (213화/완결),가슴이 웅장해지다 모골이 송연해졌다...
경이로운 회귀투수 (213화/완결),와...형아 멋있다.....:
경이로운 회귀투수 (213화/완결),알아서 했겠지
경이로운 회귀투수 (213화/완결),클린봇이 부적절한 표현을 감지한 댓글입니다.
경이로운 회귀투수 (213화/완결),클린봇이 부적절한 표현을 감지한 댓글입니다.
경이로운 회귀투수 (213화/완결),에라이 쓰레기ㅋㅋㅋㅋㅋㅋ
경이로운 회귀투수 (213화/완결),ㅋㅋㅋ 서머프들 개불쌍...하지만 각성해서 60홈런을 때려버려서 한유신 멘붕온다
경이로운 회귀투수 (213화/완결),성창일 다저스 가서 풀각성 하면 꿀잼..ㅋㅋ유신이 맨붕
경이로운 회귀투수 (213화/완결),계약금 받은걸로 투자하거나 땅사면 되자너 편하게 돈번다고 메쟈도 안갓으면서 쯧쯧
경이로운 회귀투수 (213화/완결),청백전 1회에 공갯수가 9개가 아니라 10개임니돠
경이로운 회귀투수 (213화/완결),유신아.내 이래 마이 야구소설 읽엇지만 자이언츠에 근접한 투수는 니가 첨이다 아이가. 꼭 자이언츠가가 우승함 해주고 메쟈 가믄 안되긋낭?옹야? 유신아.마.단디하쟈.알긋재.
경이로운 회귀투수 (213화/완결),약빤 소설이네.. 호불호가 많이 나뉠거 같아요. 필력은 좋은데 전개가 사납네요. 제평점은 7.99
경이로운 회귀투수 (213화/완결),암만 봐도 그냥 메리수 캐릭터…작가 필력은 좋아서 보긴 하는데 볼수록 너무 과함
경이로운 회귀투수 (213화/완결),아무리 판타지라도 이건 아닌가 같다..글이 뭔지 모르게 재미가 없다..
경이로운 회귀투수 (213화/완결),의외로 재밌어요
경이로운 회귀투수 (213화/완결),어휴 이제와서 투수하면 어깨가 활어겠네
경이로운 회귀투수 (213화/완결),시리즈에서 시작!
경이로운 회귀투수 (213화/완결),창일이 메쟈에서 먹튀하게 하지마ㅠㅠ
경이로운 회귀투수 (213화/완결),강크라이..
경이로운 회귀투수 (213화/완결),우와아아아아아!
경이로운 회귀투수 (213화/완결),우호오오오오오!
경이로운 회귀투수 (213화/완결),굿굿굿!
경이로운 회귀투수 (213화/완결),흐름 잘끈어주네
경이로운 회귀투수 (213화/완결),짱깨들한테는 격투해도 오케이
경이로운 회귀투수 (213화/완결),아니 한화를 벤클로 채우네...ㅋㅋㅋㅋㅋㅋㅋㅋㅋ
경이로운 회귀투수 (213화/완결),주입식 교육 웃기네 ㅋㅋㅋㅋㅋ
경이로운 회귀투수 (213화/완결),한국축구..월드컵 나가지도 못했대ㅠㅠㅠㅠ
경이로운 회귀투수 (213화/완결),만 18 실화?
경이로운 회귀투수 (213화/완결),ㅋㅋㅋㅋㅋㅋㅋㅋ격ㄱ투깈ㅋㅋ
경이로운 회귀투수 (213화/완결),안태수가 매지션드 1군에세 수비이닝을 104이닝을 수비했다고 하는데 어떻게 데빌스에서만 15년을 뛰었다고 글을 쓰셨죠?
경이로운 회귀투수 (213화/완결),이제까지 본 도입편중에서 제일 짧았다.허...이걸 봐야하나 말아야하나?
경이로운 회귀투수 (213화/완결),욕 먹을라고 몇줄짜리 한편인건가
경이로운 회귀투수 (213화/완결),타이탄스랑 블래캣츠 모두 부산이 연고지인가? 구장은 다르고?
경이로운 회귀투수 (213화/완결),ㅋㅋㅋ 이게 야구냐?
경이로운 회귀투수 (213화/완결),ㅋㅋ 음성지원
경이로운 회귀투수 (213화/완결),근데 저러다 죄다 블랙캣츠 가면 논란 좀 아니 많이 일어날듯
경이로운 회귀투수 (213화/완결),예리한데?
경이로운 회귀투수 (213화/완결),저정도능력의 포수가 34은퇴..과거지만 아깝다
경이로운 회귀투수 (213화/완결),"개인의 취향문제겠지만, 초반부에 약간 진입장벽이 있는건지 작품의 질에 비해 조회수가 살짝 덜 나오는 편이긴 하지만 괜찮은 야구물임"
경이로운 회귀투수 (213화/완결),스포츠물 위주로 읽는 독자입장에서 문피아에서 꾸준히 따라가고 있는 정말 재밌게 보고 있는 작품입니다. 문피아에서도 좋은 조회수를 보이고 있기도 하고.. 주인공이 완전 야구 먼치킨인데 그것에 대한 거부감만 없다면 재밌게 읽으실겁니다. 다른 야구물들에 비해 일상 비중이 높은데 그쪽도 굉장히 재밌고 작가님 필력이 일단 좋습니다!
경이로운 회귀투수 (213화/완결),주리가 남다가 정확히 무슨 뜻이지? ㅜㅜ
경이로운 회귀투수 (213화/완결),부상은 어쩌다 생긴거지? 내구력이 좋고 보상금도 받았다는 거 보면 사고같은 걸 당한것 같은데
경이로운 회귀투수 (213화/완결),6남매??
경이로운 회귀투수 (213화/완결),와 역시 짱깨
경이로운 회귀투수 (213화/완결),야구 소설치고 잼없당
경이로운 회귀투수 (213화/완결),출발
경이로운 회귀투수 (213화/완결),벤클 포상휴갘ㅋㅋㅋㅋㅋㅋ
경이로운 회귀투수 (213화/완결),미친ㅋㅋㅋㅋㅋㅋㅋㅋㅋㅋㅋㅋㅋㅋㅋㅋㅋㅋㅋ
경이로운 회귀투수 (213화/완결),ㅋㅋㅋㅋㅋㅋㅋㅋㅋㅋㅋ개웃곀ㅋㅋㅋㅆ
경이로운 회귀투수 (213화/완결),조지이자 십쌕조이자 십팔쌕조이자 꼴통인건가...
경이로운 회귀투수 (213화/완결),일격에 악어턱을 부술수 있지
경이로운 회귀투수 (213화/완결),ㆍㅁ ᆢ
경이로운 회귀투수 (213화/완결),푸홀스?
경이로운 회귀투수 (213화/완결),사 ㅋㅋ 모든게 투자
경이로운 회귀투수 (213화/완결),양의지 뱃살 아니었음 ㅈ될뻔한거 생각하니까 저런애 하나쯤 있었음 조케따
경이로운 회귀투수 (213화/완결),마지막 순간을 기다려 주지 않죠.. 언제나.. 누구나..
경이로운 회귀투수 (213화/완결),옳으다.. ㅋㅋ 내년 픽으로
경이로운 회귀투수 (213화/완결),솔직히 작가님 학교다닐때 성창일이란 애가 괴롭힌 적 있죠?
경이로운 회귀투수 (213화/완결),ㅋㅋㅋㅋㅋㅋㅋ폭탄
경이로운 회귀투수 (213화/완결),전개가 맘에 듭니다 ㅋ
경이로운 회귀투수 (213화/완결),아ㅋㅋㅋㅋㅋ16살에 라면은 에바지ㅋㅋㅋㅋㅋ
경이로운 회귀투수 (213화/완결),암만 봐도 그냥 메리수 캐릭터…작가 필력은 좋아서 보긴 하는데 볼수록 너무 과함
경이로운 회귀투수 (213화/완결),아무리 판타지라도 이건 아닌가 같다..글이 뭔지 모르게 재미가 없다..
경이로운 회귀투수 (213화/완결),의외로 재밌어요
경이로운 회귀투수 (213화/완결),어휴 이제와서 투수하면 어깨가 활어겠네
경이로운 회귀투수 (213화/완결),시리즈에서 시작!
경이로운 회귀투수 (213화/완결),창일이 메쟈에서 먹튀하게 하지마ㅠㅠ
경이로운 회귀투수 (213화/완결),강크라이..
경이로운 회귀투수 (213화/완결),우와아아아아아!
경이로운 회귀투수 (213화/완결),우호오오오오오!
경이로운 회귀투수 (213화/완결),굿굿굿!
경이로운 회귀투수 (213화/완결),흐름 잘끈어주네
경이로운 회귀투수 (213화/완결),짱깨들한테는 격투해도 오케이
경이로운 회귀투수 (213화/완결),아니 한화를 벤클로 채우네...ㅋㅋㅋㅋㅋㅋㅋㅋㅋ
경이로운 회귀투수 (213화/완결),주입식 교육 웃기네 ㅋㅋㅋㅋㅋ
경이로운 회귀투수 (213화/완결),한국축구..월드컵 나가지도 못했대ㅠㅠㅠㅠ
경이로운 회귀투수 (213화/완결),만 18 실화?
경이로운 회귀투수 (213화/완결),ㅋㅋㅋㅋㅋㅋㅋㅋ격ㄱ투깈ㅋㅋ
경이로운 회귀투수 (213화/완결),안태수가 매지션드 1군에세 수비이닝을 104이닝을 수비했다고 하는데 어떻게 데빌스에서만 15년을 뛰었다고 글을 쓰셨죠?
경이로운 회귀투수 (213화/완결),이제까지 본 도입편중에서 제일 짧았다.허...이걸 봐야하나 말아야하나?
경이로운 회귀투수 (213화/완결),욕 먹을라고 몇줄짜리 한편인건가
경이로운 회귀투수 (213화/완결),타이탄스랑 블래캣츠 모두 부산이 연고지인가? 구장은 다르고?
경이로운 회귀투수 (213화/완결),ㅋㅋㅋ 이게 야구냐?
경이로운 회귀투수 (213화/완결),ㅋㅋ 음성지원
경이로운 회귀투수 (213화/완결),근데 저러다 죄다 블랙캣츠 가면 논란 좀 아니 많이 일어날듯
경이로운 회귀투수 (213화/완결),예리한데?
경이로운 회귀투수 (213화/완결),저정도능력의 포수가 34은퇴..과거지만 아깝다
경이로운 회귀투수 (213화/완결),"개인의 취향문제겠지만, 초반부에 약간 진입장벽이 있는건지 작품의 질에 비해 조회수가 살짝 덜 나오는 편이긴 하지만 괜찮은 야구물임"
경이로운 회귀투수 (213화/완결),스포츠물 위주로 읽는 독자입장에서 문피아에서 꾸준히 따라가고 있는 정말 재밌게 보고 있는 작품입니다. 문피아에서도 좋은 조회수를 보이고 있기도 하고.. 주인공이 완전 야구 먼치킨인데 그것에 대한 거부감만 없다면 재밌게 읽으실겁니다. 다른 야구물들에 비해 일상 비중이 높은데 그쪽도 굉장히 재밌고 작가님 필력이 일단 좋습니다!
경이로운 회귀투수 (213화/완결),주리가 남다가 정확히 무슨 뜻이지? ㅜㅜ
경이로운 회귀투수 (213화/완결),부상은 어쩌다 생긴거지? 내구력이 좋고 보상금도 받았다는 거 보면 사고같은 걸 당한것 같은데
경이로운 회귀투수 (213화/완결),6남매??
경이로운 회귀투수 (213화/완결),와 역시 짱깨
경이로운 회귀투수 (213화/완결),야구 소설치고 잼없당
경이로운 회귀투수 (213화/완결),출발
