titles,comments
신마대전 (321화/완결),2기좀요~~~
신마대전 (321화/완결),중복
신마대전 (321화/완결),중복됨. 같은 내용 2번 나옴
신마대전 (321화/완결),"예전에봤던건데 NEW가 뜨네,,,,벌써 몇년전이구만,,"
신마대전 (321화/완결),와이거 ㅋㅋㅋㅋㅋㅋㅋㅋ몇년전꺼인데 여기서이걸보네
신마대전 (321화/완결),출발
최종 보스의 애인이라니 오해입니다 [단행본] (6권/완결),존잼🔥
최종 보스의 애인이라니 오해입니다 [단행본] (6권/완결),흑기사랑 폭군이 인류의 유일한 희망이야?세상에 말세네ㅋㅋㅋㅋ
최종 보스의 애인이라니 오해입니다 [단행본] (6권/완결),어느새 자각했구나ㅋㅋㅋ
최종 보스의 애인이라니 오해입니다 [단행본] (6권/완결),파비안 진짜 자기 무덤 파고 관까지 짜넣었네요ㅋㅋ;
최종 보스의 애인이라니 오해입니다 [단행본] (6권/완결),아 개재밌다...
최종 보스의 애인이라니 오해입니다 [단행본] (6권/완결),마이어 졸귀ㅜㅜㅜㅜ
최종 보스의 애인이라니 오해입니다 [단행본] (6권/완결),파비안은 최고의 카드를 버린거지.자만했어.멍멍이쑤레기.ㅋ
최종 보스의 애인이라니 오해입니다 [단행본] (6권/완결),3권 읽다가 배신용사 재회씬보고 통쾌해서 댓글달러옴.현재까진 쿠키가 아깝진 않아...더읽어보고 댓글 달 예정ㅎㅎ 재미있음.
최종 보스의 애인이라니 오해입니다 [단행본] (6권/완결),곰같고 질투많은 남주 최고.. 너무 재밌었어요ㅠㅠ
총애의 밤 (100화/완결),ㅡ드ㅡㅡㅡ dl9
총애의 밤 (100화/완결),참 공주도...
총애의 밤 (100화/완결),외전부분만2번 읽어는데 잼있어요~특외전 더 주세요 ~~~~~~~~~~~~~~~~
총애의 밤 (100화/완결),스토리는 살짝 엉성한 부분이 없잖아 있지만... 그래도 잼나게 잘보앗네요~(개취)잼나게 보고 갑니다 ^^♡볼만함
총애의 밤 (100화/완결),음 나쁘지 않아요 잘 봤습니다
총애의 밤 (100화/완결),잘 봤습니다.
회귀한 삼류무사가 사는 법 [단행본] (7권/완결),장말 농락당한 느낌이네요. 끝까지 본 것을 많이 아주 많이 후회하게 됩니다. 네이버도 반성을 점 해야 하는 것이 아닌가요?
회귀한 삼류무사가 사는 법 [단행본] (7권/완결),어처구니 없네요. 결말이 어찌되나 꾹 참고 결제한 사람 호구만드는....이 작품 계속 놔두실 겁니까?
풍마질풍 [단행본] (8권/완결),다사다난..
왕진환수의사 다이애나 코벳 (131화/완결),어울림 출판사는 믿고 거른다
왕진환수의사 다이애나 코벳 (131화/완결),보면서 내내 짠했습니다... 힐링물 치유물 쪽으로 생각하며 읽었는데 꼭 읽어보세요
왕진환수의사 다이애나 코벳 (131화/완결),제목누가지었냐? 사 자를빼야지 제목더럽게길어보인다
왕진환수의사 다이애나 코벳 (131화/완결),출발만 하지말고 도착도 해주세요
왕진환수의사 다이애나 코벳 (131화/완결),출발
인어와 함께 춤을 (148화/완결),재밌어요 ㅋㅋㅋ 쿠키지르러갑니다
인어와 함께 춤을 (148화/완결),물거품으로 사라지지않기를..제발 해피엔딩이기를!!
인어와 함께 춤을 (148화/완결),"재밌었어요. 감사해요, 작가님"
인어와 함께 춤을 (148화/완결),몽환적이고 잔혹하고 흥롭다는 말에 동의. 재밌어요... 정신없이 읽었네요.
인어와 함께 춤을 (148화/완결),표지처럼 몽환적이고 잔혹하고 흥미로운 소설. 초반엔 단순히 동화 인어공주 리메이크한 몽글몽글한 로판인줄 알았는데 갈수록 뭔가 피폐해지는.. 로판에서 판타지 비중이 좀 많은 이런 느낌의 소설 너무 취향이라 재밌게 봤습니다.
