titles,comments
신청곡 (15화/완결),한 회 한 회 끝나가는게 너무너무 아쉬웠습니다ㅜㅠ너무 따숩고 예쁜 이야기였어요!! 외전 주시면 안되나요 작가님...
신청곡 (15화/완결),작가님 최고 다정해서 너무 좋아요
신청곡 (15화/완결),ㅠㅠㅠㅠ눈물 날라 그래요 유폴히 작가님 글은 정말 좋네요. 이 소설을 사두고 잠시 잊고 살다가 갑자기 이 새벽에 이 글이 읽고 싶어서 찾아왔는데 정말 행복해졌어요 감사해요 잘 읽었습니다 작가님
신청곡 (15화/완결),와... 후기까지 완벽해요 ㅠㅠ마지막 멘트... 코끗이 찡해지네요...ㅠ 모두 지치지도 말고 너무 힘들어하지고 말고... 다음 책에서 만나요... ㅠㅠ
신청곡 (15화/완결),두 사람의 이름과 소제목이.... :)
신청곡 (15화/완결),이렇게 짧은글안에 아련함 설렘 슬픔 그리움 그리고 라디오들며잠들던 내 추억까지 담을 수있다니 ... ㅠㅠ 최고로 가치있게쓴 1500원이었습니당ㅎㅎ
신청곡 (15화/완결),여러분! 이 소설은 꼭 읽으셔야합니다! 쿠키가 아깝지 않음을 제가 손가락 걸고 보장합니다!
신청곡 (15화/완결),꿈이라는건가요?
신청곡 (15화/완결),영화같은 이야기예요 너무 사랑스러워서 마음이 다 시리네요 댓글 처음 남겨보는데 이런 아름다운 이야기를 들려주신 작가님 정말 감사해요.
신청곡 (15화/완결),읽으면서 이소라의 신청곡이 맴돌았는데 작가님 후기글 읽고 놀랐네요~^^짧은 단막극을 본거같아요~ 좋은 시간이었어요~
신청곡 (15화/완결),저도 읽씹 왕자 보고 찾아왔어요 따뜻한 이야기 감사합니다 작가님!
신청곡 (15화/완결),어떡해 너무 좋아.!!!
신청곡 (15화/완결),답장을 주세요 왕자님 읽고 작가님 작품 찾아서 본 건데 짧지만 큰 울림을 주는 글이었어요 4년 만에 만난 두 사람이 헤어짐 없이 행복했으면 좋겠네요. 작가님 글은 자극적이지 않고 따뜻함이 느껴져요. 내년에도 자주 뵐 수 있었으면 좋겠습니다.
신청곡 (15화/완결),"작가님 정말 잘 읽었어요ㅠㅠ 답장을 주세요로 처음 알게되었는데 어느 배경이든, 어떤 주인공이든 작가님만의 부드럽고 조곤조곤한 문체와 서정적인 내용에 마음의 위로를 받는 느낌이었어요. 신청곡도 너무 잘 봤어요 현실과 환상 그 어딘가를 유람했네요 ㅎㅎ 항상 좋은 글 감사드리고 건강 조심하시구 건필하세요!!"
신청곡 (15화/완결),"아,,ㅠㅠ"
오크제국건설기 [단행본] (10권/완결),잼나네
오크제국건설기 [단행본] (10권/완결),...
오크제국건설기 [단행본] (10권/완결),가격이 이해가 안되네 220편 짜리가 왜 2만7천원이 된거지??
오크제국건설기 [단행본] (10권/완결),2
오크제국건설기 [단행본] (10권/완결),오호 1등
"한번 해요, 선생님 [단행본] (2권/완결)",내용이.. 그닥 ....선생님은 너무 튕기시고...내용도 반복되는 느낌이에요ㅡㅡ;;;
매직 스트라이크 (151화/완결),배트에 공맞는소리 까앙~에서 하차요 고교야구도 나무배트쓰는데 프로에서 까앙?까앙?
매직 스트라이크 (151화/완결),도도천사님지금 시대가 어느시대인데 아직도 라떼는 말이야 를 찾습니까 ?? 쉰내가 아니라 군둥네가 나네 ;;
매직 스트라이크 (151화/완결),아래 밤비라는 사람은 어디 아프리카 기아 난민 출신인가??
매직 스트라이크 (151화/완결),요즘군대 소설보다 좋아요 ㅋ
매직 스트라이크 (151화/완결),우리 강타는 메이저 가자~
매직 스트라이크 (151화/완결),메이저리그아닌 2~3류인 KBO라 ... 읽기가 싫어지기시작한다는 ㅋ
매직 스트라이크 (151화/완결),이번화에선 주인공이 억지부리는거같아서불편함
매직 스트라이크 (151화/완결),소설은 소설이네 무슨 군대가 군대가아니네이런군대가 세상천지에 있을까? 80년대 군생활어휴 끔찍해
매직 스트라이크 (151화/완결),슬러거일수도..
매직 스트라이크 (151화/완결),168에 72면 돼지 아님?;;;;;
매직 스트라이크 (151화/완결),간다~~ 산으로
매직 스트라이크 (151화/완결),ㅎㅏ~ 진짜 도깨비랑 같이 산다는 설정.....에효
매직 스트라이크 (151화/완결),뭔 이제 막 투수 시작한게 똥고집이네 그렇다고 다 씹어먹을 능력인것도 아니고 투수에게 자존심 책임감 자부심 중요하다곤 하지만 고구마 경향이 있네요
매직 스트라이크 (151화/완결),"그래서 하고자 하는 내용이 뭔데? 성장을 보여주고 싶으면 기승전결있개 보여주던가, 슈욱, 탁, 그래 한타자만 끝. 뭐하자는거냐"
매직 스트라이크 (151화/완결),배트 부러졋는데 포수미트에 박힌다?? 물리적으로 가능하다고 이렇게 글쓰나??
유물 속 아이템 사냥 (200화/완결),저늠 첨부터 거지 같더니 살려주니 적반하장일세.첨부터 기분 나빠
유물 속 아이템 사냥 (200화/완결),웃긴 여자네.지가 잡은것도 아닌데 다챙기냐
유물 속 아이템 사냥 (200화/완결),헌터가 기절할 정도는 아닌데
유물 속 아이템 사냥 (200화/완결),재미있게 보고 있어요아이디어가 좋습니다
유물 속 아이템 사냥 (200화/완결),새벽 6시는 이해가 되는데 밤 2시는 몇시인거지?
유물 속 아이템 사냥 (200화/완결),8화까지봤는데 역사학도인거랑 유물에서 카드나오는거랑 무슨상관인지 정말 모르겠네요;; 나중되면 유물관련 능력카드가 나오려나요..??
유물 속 아이템 사냥 (200화/완결),카드왕? ㅋ
유물 속 아이템 사냥 (200화/완결),클린봇이 부적절한 표현을 감지한 댓글입니다.
유물 속 아이템 사냥 (200화/완결),"마력이나 념 때문에 유물에 아이템이 생기는듯 하다는둥 그냥 쉽게 가는게 전 갠적으로 좋을 듯... 원효,허준이 법사란것 보다는"
유물 속 아이템 사냥 (200화/완결),노잼
유물 속 아이템 사냥 (200화/완결),싸가지 진짜 없네 그냥 사지절단 하고 들개들 한테 줘 버려라
유물 속 아이템 사냥 (200화/완결),클린봇이 부적절한 표현을 감지한 댓글입니다.
유물 속 아이템 사냥 (200화/완결),흠 크기가 코끼리만한데 튀어나온 송곳니가 손가락만?!?!?
유물 속 아이템 사냥 (200화/완결),이미 최면 얻을때 6레벨 찍은거 아니었나?? 왜 지금 다시 찍음?
유물 속 아이템 사냥 (200화/완결),클린봇이 부적절한 표현을 감지한 댓글입니다.
남화협객(南華俠客) (200화/완결),앞에서도 그렇고 왜 지객관에서 자는가? 시정에 나가 객잔에서 자고 낮에 드나는게 낫지 야행으로 몰래 조사하기 위한 게 아니라면
남화협객(南華俠客) (200화/완결),"이상하네요. 이소도 그렇고 섭진우, 장준 등도 왜 위지환을 그렇게 무시하지요? 대형이고 가주?라고 할 윗사람이 함께 있는 데도 뭐든 자기들 내키는 대로 결정하고 실행해? 저질러 버리는 거지요?"
남화협객(南華俠客) (200화/완결),읽으면서 여러가지 전개를 짐작해보게 하는군요
남화협객(南華俠客) (200화/완결),"의외의 헛점? 위지한 일행이 무공이 고강해서 침습자들을 물리치는 거야 전지적 독자시점에서 충분히 예견 가능해요. 그러나 무왕보에서 이를 알 리 없다고 보이는데, 이 셋을 위한 어떤 보호조치도 없었다는 것!"
남화협객(南華俠客) (200화/완결),혈투가 벌어지고 사상자가 생기면 검천부의 흑심이 여지없이 발동되겠지요. 그러나 지자들에 의해 다툼이 없어지면 검천부가 과연 에이 헛수고했네 하며 물러설까요?
남화협객(南華俠客) (200화/완결),권으로 읽지 않고 일 화씩 읽어서 그런지 뭔가 지루해지네요
남화협객(南華俠客) (200화/완결),협객의 처지가 참으로 난감하겠군. 어떻게 풀어가시는고ᆢ
남화협객(南華俠客) (200화/완결),구양때문에 이게 무슨일이야 대체 열받네 뇌가없나
남화협객(南華俠客) (200화/완결),정통 대하극을 본 느낌입니다
남화협객(南華俠客) (200화/완결),쥔공 본인은 자방 제자라고 말하고 다녀야하지 않을까요?난 스승님이라 여기지만 사승관계는 허락받지 못했다->친한데 마도는 아니도 라고 한발 빼는걸로 보이는데 차라리 쥔공은 난 자방 제자다 하다가 곤란한 시점에서 곽누구냐 걔가 나타나 실제론 제자아님 하는게 쥔공 캐릭터에 맞지않나 싶네요 굳이 맘속스승이란 핑계로 면죄부 주다가 한발 빼놓고 꼬리자를 준비하고 있다 라는 이미지를 줄 수도 있지않을까 싶습니다
남화협객(南華俠客) (200화/완결),무왕보를 공격하려는 인물이 실재로도 있을까하다가 실재로는 더 많을 것이라고 생각됩니다. 저 자신조차도 크게 다르지 않을겁니다. 양보하는 사람이나 상대적 약자로 보면 공격하거나 공격적인 말을 내뱉는 사람이 많죠.검천부를 건드리지 못해 무왕보를 어찌해보려는 사람들이 대의만 찾는다는 것이 좀 씁쓸하네요
남화협객(南華俠客) (200화/완결),동자공 . . . ?
남화협객(南華俠客) (200화/완결),재미있게 잘 보았습니다!
남화협객(南華俠客) (200화/완결),중걸 소설은 거거서 거기 항상 비슷한 내용
남화협객(南華俠客) (200화/완결),서민을 위한다는 명분으로 권력을 이용해서 세금 부과하고 정당성 확보도 하고 합법적인 틀 안에서 사유재산 뜯어가기.. 전형적인 공산주의 전략이네요
남화협객(南華俠客) (200화/완결),묘족이 마교라니... 신박한 배경이긴 한데 이질적이네 ㄷㄷㄷㄷ
남화협객(南華俠客) (200화/완결),"단가를 올리더라도 1회차 분량을 현재의 2배정도로 해주셨으면... 몇장 넘기면 벌써 마지막 장이니 . 언제나 믿고 보는 중걸님의 작품, 무협작가중 단연 발군입니다. 강추 !"
남화협객(南華俠客) (200화/완결),아직까지는 색다른 구성! 재밌습니다.
남화협객(南華俠客) (200화/완결),반허와 이양..끼리끼리네
남화협객(南華俠客) (200화/완결),사이다 좋아요~
남화협객(南華俠客) (200화/완결),반허.역시나네
남화협객(南華俠客) (200화/완결),너무 재미있네요
남화협객(南華俠客) (200화/완결),주용이 황제 쪽에서 위지환을 떠보려고 보낸 사람이로구나~~~
남화협객(南華俠客) (200화/완결),"실제 역사책을 읽는 느낌입니다.맞춤법 안 맞는 부분이 드문드문하지만 교정의 문제일 뿐이고, 참 대단한 소설입니다."
남화협객(南華俠客) (200화/완결),전쟁중에 설명 참 길게도한다
남화협객(南華俠客) (200화/완결),가짜 같은데~~혹시 영락제가 위지환을 떠보려고 보낸사람아닌가?
남화협객(南華俠客) (200화/완결),다 좋은데 너무 짧습니다. 분량이 심히 짧아요ㅜ
남화협객(南華俠客) (200화/완결),굿
남화협객(南華俠客) (200화/완결),첨에는 별로였는데 이쯤오니 엄청 재밋네요. 여주 지략이 너무 대단합니다
남화협객(南華俠客) (200화/완결),설마 동자공은 아니겠지..?
남화협객(南華俠客) (200화/완결),오랫만 입니다. 작가님!건승하세요!
남화협객(南華俠客) (200화/완결),오랜만에 뵙습니다 건강하신지요 신무협의 대가이신 선생님의 새로운 작품을 보게되어 정말 기쁨니다 도서로도 출 간부탁드립니다
남화협객(南華俠客) (200화/완결),항상 좋은글에 감사
남화협객(南華俠客) (200화/완결),중걸님 작품 뜸했네요 기다렸습니다
남화협객(南華俠客) (200화/완결),기다렸습니다
남화협객(南華俠客) (200화/완결),무협지인지 삼국지인지...
환생한 S급 테니스 스타 (151화/완결),클린봇이 부적절한 표현을 감지한 댓글입니다.
환생한 S급 테니스 스타 (151화/완결),힝기스인가?
환생한 S급 테니스 스타 (151화/완결),재미난다
환생한 S급 테니스 스타 (151화/완결),ㅋㄲㅋㄱ
환생한 S급 테니스 스타 (151화/완결),클린봇이 부적절한 표현을 감지한 댓글입니다.
환생한 S급 테니스 스타 (151화/완결),외전 내주세요 다미 이야기도 보고싶고 소연이랑 다미랑 같이 지내는 얘기도 보고싶고 ㅠㅠ
환생한 S급 테니스 스타 (151화/완결),3대0으로 제압했다고 나오는데 2대3 인걸 잘못쓰신거같아요~~
환생한 S급 테니스 스타 (151화/완결),외전 외전 외전 ㅠㅠ
환생한 S급 테니스 스타 (151화/완결),다시 돌아가서 뭔가싶었는데 다시 재밌어 지네요
환생한 S급 테니스 스타 (151화/완결),뀽
환생한 S급 테니스 스타 (151화/완결),아싸 테니스물이군 본다 고고띵
환생한 S급 테니스 스타 (151화/완결),자기들 좋아서 사귀는 걸 왜 가만안둔다고 하는 건 무슨 컨셉인지ㅋㅋ 아 이 좋은 소재로 진짜 이런 식으로밖에 못쓰나;읽히지가 않네;;
환생한 S급 테니스 스타 (151화/완결),연출도 수준 이하 쓸데없는 사족이 많고
환생한 S급 테니스 스타 (151화/완결),미자델꾸 모하냐
환생한 S급 테니스 스타 (151화/완결),스포츠물이 주인공 성장에 집중하지 않으면 이런 어중이떠중이 작품이 탄생하지
환생한 S급 테니스 스타 (151화/완결),전생 가족을 굳이 넣어야했을까 싶네 흐름 다 깨먹고 휘둘리고 테니스만 있었음 볼만 했을텐데
환생한 S급 테니스 스타 (151화/완결),진짜 개재미없어서 무료분에서 하차
환생한 S급 테니스 스타 (151화/완결),결제해서 보기에는 그저그런
환생한 S급 테니스 스타 (151화/완결),아 저 감씨 꼴보기 싫은데 비중이 앞으로 더 늘어날 것 같아서 그만 봐야겠음...
환생한 S급 테니스 스타 (151화/완결),ㄴ
환생한 S급 테니스 스타 (151화/완결),교가가 왜 군가 ㅋㅋㅋㅋㅋㅋㅋㅋ 높은산에서 오장산으로만 바꼈넹
환생한 S급 테니스 스타 (151화/완결),왜 댓이 없누
환생한 S급 테니스 스타 (151화/완결),우한폐렴이 여기서 나오네 ㄷㄷ
환생한 S급 테니스 스타 (151화/완결),다미가 재이딸일듯...
환생한 S급 테니스 스타 (151화/완결),"제이슨 김의 딸, 김다미?"
환생한 S급 테니스 스타 (151화/완결),앨런기자.. 별로 맘에 안듬;;
환생한 S급 테니스 스타 (151화/완결),정주행 시작합니다..! 기대되네요😀
환생한 S급 테니스 스타 (151화/완결),슬슬재미지네여
환생한 S급 테니스 스타 (151화/완결),아무리 연습게임 이라해도 무슨 테니스 룰은 무시하고 배구게임하듯 진행을 하나요? 테니스 아카데미면 테니스 게임룰은 지켜줘야하는거 아닌가요?
환생한 S급 테니스 스타 (151화/완결),김다미가 딸같은데?
환생한 S급 테니스 스타 (151화/완결),딸래미랑 연애하게??? 지난 인연에 연연해서 아빠랑 딸이랑 연결하는건가??? 저따위로 하다 딸래미 상처만 주는거지
환생한 S급 테니스 스타 (151화/완결),"이전부터 거슬렸는데, 이게 진정 10대 여고생 말투냐...?"
환생한 S급 테니스 스타 (151화/완결),재이 : 한국식 사탕이야. 엿이야. 이거나 먹어~생충신 : ??? ㅋㅋ
환생한 S급 테니스 스타 (151화/완결),출발
이토록 지독한 (63화/완결),"로맨스, 살인사건 등 흥미 뿜뿜 넘 재밌었어요"
이토록 지독한 (63화/완결),정말 남주 끝까지 하 역대급남주다 문란하고 츤데레도 아니고 사랑한다는 단한마디 없고 끝까지 여주만구르는듯
이토록 지독한 (63화/완결),외전이 부족해욪 태신이 끝까지 사랑한다고 말해주지 않는것도 넘넘 아쉽고 처음에 그렇게 문란하고 난잡했는데 넘안구른것도 아쉽 아쉽
이토록 지독한 (63화/완결),외전 많이 많이 필요할듯요ㅋ
이토록 지독한 (63화/완결),하 사건해결에 횟차수가 넘 길은듯요 ㅋ 그래도 묵직하면서도 끝까지 읽게되네요
이토록 지독한 (63화/완결),클린봇이 부적절한 표현을 감지한 댓글입니다.
이토록 지독한 (63화/완결),뭔 이런 미× 사람이 다있어‽‽
이토록 지독한 (63화/완결),씬도 씬이지만 19금으로 나왔어야할듯한 스토리 ㅋㅋ
이토록 지독한 (63화/완결),혹시나 하고 봤는데 외전이 올라왔네요.부족해요. 더 보고싶어요.
이토록 지독한 (63화/완결),정주행했습니다~~딸바보 아빠도 보고싶어요~~
이토록 지독한 (63화/완결),태신은 제목과 같은 그런 남자!외전 쭉쭉 올려주세요 ~ 두사람 살아가는 이야기 보고 싶네요 ^^
이토록 지독한 (63화/완결),이거 은근 그냥 재미있음요 남주가 지멋대로 해서 싫긴한데 재미있어요 ㅋㅋㅋㅋ
이토록 지독한 (63화/완결),남주 별루에요
이토록 지독한 (63화/완결),후딱 지나갔어요!밤잠도 안자고 봤는데 왜 외전 없어요ㅜㅜㅜ외전주세요~!
이토록 지독한 (63화/완결),첨엔 남주가 넘 거칠어서 좀 그랬는데읽다보니 무슨 영화한편 본거 같은 느낌 이네요 바로 정주행해서 끝까지 왔네요 외전은 없나요?^^
재벌이 된 천재 과학자 (207화/완결),이런 판타지류에서는 정통무협까지는 아니더라도 어느정도는 권선징악에 기반한 주인공을 성립시켜줘야지. 빌런이라도 복수하는 개연성을 주든지. 그래야 독자도 주인공에 몰입할거 아닌가. 회귀천재라 설정해놓고 하는 짓은 순 로비에 더해 로비자금이나 삥땅치고 다니니 이게 사기꾼과 뭐가달라? 어느정도 대리만족감을 줘야지 도리어 몰입한 독자를 부끄럽게 만들어서야 작가 욕 안하고 참겠냔 말이다.
재벌이 된 천재 과학자 (207화/완결),여기서 궁금한거 일반인이 전청와대경호실장을 알아볼 확률은? 경호실장은 매스컴도 거의 안탈텐데
재벌이 된 천재 과학자 (207화/완결),안기부장과 CIA 가 찻집에서 만난다구?아~나 감당할수잏는 소재를 찾아서 글을 써야지 그냥 끄적끄적 ~ 쪽팔린줄도 모르나?
재벌이 된 천재 과학자 (207화/완결),미국대사관에서는 프림이란말을 쓰지않는데?요즘작가수준이 이정도인가?
재벌이 된 천재 과학자 (207화/완결),얼음도세시간이나 지났는데 와그작~?ㅋㅋㅋㅋ
재벌이 된 천재 과학자 (207화/완결),사계를 들을려면 30분쯤 걸릴걸~
재벌이 된 천재 과학자 (207화/완결),이거 조낸 엉성한데~?
재벌이 된 천재 과학자 (207화/완결),실제 버마 아웅산 폭탄 테러는.. 일어났는데.. 와 영상 으로 보니깐 진짜.. 내가 다 살떨리던데;;
재벌이 된 천재 과학자 (207화/완결),아니.. 전작이랑 이름이 다 같으면;;;
재벌이 된 천재 과학자 (207화/완결),전두환빠냐작가야?
재벌이 된 천재 과학자 (207화/완결),이거자주국방해주는소설이냐 아니면 미국 먹여살려주는소설이냐?
재벌이 된 천재 과학자 (207화/완결),"어차피 모든사람은 언젠가 죽어.그런데 아이들은 그것을 인지하려 하지않지. 그 편안함 속에 묶여서. 자신의 행동에 책임질 성인이 돼어도, 자신의 한마디에 책임져야할 중년이 되어도, 그 편안함과 안락힘에서는 벗어나질 못하지. 너희가 40대가 되고, 50대가 되면 서서히 그 울타리가 언제든 무너질 수 있다고 자각하게돼. 내가 많이 늙은만큼, 내 주위도 그만큼 세월이 흐르니. 나이가 들 수록 아이가 되가는 건, 세상에 대비할 가면이 그 쓸모를 다해, 하나씩 벗겨내는 과정이야. 수십겹, 어쩌면 수배겹의 가면을 썻던 내 자신이, 비로소 부모는 나에게 애정이라는 단 하나의 가면만 썻다는 것을 알게되지. 더 세월이 흐르면, 그 수십 수백겹의 가면들이 결국은, 나와 내 가족들을 위해 쓰게 된 것도 깨닫게 되고, 그때서야 후회가 저 파도처럼 밀려오지. 어차피 인간은 언젠가는 모두죽고, 나의 울타리도 모두 죽었으니."
재벌이 된 천재 과학자 (207화/완결),그냥 좀 똑똑한 수재에 과학자지 천재까지는 아닌거 같은데? 천재란 아인슈타인이나 폰노이만 같은 새로운 이론을 창조해내는 사람을 천재라 하죠. 요샌 개나소나 천재래.
재벌이 된 천재 과학자 (207화/완결),재0있ㅇㆍㅣ
재벌이 된 천재 과학자 (207화/완결),대답이 완전 문과스타일.. 이과생은 저런식으로 안하죠
재벌이 된 천재 과학자 (207화/완결),진찌 쓰레기
재벌이 된 천재 과학자 (207화/완결),쓰잘대기 없는 부연설명에 ㅈ노잼 개연성에이해도 안가고 공감도 안가는 등장인물들 내용에 ㅋㅋㅋㅋㅋㅋㅋㅋㅋㅋㅋㅋㅋㅋㅋㅋㅋㅋㅋㅋㅋㅋ
재벌이 된 천재 과학자 (207화/완결),ㅋㅋㅋㅋㅋ 이걸 100원 처받아 먹는다고 ㅋㅋㅋㅋㅋㅋㅋㅋ
재벌이 된 천재 과학자 (207화/완결),와 글수도 ㅈ나 작네 진짜 OOO
재벌이 된 천재 과학자 (207화/완결),진짜 총쏴버리고 싶은 전개속도에 글내용이네요
재벌이 된 천재 과학자 (207화/완결),하 OOO 진짜 그놈의 여자얘기아주 염병을 떨어라 진짜.
재벌이 된 천재 과학자 (207화/완결),뻐따로 대가리 후리고 싶다.
재벌이 된 천재 과학자 (207화/완결),하 ㅈ나 웃기네 ㅋㅋㅋㅋㅋ 일본경제 올라가서 미국국민들티 싫어하고일본 거품 꺼지는 년도 까지 다 알고 있으면서. 주식이니 부동산 모른다라 완전 OOO네 이거. 80처먹고 회귀한 어르신이 70년전 과거를 하나도 안까먹고 누가 누군지 로비로 몇년도 몇월 몇칠에 무슨일 있는지 다알고 근데 저따구로 행동한다라 ㅋㅋㅋㅋ 미치셨어요? 대가리에 총이라도 처맞았나?
재벌이 된 천재 과학자 (207화/완결),OOO가 80화를 넘게 f-20으로 우려 처먹고개발은 ㅈ도없고 하 진짜 ㅈ나 패고 싶네
재벌이 된 천재 과학자 (207화/완결),하 진짜 쓰레기네
재벌이 된 천재 과학자 (207화/완결),국제관계에 불평등 드립치네 ㅂㅅ
재벌이 된 천재 과학자 (207화/완결),ㅋㅋㅋㅋㅋ 50화 넘는 내용이 아직도 로비질임 ㅋㅋㅋㅋㅋㅋㅋㅋ
재벌이 된 천재 과학자 (207화/완결),정신병자 새기
재벌이 된 천재 과학자 (207화/완결),아진짜 개 등신같은 소설.진짜 처음이랑 끝까지 바뀐거 ㅈ도없고 여기까지 화나왔는데 이제 1년가까이됨 ㅋㅋㅋㅋㅋ 정신 나갈것 같에~
재벌이 된 천재 과학자 (207화/완결),진짜 ㅈ같아서 소설에 이렇게 댓글 처다는 건 처음이네 시팔
재벌이 된 천재 과학자 (207화/완결),결제 환불이 없는 것이 매우 ㅈ같다
재벌이 된 천재 과학자 (207화/완결),6점 짜리 소설이다.핵무기 하하하위 호환도 안되는 소설.
재벌이 된 천재 과학자 (207화/완결),이게 천재 과학자냐 사기꾼새기야.개발 장면 서술이나 기술 개발 내용은 ㅈ도 없고. 응 난 과거회귀해서 그냥 다 알아~ 정신 병자새기 같네 진짜. 아니 뭔 생각으로 이따구로 글쓰고 출판한 이새기들도 대체 정체가 뭐임? 그냥 천재 로비스크라고 제목하지 뭔 개 ㅈ같은
재벌이 된 천재 과학자 (207화/완결),ㅈ나 자연스럽게 하루보내고 미안한 감정 1도 없고커피마시고 여자비서보고 우헤헤헤. 좋은 인생이다
재벌이 된 천재 과학자 (207화/완결),제목을 잘못지었네.80년 할배가 회귀해서 섹스노리고 가식떨고 착한척 하는 천하의 ㄱ새기 재벌 이라고 지었어야지.
재벌이 된 천재 과학자 (207화/완결),ㅋㅋㅋ 주인공 효도해서 착하다는 말 하지마라.사람 뒤지는 거 알고도 묵인하고 지 사업위해서 입다문 새기니까. 지 할배 욕하고 가식 ㅈ나 떨어더니 이 지랄이네. 참 작품전개에 걸맞는 내용 전개다 ㅅㅍ. 결론은 내로 남불 엔딩 ㅗㅗ
재벌이 된 천재 과학자 (207화/완결),하 이게 말이되나 나참 개같은 전개로 어거지로 내용 이어가네
재벌이 된 천재 과학자 (207화/완결),뭔 개 등신같은 연애 전개임?
재벌이 된 천재 과학자 (207화/완결),에휴
재벌이 된 천재 과학자 (207화/완결),ㅂㅅ
재벌이 된 천재 과학자 (207화/완결),ㅈㅊ헌다
재벌이 된 천재 과학자 (207화/완결),ㅂㅅ
재벌이 된 천재 과학자 (207화/완결),짹쓰!몸은 어려졌지만 거기는 그대로!
재벌이 된 천재 과학자 (207화/완결),80년간 고자로 살아서 한맺힌게 많나보네 흐규 흐규 ㅠ짹쓰!
재벌이 된 천재 과학자 (207화/완결),짹쓰!
재벌이 된 천재 과학자 (207화/완결),나는 고1 허벌이죠.쎅쑤!
재벌이 된 천재 과학자 (207화/완결),우릿 CIA 귀쥭이쥐 마셰욧!
재벌이 된 천재 과학자 (207화/완결),CIA 에몽 ㅜㅜㅜ 도와줘!
재벌이 된 천재 과학자 (207화/완결),와 주인공 졸라게 천재네회귀전 레이더 기술 도 몽땅 다 기억하고 있고. 설계 능력. 계산 식. 국제 관계 및 사건 사고. 군 장비 거래 및 국가간 방위업체 문제 캬. 주식이니 부동산이니 ㅈ도 모른다면서 역쉬~ 쭈인꽁은 따르네요우~
재벌이 된 천재 과학자 (207화/완결),역쒸 쿡뽕은 쿡퐙 같은 꺼라 빠지며누 아니되요우~
재벌이 된 천재 과학자 (207화/완결),와우 어거지 동양인 전개가 되어동료로 합류했군요! 역시 참 좋은~ 회사네요~
재벌이 된 천재 과학자 (207화/완결),이런 회사가 좋은 회사라 ㅋ안가르쳐 주는 것도 알았을 텐데 지는 다알고 있으니 상관없던거겠지. 역쒸 섹스보이~ 생각하는게 남달라
재벌이 된 천재 과학자 (207화/완결),아이큐 검사 했다는 건 나온 지문이나 답을 아는데 당연 조작질도 가능할텐데.역쉬 섹스보이~
재벌이 된 천재 과학자 (207화/완결),섹스는 마렵지만 가족에겐 따뚯한 남좌~
재벌이 된 천재 과학자 (207화/완결),아니요..뚱인에요.
재벌이 된 천재 과학자 (207화/완결),역쉬 군부 똑재 국가가 관광가느누맛이 있어여유똑재 정부 시절인데 대학생 시위도 없구~ 억압도 없구~ 북 도발두 없구~ 매우 매우 평화로워요유~
재벌이 된 천재 과학자 (207화/완결),아 너 무 재 미 있 다.귀 찮 아 서 한 번 에 결 제 해 버 렸 는 데 너 무 재 미 있 어 서 타 자 가 잘 안 처 지 네 하 하 하 하
재벌이 된 천재 과학자 (207화/완결),ㅈㄹ을 한다. 진짜 이게 말이되는 전개냐.80대 레이더 할배 회귀 -> 가족재회후 눈물-> 할아버지에게 불속성 효도맛-> 레이더 설계도 미국대사관 전달 -> 미팅-> 오우 진짜 레이더 기술인정-> 다시 불속성 효도맛 -> 미팅 -> 돈 내놔요 OOO-> 응 뭔지 모르겠고 미국 유학오라고 수십억줬어. 아 엄마 미국이 줬다니까 이상없어~.? -> 미국간돠우 OOO들아~ -> 다시 불속성 효도맛 에잉 할배새기 끈질기긴 -> 감 ????
재벌이 된 천재 과학자 (207화/완결),보은 받고 쉬프며느 회귀짜에게 짤해쭤라우~
재벌이 된 천재 과학자 (207화/완결),복수다 끝까지 보게된 복수야.양심것 글써야지. 아 양심있었으면 글 안썼구나. 고멘네~
재벌이 된 천재 과학자 (207화/완결),회귀는 했지만 내 섹스 본능은 그대로! 난 고1 섹스죠. 연륜은 80년만에 돌아온 정력과 허세에 다 써버린지 오래에요~ 여러분~ 쏴랑하세요~ 지금 내리실 역은 하차. 하차역입니다 앗 OOO르 저 못내렸어요! OOO 못내렸다구 ㅜㅜ
재벌이 된 천재 과학자 (207화/완결),80년 처먹고 와서 동년배라 그런가 할아버지에겐 할말 못할말다하는 불속성 맛이지만 OOO같이 친구한텐 아무말도 못해요~이것이 우정 이겠죠~
재벌이 된 천재 과학자 (207화/완결),ㅈ나 개노답 소설이에요.ㅇㅇ. 80년 처먹고 와서 여고생이란 쒝쑤 마렵지만 이상하게 단 1도 정말 1의 망설임도 없어요우~ 쒝쑤 사랑합쒸다~
재벌이 된 천재 과학자 (207화/완결),저 정신나간 시절에 저런 돈이 들어오는데 은행반응 도 없고 역쒸! 어메뤼칸 키쑬력은 세꼐 쵝오! 미쿡 쏴랑해요우~
재벌이 된 천재 과학자 (207화/완결),그리고 군부독재 시절에 수십억이 웬 애새기 통장에 꼳혔는데 아무 반응도 없구만! 역쒸 어메리콴의 cia는 일을 너무 쫘알해요우~미쿡 쵝오!
재벌이 된 천재 과학자 (207화/완결),"뻔한 OOO같은 설정.80년 인생동안 살아오면서 배운 레이더 기술은 1도 않빠지고 대가리에 싸아악 다 기억하면서 이상하게 "" 잉. 주식이링 부똥상과 경제가 어또케 될찌 하나뚜 몰라용 흐규흐규"" OOO 새기"
재벌이 된 천재 과학자 (207화/완결),갑자기 전두 씨가 아닛! 이런 인재를 양키들이 빼가다니! 하면서가족잡고 협박하다가 사고로 가족 끔살 후 미국으로가서 복수를 위해 칼가는 정신나간 시나리오로.
재벌이 된 천재 과학자 (207화/완결),불속성 효도맛.난 ㅈ나 똑똑하구 80년전 회귀한 호색한 색마 천재핫해할배정신연령인척하는섹스마려운 고1이니 이해해주겠지.
재벌이 된 천재 과학자 (207화/완결),갑자기 개빡치네 OOO
재벌이 된 천재 과학자 (207화/완결),솔찍히 연애파트나 여자관계 잘 모르면 그냥 넘기던가 보여주게될 작품 퀄리티나 신경쓰자. 같잖게 애새기 연예담이니 섹스마렵다니 거지같은걸로 분량잡아 먹지 말고. 진지하게 연애파트를 넣어도 독자 입장에서 1도 이해가 안가고 공감이 ㅈ도않되는것 같에.그냥 과감하게 한 2권마다 사이에 연애나 가족 사건 집어 넣던가 하라고. 당연히 회귀하고 가족들 억울하게 뒤진거 뻔히 알고 주인공이 잘챙겨 주겠지. 그런 뻔한건 뒤에 한번에 넣던가 작품 전개에 지장않가게 진짜 조금만 넣어도 되잖아. 시팔아.
재벌이 된 천재 과학자 (207화/완결),전형적인 핵무기 친구 하하위 소설이다.
재벌이 된 천재 과학자 (207화/완결),"이거 고증이 이상한게 80년대 여고생 해봤자. 뒤떨어진 화장기술과 경제 상황, 주인공하고 시대관 괴리가 10년 20년도아니고 80년이나 차이나는데 존나 촌스러워서 별 감정없고 신경 안쓰는게 자연스러운거 아님? 아니면 정신연령 80인 할배가 여고생하고 미팅함으로써 ㅈ나게 자신을 역겹게 생각하는 게 자연스러운거 아니냐고 시팔 새기야. 그리고 가족들 경제상황 힘든데 주인공 방망이는 안힘든 갑지? 그냥 주인공이 ㅈ나게 호색한이고 어린에 좋아하는 변태새기고. 섹스 마려운 OOO으로 보면 되는 거겠군. 암 아아아암. 그런거구만 그런그였어! 하하하하. 작가가 잘 쓰겠지 껄껄껄."
재벌이 된 천재 과학자 (207화/완결),"눼우~ 우뤼 똑쫘들또우~; 상상취 모란 굴울 꼉휨햇쓰요우"""
재벌이 된 천재 과학자 (207화/완결),아 또 연애파트 나오는 글들이 똑같은 공통점이 있는데.그 파트 안보고 넘겨도 글 맥락이 이해가됨. ㅇㅇ 전혀 없어도 되는 분량 끼워넣기임
재벌이 된 천재 과학자 (207화/완결),어이 거기 젊은친구! 나의 똘똘이를 80년만에 쓸 수 있게되었는데 어떻게 참냐고~ 란 주인공 심정이 아닐까 ㅈ같은 마음 참고 행복회로 돌려 봅니다 시팔.
재벌이 된 천재 과학자 (207화/완결),요시 빡퉁 대가리 친구 겟도다제
재벌이 된 천재 과학자 (207화/완결),핵무기 놈은 그나마 보조라도 있지 예는 그냥 천잰데?
재벌이 된 천재 과학자 (207화/완결),빠꾸 없이 바로 드리박네.상남자 어디 소설은 착한병걸려서 고구마 먹다 뒤지게하구 또 어떤 소설은 난 나쁜놈이야! 라고 커밍아웃 했는데 알고보니 진구 였고 여긴 어떨려나.
재벌이 된 천재 과학자 (207화/완결),음 몇회째 저만 보는듯
재벌이 된 천재 과학자 (207화/완결),ㅋ 레이꼬가 히로인은 아니겠지요?
재벌이 된 천재 과학자 (207화/완결),민재는 프리패스구낭..ㅎ
재벌이 된 천재 과학자 (207화/완결),815면 광복?
재벌이 된 천재 과학자 (207화/완결),밑에 리뷰로 쓴 글들에 많은 공감~~~
재벌이 된 천재 과학자 (207화/완결),자리에 앉아 로버트를 보지
재벌이 된 천재 과학자 (207화/완결),짜증나는 건물주 그만나와라
재벌이 된 천재 과학자 (207화/완결),아니 대부분 망작 작가들은 글내용을 어떻게 쓸지 모르나.이해가 안가네. 여자랑 물고빨고 하는얘기는 야설에서나 찾고 뭔가 진중하게 내용이 이어지는 걸 찾을려고 보면 ㅈ나 어거지 회귀에 ㅂㅅ같은 짓 재탕에. 다들 선민사상에 ㅈ나게 찌들었는지 지가 하는게 법이고 정답이아 아주. 뭐 큰 명작 바라나 평작수준의 글이라도 내란말이야 그냥 망상 싸지르는 복제품 양산형 소설이고 나발이고 간에 내용이 공감이 되야 쳐보든가 말든가 하지.. 큼직하게 이어질 메인스토리 줄기에 따라 사이사이에 들어가는 짜잘한 이벤트들은 흥미요소로 잠깐 보고 넘길만하다고 쳐도 글내용 전체를 중구난방에 그냥 순간순간 이어지는 사건만 다 처넣으면 어쩌라는거냐 개같은.
재벌이 된 천재 과학자 (207화/완결),뭔 죄지었나. 뭘용서하니마니하고있어! 부자집남자 만나서 결혼하면용서받아야되?
재벌이 된 천재 과학자 (207화/완결),내용이 너~~무 지루합니다.
재벌이 된 천재 과학자 (207화/완결),작가가 1000회 넘게 쓸 예정인가? 완급조절이 안되네 나중에 늘어지더라도 초반에는 유입이 되게 팍팍 치고 나가야지 별로 좋지도않은 f20을 언제까지 로비할 생각이지?
재벌이 된 천재 과학자 (207화/완결),음...아무리그래도 계약은안했지만 내용을 다떠벌리는건쫌...
재벌이 된 천재 과학자 (207화/완결),"진짜 작가뭔지?미팅은 왜 계속 언급되는지? 분량늘리기? 별 느낌도 없고, 학창시절 추억? 그렇다면 굳이 미팅을? 친구 호문의 전화 타이밍은 정말 갑분싸다. 정말 글을 쓰는 작가는 아닌듯."
재벌이 된 천재 과학자 (207화/완결),왜 이렇게 어설프지?캐릭터들이 어설픈거야? 아니면 글 자체가 어설픈거야? ;;;;;;;;;
재벌이 된 천재 과학자 (207화/완결),"찐짜. 현실 연애 못해본 한풀이를 우리한테 하지말고 꿈 속에서나하고,여기서는 깔끔하게가자. 추하다"
재벌이 된 천재 과학자 (207화/완결),"여기도 고딩이랑 짝짜꿍하냐,,,,,하차각 잡는다. 좋은말할때 집어넣어라. 한심한놈"
재벌이 된 천재 과학자 (207화/완결),나도 된장찌개 무척 좋아하는데 ㆍ청국장이랑
재벌이 된 천재 과학자 (207화/완결),좋네
재벌이 된 천재 과학자 (207화/완결),설마 그 스님은 플렉스님?
재벌이 된 천재 과학자 (207화/완결),에밀리 퐈이어
재벌이 된 천재 과학자 (207화/완결),보고보고 이게 안좋아 ㅋㅋ공무원출신? ㅋ
재벌이 된 천재 과학자 (207화/완결),우유
재벌이 된 천재 과학자 (207화/완결),엿 ㅋㅋ
재벌이 된 천재 과학자 (207화/완결),저거 풀수있었으면 이거 안보고 레이다 만들고있겠지 ㅋㅋ 회귀가 답인가 ㅋㅋ
재벌이 된 천재 과학자 (207화/완결),난 짜장면 싫다고 간짜장 좋아ㅋㅋㅋ
재벌이 된 천재 과학자 (207화/완결),1
재벌이 된 천재 과학자 (207화/완결),"쪼잔함의 극치. 좁쌀 영감. 며느리, 손자, 손녀가 남이가"
재벌이 된 천재 과학자 (207화/완결),할배한테 따박따박 할말 전혀 못하고 살았다. 어디서 약을 팔아
재벌이 된 천재 과학자 (207화/완결),옛날 기억의 한자락을 떠올리게 하는 글이네요.조금더 지켜볼까요
재벌이 된 천재 과학자 (207화/완결),ㅋㅋㅋㅋㅋ
재벌이 된 천재 과학자 (207화/완결),음~ ㅋ 저게 문제지? 맞지? ㅋㅋ
재벌이 된 천재 과학자 (207화/완결),빌딩올리자
재벌이 된 천재 과학자 (207화/완결),200억 나줘라
재벌이 된 천재 과학자 (207화/완결),4885 너냐
재벌이 된 천재 과학자 (207화/완결),엄청 재미있네요ㅎ 어느세 여기까지
재벌이 된 천재 과학자 (207화/완결),쪼금 본 후기속이 아저씨여서 그런지 작가가 아저씨여서 그런지 무슨 말투가 교과서에 있는 예문들 말투같음.. 그리고 주인공이 진짜 늙다리 티남. 그리고 꼰대끼도 꽤나 낭낭함..
재벌이 된 천재 과학자 (207화/완결),오타가 있네요
재벌이 된 천재 과학자 (207화/완결),스토리 자체는 흥미롭습니다. 하지만 50화인데도 불구하고 아직 개발한 거 판매조차도 완료되지 않았습니다. 독자의 흥미를 벌써 잃을 타이밍이죠
재벌이 된 천재 과학자 (207화/완결),겉은 애고 속은 80대인 진정한 애늙은이가 미성년 상대로 미팅이 좋네 어쩌네. 미국 아저씨들 빨리 잡아가요!!
재벌이 된 천재 과학자 (207화/완결),100화 넘었으니 대충 소설책 4권 분량소설 제목에 과학자가 들어가길래 기술들로 돈버는줄 알았더니 100화까지 레이더 두개 만든게 끝. 나머지는 로비뿐 복선으로 깐것처럼 나중에 기술풀려는건 알겠는데 로비과정을 너무 많이 써놔서 이 소설은 로비스트 소설인가 싶음
재벌이 된 천재 과학자 (207화/완결),"회귀물, reflection…, 좋아요 :)"
재벌이 된 천재 과학자 (207화/완결),흥미진진해요~! ^^
재벌이 된 천재 과학자 (207화/완결),음 재미있어요~!
재벌이 된 천재 과학자 (207화/완결),수학이구만
재벌이 된 천재 과학자 (207화/완결),주인공이 돈쓰는 장면이 제일 좋구만
재벌이 된 천재 과학자 (207화/완결),굳이 미팅장면 나와야 하나…
재벌이 된 천재 과학자 (207화/완결),전투기 도면을 그냥 손으로 쓱쓱 그릴수 있는건가..
재벌이 된 천재 과학자 (207화/완결),CIA는 숨겨야하는거 아닌가?
재벌이 된 천재 과학자 (207화/완결),아들이 엄마를 상대로 사기치네...ㅠㅠ
재벌이 된 천재 과학자 (207화/완결),이거 돈주고 보는거 돈낭비임
재벌이 된 천재 과학자 (207화/완결),천재과학자가 100편이 넘어도 만든건 레이더 2개 끝...질질 끄는것도 정도가 있지...
재벌이 된 천재 과학자 (207화/완결),"지적재산권에 대한 개념이 전혀 없군요. 개괄적인 아이디어라도 ""나 아니면 완성 못해""라는 설정 하나로 막 퍼주네요? 80살 넘게 살아온 연륜은 어디 가고 지식자랑질로 보일 정도네요. 전생에 대한 보은이라 보기에도 정도가 좀... /하차"
재벌이 된 천재 과학자 (207화/완결),ㅋㅋ 기억나지않는것까지 기억해서 쓰래 ㅋㅋ
재벌이 된 천재 과학자 (207화/완결),ㅋㅋ 재밌어요
재벌이 된 천재 과학자 (207화/완결),왠만하면 참고 읽으려 했지만 작가 너무하네 글을 너무질질끈다 그럴거면 장편소설을 쓰던가 하차한다
재벌이 된 천재 과학자 (207화/완결),무야호
재벌이 된 천재 과학자 (207화/완결),저거 식좀 써주실분? ㅋㅋ
재벌이 된 천재 과학자 (207화/완결),작가 양반 저게 도대체 뭔소리요
재벌이 된 천재 과학자 (207화/완결),지겨워서 더이상 못보겠네!
재벌이 된 천재 과학자 (207화/완결),몬땐네
재벌이 된 천재 과학자 (207화/완결),연쇄살인범 노숙자!!?
재벌이 된 천재 과학자 (207화/완결),회귀전엔 거절안했잖아? 왜 거절했다고나온거지?
재벌이 된 천재 과학자 (207화/완결),하.. 전대갈
재벌이 된 천재 과학자 (207화/완결),할만 다하면서 기분안나쁘게 할정도면 성공해야지
재벌이 된 천재 과학자 (207화/완결),핵무기를만들어드릴까요 ????비슷하네 ??
재벌이 된 천재 과학자 (207화/완결),레이더 이야기만 한세월이네
재벌이 된 천재 과학자 (207화/완결),솔직히 안보는걸 추천 이댓글이 언제까지 남아있을지 6월9일오후7시 언제없어지는지 바야지
재벌이 된 천재 과학자 (207화/완결),90화까지 레이더 2가지 개발한거빼곤 로비로 커미션받아처먹는예기 중간중간 어줍잖은 여자들예기로 분량빼고 초반보다 뒤로갈수록 페이지분량이절반은줄고 몬가 획기적인걸 개발해서 돈벌 생각은없고 로비로비로비 여기서 그만하차
재벌이 된 천재 과학자 (207화/완결),같이 이야기가 계속 반복된다 레이더 이야기만 몇번 들어야 하나...진행이 느려서 고구마 ... 하차 합니다...ㅜㅜ
재벌이 된 천재 과학자 (207화/완결),같은 이야기가 계속 반복되는거 같다...ㅜㅜ
재벌이 된 천재 과학자 (207화/완결),로비스트 이야기만 계속 된다...진행이 너무 느려서 지루 해진다...ㅜㅜ
재벌이 된 천재 과학자 (207화/완결),슬슬 지루해질려고 한다...ㅜㅜ
재벌이 된 천재 과학자 (207화/완결),오오 코난님이 댓글을 길게 쓰셨어
재벌이 된 천재 과학자 (207화/완결),처음 쓰시는 글인가? 내용은 그렇다쳐도 문맥상 어색한부분이 많이있네요 차츰 나아지리라 생각합니다
재벌이 된 천재 과학자 (207화/완결),출발
재벌이 된 천재 과학자 (207화/완결),옛날집 단번에 찾아갔네. 저번에 예전에 살던집 근처갔는데 다 재개발해서 결국 어디더라...하다가 집 못찾았는데...
재벌이 된 천재 과학자 (207화/완결),"진짜 작가뭔지?미팅은 왜 계속 언급되는지? 분량늘리기? 별 느낌도 없고, 학창시절 추억? 그렇다면 굳이 미팅을? 친구 호문의 전화 타이밍은 정말 갑분싸다. 정말 글을 쓰는 작가는 아닌듯."
재벌이 된 천재 과학자 (207화/완결),왜 이렇게 어설프지?캐릭터들이 어설픈거야? 아니면 글 자체가 어설픈거야? ;;;;;;;;;
재벌이 된 천재 과학자 (207화/완결),"찐짜. 현실 연애 못해본 한풀이를 우리한테 하지말고 꿈 속에서나하고,여기서는 깔끔하게가자. 추하다"
재벌이 된 천재 과학자 (207화/완결),"여기도 고딩이랑 짝짜꿍하냐,,,,,하차각 잡는다. 좋은말할때 집어넣어라. 한심한놈"
재벌이 된 천재 과학자 (207화/완결),나도 된장찌개 무척 좋아하는데 ㆍ청국장이랑
재벌이 된 천재 과학자 (207화/완결),좋네
재벌이 된 천재 과학자 (207화/완결),설마 그 스님은 플렉스님?
재벌이 된 천재 과학자 (207화/완결),에밀리 퐈이어
재벌이 된 천재 과학자 (207화/완결),보고보고 이게 안좋아 ㅋㅋ공무원출신? ㅋ
재벌이 된 천재 과학자 (207화/완결),우유
재벌이 된 천재 과학자 (207화/완결),엿 ㅋㅋ
재벌이 된 천재 과학자 (207화/완결),저거 풀수있었으면 이거 안보고 레이다 만들고있겠지 ㅋㅋ 회귀가 답인가 ㅋㅋ
재벌이 된 천재 과학자 (207화/완결),난 짜장면 싫다고 간짜장 좋아ㅋㅋㅋ
재벌이 된 천재 과학자 (207화/완결),1
재벌이 된 천재 과학자 (207화/완결),"쪼잔함의 극치. 좁쌀 영감. 며느리, 손자, 손녀가 남이가"
재벌이 된 천재 과학자 (207화/완결),음 재미있어요~!
재벌이 된 천재 과학자 (207화/완결),수학이구만
재벌이 된 천재 과학자 (207화/완결),주인공이 돈쓰는 장면이 제일 좋구만
재벌이 된 천재 과학자 (207화/완결),굳이 미팅장면 나와야 하나…
재벌이 된 천재 과학자 (207화/완결),전투기 도면을 그냥 손으로 쓱쓱 그릴수 있는건가..
재벌이 된 천재 과학자 (207화/완결),CIA는 숨겨야하는거 아닌가?
재벌이 된 천재 과학자 (207화/완결),아들이 엄마를 상대로 사기치네...ㅠㅠ
재벌이 된 천재 과학자 (207화/완결),이거 돈주고 보는거 돈낭비임
재벌이 된 천재 과학자 (207화/완결),천재과학자가 100편이 넘어도 만든건 레이더 2개 끝...질질 끄는것도 정도가 있지...
재벌이 된 천재 과학자 (207화/완결),"지적재산권에 대한 개념이 전혀 없군요. 개괄적인 아이디어라도 ""나 아니면 완성 못해""라는 설정 하나로 막 퍼주네요? 80살 넘게 살아온 연륜은 어디 가고 지식자랑질로 보일 정도네요. 전생에 대한 보은이라 보기에도 정도가 좀... /하차"
재벌이 된 천재 과학자 (207화/완결),ㅋㅋ 기억나지않는것까지 기억해서 쓰래 ㅋㅋ
재벌이 된 천재 과학자 (207화/완결),ㅋㅋ 재밌어요
재벌이 된 천재 과학자 (207화/완결),왠만하면 참고 읽으려 했지만 작가 너무하네 글을 너무질질끈다 그럴거면 장편소설을 쓰던가 하차한다
재벌이 된 천재 과학자 (207화/완결),무야호
재벌이 된 천재 과학자 (207화/완결),저거 식좀 써주실분? ㅋㅋ
재벌이 된 천재 과학자 (207화/완결),작가 양반 저게 도대체 뭔소리요
재벌이 된 천재 과학자 (207화/완결),지겨워서 더이상 못보겠네!
재벌이 된 천재 과학자 (207화/완결),몬땐네
재벌이 된 천재 과학자 (207화/완결),연쇄살인범 노숙자!!?
재벌이 된 천재 과학자 (207화/완결),회귀전엔 거절안했잖아? 왜 거절했다고나온거지?
재벌이 된 천재 과학자 (207화/완결),하.. 전대갈
재벌이 된 천재 과학자 (207화/완결),할만 다하면서 기분안나쁘게 할정도면 성공해야지
재벌이 된 천재 과학자 (207화/완결),핵무기를만들어드릴까요 ????비슷하네 ??
재벌이 된 천재 과학자 (207화/완결),레이더 이야기만 한세월이네
재벌이 된 천재 과학자 (207화/완결),솔직히 안보는걸 추천 이댓글이 언제까지 남아있을지 6월9일오후7시 언제없어지는지 바야지
재벌이 된 천재 과학자 (207화/완결),90화까지 레이더 2가지 개발한거빼곤 로비로 커미션받아처먹는예기 중간중간 어줍잖은 여자들예기로 분량빼고 초반보다 뒤로갈수록 페이지분량이절반은줄고 몬가 획기적인걸 개발해서 돈벌 생각은없고 로비로비로비 여기서 그만하차
재벌이 된 천재 과학자 (207화/완결),같이 이야기가 계속 반복된다 레이더 이야기만 몇번 들어야 하나...진행이 느려서 고구마 ... 하차 합니다...ㅜㅜ
재벌이 된 천재 과학자 (207화/완결),같은 이야기가 계속 반복되는거 같다...ㅜㅜ
재벌이 된 천재 과학자 (207화/완결),로비스트 이야기만 계속 된다...진행이 너무 느려서 지루 해진다...ㅜㅜ
재벌이 된 천재 과학자 (207화/완결),슬슬 지루해질려고 한다...ㅜㅜ
재벌이 된 천재 과학자 (207화/완결),오오 코난님이 댓글을 길게 쓰셨어
재벌이 된 천재 과학자 (207화/완결),처음 쓰시는 글인가? 내용은 그렇다쳐도 문맥상 어색한부분이 많이있네요 차츰 나아지리라 생각합니다
재벌이 된 천재 과학자 (207화/완결),출발
재벌이 된 천재 과학자 (207화/완결),옛날집 단번에 찾아갔네. 저번에 예전에 살던집 근처갔는데 다 재개발해서 결국 어디더라...하다가 집 못찾았는데...
재벌이 된 천재 과학자 (207화/완결),"진짜 작가뭔지?미팅은 왜 계속 언급되는지? 분량늘리기? 별 느낌도 없고, 학창시절 추억? 그렇다면 굳이 미팅을? 친구 호문의 전화 타이밍은 정말 갑분싸다. 정말 글을 쓰는 작가는 아닌듯."
재벌이 된 천재 과학자 (207화/완결),왜 이렇게 어설프지?캐릭터들이 어설픈거야? 아니면 글 자체가 어설픈거야? ;;;;;;;;;
재벌이 된 천재 과학자 (207화/완결),"찐짜. 현실 연애 못해본 한풀이를 우리한테 하지말고 꿈 속에서나하고,여기서는 깔끔하게가자. 추하다"
재벌이 된 천재 과학자 (207화/완결),"여기도 고딩이랑 짝짜꿍하냐,,,,,하차각 잡는다. 좋은말할때 집어넣어라. 한심한놈"
재벌이 된 천재 과학자 (207화/완결),나도 된장찌개 무척 좋아하는데 ㆍ청국장이랑
재벌이 된 천재 과학자 (207화/완결),좋네
재벌이 된 천재 과학자 (207화/완결),설마 그 스님은 플렉스님?
재벌이 된 천재 과학자 (207화/완결),에밀리 퐈이어
재벌이 된 천재 과학자 (207화/완결),보고보고 이게 안좋아 ㅋㅋ공무원출신? ㅋ
재벌이 된 천재 과학자 (207화/완결),우유
재벌이 된 천재 과학자 (207화/완결),엿 ㅋㅋ
재벌이 된 천재 과학자 (207화/완결),저거 풀수있었으면 이거 안보고 레이다 만들고있겠지 ㅋㅋ 회귀가 답인가 ㅋㅋ
재벌이 된 천재 과학자 (207화/완결),난 짜장면 싫다고 간짜장 좋아ㅋㅋㅋ
재벌이 된 천재 과학자 (207화/완결),1
재벌이 된 천재 과학자 (207화/완결),"쪼잔함의 극치. 좁쌀 영감. 며느리, 손자, 손녀가 남이가"
재벌이 된 천재 과학자 (207화/완결),음 재미있어요~!
재벌이 된 천재 과학자 (207화/완결),수학이구만
재벌이 된 천재 과학자 (207화/완결),주인공이 돈쓰는 장면이 제일 좋구만
재벌이 된 천재 과학자 (207화/완결),굳이 미팅장면 나와야 하나…
재벌이 된 천재 과학자 (207화/완결),전투기 도면을 그냥 손으로 쓱쓱 그릴수 있는건가..
재벌이 된 천재 과학자 (207화/완결),CIA는 숨겨야하는거 아닌가?
재벌이 된 천재 과학자 (207화/완결),아들이 엄마를 상대로 사기치네...ㅠㅠ
재벌이 된 천재 과학자 (207화/완결),이거 돈주고 보는거 돈낭비임
재벌이 된 천재 과학자 (207화/완결),천재과학자가 100편이 넘어도 만든건 레이더 2개 끝...질질 끄는것도 정도가 있지...
재벌이 된 천재 과학자 (207화/완결),"지적재산권에 대한 개념이 전혀 없군요. 개괄적인 아이디어라도 ""나 아니면 완성 못해""라는 설정 하나로 막 퍼주네요? 80살 넘게 살아온 연륜은 어디 가고 지식자랑질로 보일 정도네요. 전생에 대한 보은이라 보기에도 정도가 좀... /하차"
재벌이 된 천재 과학자 (207화/완결),ㅋㅋ 기억나지않는것까지 기억해서 쓰래 ㅋㅋ
재벌이 된 천재 과학자 (207화/완결),ㅋㅋ 재밌어요
재벌이 된 천재 과학자 (207화/완결),왠만하면 참고 읽으려 했지만 작가 너무하네 글을 너무질질끈다 그럴거면 장편소설을 쓰던가 하차한다
재벌이 된 천재 과학자 (207화/완결),무야호
재벌이 된 천재 과학자 (207화/완결),저거 식좀 써주실분? ㅋㅋ
재벌이 된 천재 과학자 (207화/완결),작가 양반 저게 도대체 뭔소리요
재벌이 된 천재 과학자 (207화/완결),지겨워서 더이상 못보겠네!
재벌이 된 천재 과학자 (207화/완결),몬땐네
재벌이 된 천재 과학자 (207화/완결),연쇄살인범 노숙자!!?
재벌이 된 천재 과학자 (207화/완결),회귀전엔 거절안했잖아? 왜 거절했다고나온거지?
재벌이 된 천재 과학자 (207화/완결),하.. 전대갈
재벌이 된 천재 과학자 (207화/완결),할만 다하면서 기분안나쁘게 할정도면 성공해야지
재벌이 된 천재 과학자 (207화/완결),핵무기를만들어드릴까요 ????비슷하네 ??
재벌이 된 천재 과학자 (207화/완결),레이더 이야기만 한세월이네
재벌이 된 천재 과학자 (207화/완결),솔직히 안보는걸 추천 이댓글이 언제까지 남아있을지 6월9일오후7시 언제없어지는지 바야지
재벌이 된 천재 과학자 (207화/완결),90화까지 레이더 2가지 개발한거빼곤 로비로 커미션받아처먹는예기 중간중간 어줍잖은 여자들예기로 분량빼고 초반보다 뒤로갈수록 페이지분량이절반은줄고 몬가 획기적인걸 개발해서 돈벌 생각은없고 로비로비로비 여기서 그만하차
재벌이 된 천재 과학자 (207화/완결),같이 이야기가 계속 반복된다 레이더 이야기만 몇번 들어야 하나...진행이 느려서 고구마 ... 하차 합니다...ㅜㅜ
재벌이 된 천재 과학자 (207화/완결),같은 이야기가 계속 반복되는거 같다...ㅜㅜ
재벌이 된 천재 과학자 (207화/완결),로비스트 이야기만 계속 된다...진행이 너무 느려서 지루 해진다...ㅜㅜ
재벌이 된 천재 과학자 (207화/완결),슬슬 지루해질려고 한다...ㅜㅜ
재벌이 된 천재 과학자 (207화/완결),오오 코난님이 댓글을 길게 쓰셨어
재벌이 된 천재 과학자 (207화/완결),처음 쓰시는 글인가? 내용은 그렇다쳐도 문맥상 어색한부분이 많이있네요 차츰 나아지리라 생각합니다
재벌이 된 천재 과학자 (207화/완결),출발
재벌이 된 천재 과학자 (207화/완결),옛날집 단번에 찾아갔네. 저번에 예전에 살던집 근처갔는데 다 재개발해서 결국 어디더라...하다가 집 못찾았는데...
