titles,comments
부부의 의무 [독점] (70화/완결),세현이가 다 협박건 다 알아내서 다진이한테 간거에 빡 돌아서 소희가 들이 박았나보다
부부의 의무 [독점] (70화/완결),❤
부부의 의무 [독점] (70화/완결),❤
부부의 의무 [독점] (70화/완결),그걸 어떻게 알아
부부의 의무 [독점] (70화/완결),모녀가 쌍으로 남의 남자 뺏으려고 난리가 아니네;..
부부의 의무 [독점] (70화/완결),아!! 소희년이 남아있었네?? 망신 당하고 싶어서 알아서 접근해주는구나 멍청하게스리!!
부부의 의무 [독점] (70화/완결),그니깐 있을때 잘하라고
부부의 의무 [독점] (70화/완결),부럽네요~~임신했을때 서러웠던 일들 절대 잊지못하는데~이렇게 가족과 남편이 사랑해주니~~~
부부의 의무 [독점] (70화/완결),클린봇이 부적절한 표현을 감지한 댓글입니다.
부부의 의무 [독점] (70화/완결),배려를 좀 할 것이지 이건 초지일관 지멋대로네 기억이 있거나 없거나
부부의 의무 [독점] (70화/완결),클린봇이 부적절한 표현을 감지한 댓글입니다.
부부의 의무 [독점] (70화/완결),여주는 왜 이렇게 맹해?? 시간이 지나도 바뀐 게 앖어시키는대로 다하겠네
부부의 의무 [독점] (70화/완결),현우야 신경 써주는 선 고마운데 그건 다진이가 도와달라고 손 내밀었을 때 네가 뭔데 그러니 선넘지말자??
부부의 의무 [독점] (70화/완결),"이 여자 밑바닥까지 끌려내려가야 정신을 차릴 여자네..욕심낼걸 욕심내라.니 남자엿을거면 그만은시간, 세월 걍 그리 흘러보냇을려나..ㅉㅉ...어리석기는~~~"
부부의 의무 [독점] (70화/완결),날뛰는 망둥이는 날뛰지 못하게 재압하거나 두드려패야 조용하지
부부의 의무 [독점] (70화/완결),인생 막사네
부부의 의무 [독점] (70화/완결),클린봇이 부적절한 표현을 감지한 댓글입니다.
부부의 의무 [독점] (70화/완결),남자들이 저걸 물어보긴 하는구나 ㅋ
부부의 의무 [독점] (70화/완결),음....
부부의 의무 [독점] (70화/완결),남편이 최고네
부부의 의무 [독점] (70화/완결),클린봇이 부적절한 표현을 감지한 댓글입니다.
부부의 의무 [독점] (70화/완결),책임이 아니라 넌 이제 아무데도 못가 이렇게 해야지 ㅠㅠ 참 거시기하네 ㅋㅋㅋㅋ
부부의 의무 [독점] (70화/완결),클린봇이 부적절한 표현을 감지한 댓글입니다.
부부의 의무 [독점] (70화/완결),저놈 나쁜 놈이네...
부부의 의무 [독점] (70화/완결),이친구 선넘네
부부의 의무 [독점] (70화/완결),이남자 위험하네 ㅋ
부부의 의무 [독점] (70화/완결),그래 그거 ㅋ
부부의 의무 [독점] (70화/완결),세현아~~~잘했다
부부의 의무 [독점] (70화/완결),이것들이 장난하나 ㅋㅋㅋ 100억?200억
부부의 의무 [독점] (70화/완결),할아버지 아셨으면 임소흰 걔를 가만두시면 안되죠 선을 많이 넘었는데 무슨일을 순주와 손주며느리가 당하면 어쩌라구😅
부부의 의무 [독점] (70화/완결),클린봇이 부적절한 표현을 감지한 댓글입니다.
부부의 의무 [독점] (70화/완결),너무 재미있게 잘 읽었어요 감사합니다
부부의 의무 [독점] (70화/완결),달고나시작~
부부의 의무 [독점] (70화/완결),"아니 왜 이대로 끝? 정주행 여러번 할 만큼 재미가 있긴 한데, 끝까지 소희네 덜 당해서 아쉬운데? 남의 남편을 공공연히 사위라고 부르면서 불륜 프레임 씌운 소희 모녀를 남주와 반반씩 불륜 프레임 나눠씌우고 끝인 것도 아쉬운데? 외전이 더 필요합니다. 남주 불륜남 오명은 벗겨주셔야죠. 소희ㄴ 더 망가져서 바닥을 구르게 해주시고."
부부의 의무 [독점] (70화/완결),"현우 놈 잘못 맞아. 첫대면에 바로 남편 진심 눈치채고 불륜인 척 이간질한 거고. 여주가 사랑스럽긴 한데 현실적이진 않음. 그 상황에서 불륜으로 이혼당하면 여주는 남편과 오빠 양쪽한테 버림받는 거고, 쟤는 여주가 다 잃으면 지가 책임(?)질 생각이나 한 거고. 그런데 여주는 고맙고 미안하다고 저 남사친한테 50억 내줄 생각이나 하고, 그 순간 바로 불륜 프레임 쓰게 된다는 생각은 또 못하고. 그래도 소희 걔처럼 끝까지 안 덤볐으니 용서가 되는 건데."
부부의 의무 [독점] (70화/완결),두번 정주행했어요~ 즐거웠어요👏🏻👏🏻👏🏻
부부의 의무 [독점] (70화/완결),현우 아련하네요..
부부의 의무 [독점] (70화/완결),"세현이 너무 태세 전환이 심하다고 생각지않니...;;,"
부부의 의무 [독점] (70화/완결),욕지기는 대체 언제 수정되나요..?
부부의 의무 [독점] (70화/완결),임산부가 커피라뉘...
부부의 의무 [독점] (70화/완결),완전 타이밍 굿~!!! 서현이 더 굴러야 하는데...
부부의 의무 [독점] (70화/완결),꽃을 든 남자~~~너무 좋다요👍
부부의 의무 [독점] (70화/완결),"이보세요, 남편! 생명의 은인하고 결혼한거같은데 어째서 기억잃기전엔 그렇게 모질게 굴었던 건지?"
부부의 의무 [독점] (70화/완결),그동안 다진이 이렇게 당했네 ㅜ.ㅠ
부부의 의무 [독점] (70화/완결),"다시 읽어도 절반의 사이다. 소희 쟤한테 상간녀 굴레로 끝나면, 남주가 여주 놔두고 바람 피운 상간남 굴레도 그대론데? 왜 남주나 여주나 상대방 생각해서 오명 벗길 생각을 안함? 시원하게 불륜 오명 벗기고, 소희 혼자 북치고 장구치고 생쇼한 게 사람들 앞에서 벗겨져야 함. 이왕이면 남주가 초반에 여주 파티에 안 내보내고 집에 들어앉힌 것도 질투심 때문에 그런 거 밝혀지고. 이건 뭐 소희 쟤가 씹다 붙여놓은 껌자국처럼 불륜 누명이 남았는데. 애가 자라서 지 아빠 불륜남이란 말 들으면 좋겠음?"
부부의 의무 [독점] (70화/완결),욕지기는 토할 것 같은 메스꺼움을 느낄 때 쓰는 단어입니다... 욕이 나올 정도로 좋음을 표현하고 싶으면 욕지거리가 맞는 듯해요...
부부의 의무 [독점] (70화/완결),지적하는거 별로 안좋아하는데 욕지기는 토할 것 같은 메스꺼움 구역질을 뜻하는 말입니다. 정황상 욕지거리가 맞는 말이네요…
부부의 의무 [독점] (70화/완결),결혼후에도 계속 무심함의 이유가 너무 약해요...뭔 일이 있었던것도 아니고 그냥?
부부의 의무 [독점] (70화/완결),뭐래. 현우 쟤는 이미 못 이기는 싸움이란 걸 알았는데. 소희 너나 괜히 쟤 들쑤시지 말고 꺼져. 둘 다 너무 꼴보기 싫은데 현우 쟤가 조금 더 똑똑한 듯.
부부의 의무 [독점] (70화/완결),오빠이름 살벌하네요 ㅋ
부부의 의무 [독점] (70화/완결),친엄마작품인갑다...
부부의 의무 [독점] (70화/완결),뭔약점인지 걍알려줘ㅡㅡ!
부부의 의무 [독점] (70화/완결),"빈말로 행복을 빌어줘서 뭐, 현우가 대단하다고? 걔 네 남편과 첫대면에서 남편 진심 눈치채고 이간질했어. 대낮에 너랑 호텔 드나드는 사이니 간섭할 자격 있다고. 네가 남편 떠나서 해외로 나간다니까 같이 가려고 신이 나서. 소설이 재미는 있는데 여주 심리는 가끔씩 적응이 안됨. 소희나 현우나 여사친이고 남사친이고 불륜오해 뒤집어씌우는 걸 아무렇지도 않게 생각하는 것들은 좀 참교육을 시키고 끝나야 하는 건데."
부부의 의무 [독점] (70화/완결),정말 오랜만에 정주행했음좋은 작품 감사합니다
부부의 의무 [독점] (70화/완결),클린봇이 부적절한 표현을 감지한 댓글입니다.
부부의 의무 [독점] (70화/완결),50억이 애 이름이니; 여주 너는 정말...세상물정 몰라도 너무 몰라ㅠ 애초에 조폭들이 미성년자인 너네 납치했을 때 넌 이미 정당방위로 협박 당할 일도 없었어. 어휴 정말 저 남사친 놈이랑 떠났으면 남주 미쳐돌 뻔;;
부부의 의무 [독점] (70화/완결),축하축하
부부의 의무 [독점] (70화/완결),임신했는데 커피를 마셔?
부부의 의무 [독점] (70화/완결),브룬펠시아 꽃말 어서 나에게 키스해 주세요
부부의 의무 [독점] (70화/완결),동정이었다니ㅋㅋㅋ
부부의 의무 [독점] (70화/완결),뭐야 질투심에 집에 가뒀네..
부부의 의무 [독점] (70화/완결),역시 오빠 쓰레기네
부부의 의무 [독점] (70화/완결),"여주한테 화낼 권리 없는데? 그때도 여주한테 말도 거의 안했고 지금도 설명을 너무 아끼잖아. 이복오빠하고 짜고 여주 살인죄인 척 자꾸 남주를 협박하듯 불러낸 거, 그 바람에 스캔들 돌았던 거 여주도 알 권리 있는 건데. 어쨌든 핵심은 잘 전달했으니, 앞으로 오해 안 사게 잘하자."
부부의 의무 [독점] (70화/완결),임재철 아니고 윤재철이요~작가님 오타여있네요^^
부부의 의무 [독점] (70화/완결),ㅋㅋㅋㅋㅋ
부부의 의무 [독점] (70화/완결),세현씨 이제 아셨으면 좀 더 잘해주세요 ~~~ 다진이 안쓰러워 😢
부부의 의무 [독점] (70화/완결),ㅋㅋㅋ서로 처음이 아니라 생각하는데 처음인거 알면 당황타려나
부부의 의무 [독점] (70화/완결),다진이 안쓰럽다~힘내~~ 멋진 남편이 바로 옆에 있잖아~
부부의 의무 [독점] (70화/완결),그냥 말해~~ ㅜㅜ
부부의 의무 [독점] (70화/완결),클린봇이 부적절한 표현을 감지한 댓글입니다.
부부의 의무 [독점] (70화/완결),"그,참..자꾸만 외제세단 이라는 단어가 어색어색"
부부의 의무 [독점] (70화/완결),"이건 뭐, 왜 계속 19금이 나오죠?"
부부의 의무 [독점] (70화/완결),축하해 회장님 좋아사겠다
부부의 의무 [독점] (70화/완결),좋아요 서로를 대화로서 알아가는것
부부의 의무 [독점] (70화/완결),그런데 조금 부족한것 같아
부부의 의무 [독점] (70화/완결),사생아인줄 모르고 결혼했구나. 다진이 새어머니나 오빠가 세현의 웬수였을것 같네요.
부부의 의무 [독점] (70화/완결),작가님께서 어주를 나름 강인하게 표현하려고 하신듯한데 어째 좀 매치가 안되네요 ㅠ
부부의 의무 [독점] (70화/완결),기억을 잃었으면 사람들도 못알아볼텐데 5년은 좀 기네요. 1년정도로하지
부부의 의무 [독점] (70화/완결),다진이 회장님 아니고 할아버님 이라고 불러야 하지 않을까요~~
부부의 의무 [독점] (70화/완결),흠 없는 물.건..??
부부의 의무 [독점] (70화/완결),그럼 소희가 차로친겨?
부부의 의무 [독점] (70화/완결),클린봇이 부적절한 표현을 감지한 댓글입니다.
부부의 의무 [독점] (70화/완결),우리 남푠님이 한건하셨나봐~~^^ 아직 정신못차렸네ㅡㅡ
부부의 의무 [독점] (70화/완결),잼있게봤어요ㅋ
부부의 의무 [독점] (70화/완결),와...네이버에서 이런 수위가 가능하구나~
부부의 의무 [독점] (70화/완결),이제 2화 읽었는데 전개가 깔끔해서 흥미로워요~^^ 앞으로의 이야기들 기대할께요~ 화이팅!! 혹시 책으로도 나오나요? 책장을 남기며 읽고싶어네요^^
부부의 의무 [독점] (70화/완결),한심한 소희
부부의 의무 [독점] (70화/완결),첫날밤이 선물인건가요??? ㅋㅋㅋ
부부의 의무 [독점] (70화/완결),루아가 사라졌을까요??? 어디 갔을까?? 세현이 방!??
부부의 의무 [독점] (70화/완결),상황이 표지그림이네요~
부부의 의무 [독점] (70화/완결),이복오빠의 폭행이 있었나봐요... 세현아~~~ 다~~~ 니 잘못 같아...
부부의 의무 [독점] (70화/완결),정말 아무것도 하지 않은 말뿐인 부부였는데... 새로운 신혼생활이겠군... 같은사람인데 완전 다른 인격체네.... ㅋㅋ
부부의 의무 [독점] (70화/완결),남자취향이 너였는데... 뭘~~~ 결벽증 없어진거니??? ㅋㅋㅋ
부부의 의무 [독점] (70화/완결),너무 꼬이지않길 바래봅니다
부부의 의무 [독점] (70화/완결),별태 장난아니네..
부부의 의무 [독점] (70화/완결),여주 진짜 존심 없는듯ㅜㅜ
부부의 의무 [독점] (70화/완결),한번도 안했다고 말하면 되지 저 애매한 대답은 뭐야... 남주 오해하잖아
부부의 의무 [독점] (70화/완결),나중에 기억 돌아와도 안나는척 할 듯~~
부부의 의무 [독점] (70화/완결),응원합니다 재밌어요
부부의 의무 [독점] (70화/완결),27살에 전문의가 될수 있을까요?
부부의 의무 [독점] (70화/완결),재미있을 것 같아요 기대~
부부의 의무 [독점] (70화/완결),살인자는 무슨. 덮어씌웠다며. 진짜로 죽인 게 여주라 쳐도 힘없는 미성년자들 납치한 조폭들한테 정당방위인데?
부부의 의무 [독점] (70화/완결),다진이 살려
부부의 의무 [독점] (70화/완결),황여사가 아니라 홍여사 아닌가요? 탈고 하시기전에 전체적인 내용이나 오타 검증 하셨으면~ 재밌게 읽다가 이렇게 오타가 많으면 쿠키가 아깝게 느껴집니다
부부의 의무 [독점] (70화/완결),남주 소유욕×짐승미 대폭발~
부부의 의무 [독점] (70화/완결),타이밍 굳!!
부부의 의무 [독점] (70화/완결),미친...저걸 참고 봄? 제가 당신 따님이냐고 반박 정도는 하자 여주야ㅠ 남주 쪼인트라도 까든가.
부부의 의무 [독점] (70화/완결),"남사친 놈 책임진다는 말도 참 재수없는데, 남편 놈 책임진다는 말도 좀 그러네. 책임질 놈이 맞긴 한데...우리 여주 짐짝 아니야. 넌 이제 내꺼야, 정도로 소유욕 드러냈으면 더 좋았을 걸ㅠ"
부부의 의무 [독점] (70화/완결),책임질 사람 따로 있어.. 집 명의 빌려줬다고 다 니것이 되는건 아니야...
부부의 의무 [독점] (70화/완결),멍멍
부부의 의무 [독점] (70화/완결),미치겠다ㅠ 저게 어떻게 친구니? 대낮에 호텔 드나든단 거짓말을 진짜로 널 위해서 했겠니? 네 평판 생각했으면 그딴 거짓말 하지도 않았어. 책임져? 호텔드나드는 사이? 네 뒤에서 기다려? 저게 어떻게 친구의 말이니? 말끝마다 지가 잘난 놈인데. 남자라고 계속 신호 보내는데.
부부의 의무 [독점] (70화/완결),각정 사회 공헌-각종 사회 공헌
부부의 의무 [독점] (70화/완결),인과응보는 확실하게 해줘야 하는데...넘 싱겁네요...
부부의 의무 [독점] (70화/완결),누가 자신보고 유부남 곁에서 지켜 보래?왜 아무죄 없는 사람을 미워 하는지...
부부의 의무 [독점] (70화/완결),"미친 아무리 남의 떡이 커보여도 그렇지...쇼윈도부부든,계약부부든 이미 가정이 있는 남자를 3년간이나 스토킹하고 싶을까? 그리고 욕하려면 지딸을 욕해야지 왜 다른 사람을 욕해? 어이가 없어서..."
부부의 의무 [독점] (70화/완결),클린봇이 부적절한 표현을 감지한 댓글입니다.
부부의 의무 [독점] (70화/완결),루아....없어 졌나요??
부부의 의무 [독점] (70화/완결),너무너무 재밌게 잘봤습니다.작가님의 전작이 지상최대공모전 최우수작이었지요 그 작품을 계기로 작가님의 팬이 되었는데 작가님 건필하시고 다음 작품도 기대할게요.
부부의 의무 [독점] (70화/완결),윤호는 등장이 없.. ... 꼬꼬마 기대했는데........
부부의 의무 [독점] (70화/완결),ㅋㅋ나중에 처음인거 알면 어쩌려고
부부의 의무 [독점] (70화/완결),집으로 도착한-집에 도착한
부부의 의무 [독점] (70화/완결),"아니, 남주가 잘못은 드럽게 많이 했는데, 근데 여주 너도 현우 놈 거짓말 좀 생각해 봐라. 정식으로 이혼도 안했는데 널 대낮에 남자랑 호텔 드나드는 불륜녀로 만들었어. 널 책임진다 어쩐다 하는 말도 문제가 심각해. 물질적 배려만 배려가 아니야. 저런 놈은 친구로도 실격이야."
부부의 의무 [독점] (70화/완결),"답글
1"
부부의 의무 [독점] (70화/완결),아니 와이프가 옆에 있는데 무슨 사위 .. 그 쪽 사람들은 예의같은건 안배우나봐.. 재벌 사모라는게 무식하네
부부의 의무 [독점] (70화/완결),74% '윤수의 말에'가 아니라 세현 아닌가요?
부부의 의무 [독점] (70화/완결),와~근데 다진인 떠날 생각하고 있고
부부의 의무 [독점] (70화/완결),통쾌하구만
부부의 의무 [독점] (70화/완결),방치에 무시했으면서 뭘 잃어버린 느낌이래 웃김ㅋㅋㅋ
부부의 의무 [독점] (70화/완결),"이 여주 맹하네ㅠ 현우 쟤 시그널 두번이나 받아놓고 친구로 보이니? 내가 너 책임진다느니, 호텔 드나드는 거 보면 모르냐느니, 이딴 소리 하는 것 자체가 쟤도 이상한 놈이야. 남주고 섭남이고 죄 자존감 도둑들만 있네ㅠ 두놈 다 굴려버려~"
부부의 의무 [독점] (70화/완결),47% 홍 여자의 말에-홍 여사의 말에
부부의 의무 [독점] (70화/완결),책임? 무슨 책임? 듣는 사람 은근 기분 나쁜 말인데? 그게 너와 다진이 사이에 어울리는 말이니?
부부의 의무 [독점] (70화/완결),쟤는 새드엔딩도 과분한데? 유부남 상대로 해피엔딩 꿈꾸면서 부인 음해하고 수작 부린 죗값은 치러야지. 배드엔딩 갑시다.
부부의 의무 [독점] (70화/완결),세현이 머리다치기전에는 진짜 먼생각으로 살았냐
부부의 의무 [독점] (70화/완결),빨리 말하자 다진이 넘어간다
부부의 의무 [독점] (70화/완결),향년은 죽은사람 나인데... 회장귀신이랑 얘기하는거임??
부부의 의무 [독점] (70화/완결),너무 재밌어요~~^^다음 작품도 기대할게요~~^^추석명절 잘보내세요~^^
부부의 의무 [독점] (70화/완결),다 말합시다
부부의 의무 [독점] (70화/완결),둘의 인연이 이때부터였네
부부의 의무 [독점] (70화/완결),클린봇이 부적절한 표현을 감지한 댓글입니다.
부부의 의무 [독점] (70화/완결),소희 쟤는 어케 손안보니?뒤로 연인이었다는 소문도는데 모를수있나?
부부의 의무 [독점] (70화/완결),저 조각상이랑 다진이랑 무슨 연관이 있으려나 궁금해지네요
부부의 의무 [독점] (70화/완결),자꾸 궁금해지네요소장권이 늘어나고 있어요^^
부부의 의무 [독점] (70화/완결),잔잔하게 재밌게 잘 봤어요
부부의 의무 [독점] (70화/완결),초야치름 ..부부의 의무
부부의 의무 [독점] (70화/완결),초야의 밤
부부의 의무 [독점] (70화/완결),부부의의무라..ㅎㅎ
부부의 의무 [독점] (70화/완결),헉거걱
부부의 의무 [독점] (70화/완결),ㅋㅋ
부부의 의무 [독점] (70화/완결),윤재철와 영 안 좋은-윤재철과 영 안 좋은
부부의 의무 [독점] (70화/완결),태몽이다아~~~
부부의 의무 [독점] (70화/완결),클린봇이 부적절한 표현을 감지한 댓글입니다.
부부의 의무 [독점] (70화/완결),나만 강아지 없어
부부의 의무 [독점] (70화/완결),같이사는건데 지좋을대로만 하고 살면 결혼왜하냐ㅜㅜ걍 가정부나 집안도우미를 더 들이지
부부의 의무 [독점] (70화/완결),마누라 얼굴은 기억하는.기억상실증 ㅋㅋㅋ
부부의 의무 [독점] (70화/완결),크... 세현.. 1억~~~ 시원 시원
부부의 의무 [독점] (70화/완결),ㅋㅋㅋ 사위는 무슨 ㅋㅋㅋㅋㅋㅋㅋㅋㅋㅋㅋ 도랏?
부부의 의무 [독점] (70화/완결),해피엔딩 좋네요...밤새읽었네요 ㅋ 지금시간까지 ㅋ
부부의 의무 [독점] (70화/완결),회장님 신났겠네 ㅋ
부부의 의무 [독점] (70화/완결),축하해요 ㅋ
부부의 의무 [독점] (70화/완결),재미있는데 평점이 거짓말하네 ㅎㅎㅎ
부부의 의무 [독점] (70화/완결),루아야 ~~ 지지야
부부의 의무 [독점] (70화/완결),할매 연륜은 그냥 드는게 아님을 배워라 손주녀석아
부부의 의무 [독점] (70화/완결),멋있다 세현..♡
부부의 의무 [독점] (70화/완결),그러게 백억 이백억을 그냥 받을려 했나혼자 좋아하고 몰라준다고 동굴 파고 들어가는 답답한 여주가 아니길
부부의 의무 [독점] (70화/완결),다리 사이의 미사일ㅋㅋㅋㅋㅋㅋㅋㅋㅋㅋㅋ
부부의 의무 [독점] (70화/완결),"도입부가 살짝 어색했는데, 전개는 재밌네요. 쪼는 맛이 있어요."
부부의 의무 [독점] (70화/완결),"끝까지 잘 봤어요. 작가님, 다음 작품도 기대할게요~"
부부의 의무 [독점] (70화/완결),소희 재철 미친거야~못 된것들
부부의 의무 [독점] (70화/완결),응~제로~
부부의 의무 [독점] (70화/완결),사위.... ㅁ친...
부부의 의무 [독점] (70화/완결),아니 자기 부인 잠자리 취향을 비서한테 알아오라고 하면 어떡하냐 ㅋㅋㅋㅋㅋㅋㅋㅋㅋㅋㅋ 그걸 어디 가서 알아오냐고 ㅋㅋㅋㅋㅋ
부부의 의무 [독점] (70화/완결),너무 재밌어요 ㅎ
부부의 의무 [독점] (70화/완결),미쳤다 너무재밌음
부부의 의무 [독점] (70화/완결),클린봇이 부적절한 표현을 감지한 댓글입니다.
부부의 의무 [독점] (70화/완결),"..책갈피 ^,^"
부부의 의무 [독점] (70화/완결),클린봇이 부적절한 표현을 감지한 댓글입니다.
부부의 의무 [독점] (70화/완결),작가님 런칭 축하드려요 ♡♡♡ 고생하신만큼 좋은 결과 얻으실거라 믿어요♡♡♡♡ 믿고보는 작가님~~~꽃길만 걸으셔요
부부의 의무 [독점] (70화/완결),별테 장난이 아니네ㅜ최서희 작가님 응원합니다. 앞전 작품에 이어 이번에도 믿고 달립니다.
부부의 의무 [독점] (70화/완결),참나ㅠ언제 읽었다고 7점이냐? 별테가 장난아니네
