titles,comments
폐하가 너무 잘생기셔서 (159화/완결),73화 황제 폐하의 맘 속에서 관계가 역전 되는 순간ㅋㅋㅋ
폐하가 너무 잘생기셔서 (159화/완결),ㅋㅋㅋㅋㅋ ㅋㅋㅋㅋ ㅋㅋㅋㅋ 시선을 뺏길수 없다는 알수없는 마음이 생겨버린 우리폐하ㅎㅎㅎ ㅎㅎㅎㅎㅎ
폐하가 너무 잘생기셔서 (159화/완결),뒤편 넘기기가 두렵워...왠지 심각한 공감성 수치심을 느끼게 될것같아...ㅜㅜ
폐하가 너무 잘생기셔서 (159화/완결),그럴까?
폐하가 너무 잘생기셔서 (159화/완결),황녀도 너무 귀엽다ㅜㅜ
폐하가 너무 잘생기셔서 (159화/완결),여주 짧게 단어만 말하는거 너무 귀여워요ㅋㅋㅋㅋㅋ
폐하가 너무 잘생기셔서 (159화/완결),아ㅋㅋ 재밌어요.여주 주접완전 취향임!
폐하가 너무 잘생기셔서 (159화/완결),아ㅋㅋ 진짜 리얼 덕질에 판타지양념ㅋㅋ 여주 넘귀엽ㅋㅋㅋ
폐하가 너무 잘생기셔서 (159화/완결),재밌는데 왜 댓글이 없지?ㅠㅠ
폐하가 너무 잘생기셔서 (159화/완결),ㅋㅋㅋㅋㅋ 이게뭐얔ㅋㅋㅋㅋㅋㅋㅋㅋ
폐하가 너무 잘생기셔서 (159화/완결),문법파괴여주라니ㅋㅋㅋ 보통 빙의하면 언어는 디폴트던데ㅋㅋㅋ황공습니닼ㅋㅋㅋㅋㅋㅋㅋ
폐하가 너무 잘생기셔서 (159화/완결),내 덕질을 돌아보게 만드는 귀여운 소설 ㅎ
