titles,comments
아르단 연대기 (137화/완결),고슬이 필요하군
아르단 연대기 (137화/완결),빡치겠네 ㅎㅎ
아르단 연대기 (137화/완결),이거 무조건 번역본이네.
아르단 연대기 (137화/완결),ㅋㅋㅋ
아르단 연대기 (137화/완결),이거 어디서 번역해온건가?
아르단 연대기 (137화/완결),기대됩니다~
아르단 연대기 (137화/완결),성녀가 고해성사하게 만드네
아르단 연대기 (137화/완결),자꾸 설정 틀리는 부분 거슬리네요 연재 초에 틀리는건 그럴 수 있다헤도 중반을 넘어서까지 계속 실수하시네..
아르단 연대기 (137화/완결),오타나 맞춤법 틀린게 몰입감을 한번 씩 깨부수넹
아르단 연대기 (137화/완결),재밌게 잘 봤습니다.
아르단 연대기 (137화/완결),드디어 끝이 보이는군요!
아르단 연대기 (137화/완결),재미있는데 댓글이 별로 없네
아르단 연대기 (137화/완결),괴랄한 공성전으로 지치다 날카로운 금속나팔이 날카로운소리를... 에서 gg
아르단 연대기 (137화/완결),로스릭인줄 재의 귀인이시여
아르단 연대기 (137화/완결),촌장 아들이 너무 불쌍하네
아르단 연대기 (137화/완결),이런
아르단 연대기 (137화/완결),최고다
아르단 연대기 (137화/완결),거인들을 다 죽이는건 너무 비효율적인것 같은데 제네들 다 복종시키면 발리스타가 1000개 생가는거잔아
아르단 연대기 (137화/완결),왜이렇게 문장이 부자연스러운 부분이 많지...보헤미아 답지 않아..
아르단 연대기 (137화/완결),쿠키가 있는데 글이 없다
아르단 연대기 (137화/완결),띠용???? 존나 당황하겟네 ㅋㅋㅋㅋㅋ
아르단 연대기 (137화/완결),존나 카리스마 있어
아르단 연대기 (137화/완결),ㅗㅜㅑ
아르단 연대기 (137화/완결),엘리시아가 히로인이 될 줄 알았는데 아닌가?
아르단 연대기 (137화/완결),오....역시 검을 가져가는군 이제 말만 찾으면 되겠어
아르단 연대기 (137화/완결),와 너무 잼있다
아르단 연대기 (137화/완결),와 전투 미쳤네
아르단 연대기 (137화/완결),ㅋㅋㅋㅋㅋㅋㅋㅋ말빨 오지네
아르단 연대기 (137화/완결),출발
아르단 연대기 (137화/완결),크 진짜 정통만이 보여줄 수 있는 이런 명분싸움 뭘 좀 아시네
아르단 연대기 (137화/완결),와 여기서 끊기다니 ㅠ
아르단 연대기 (137화/완결),이런
아르단 연대기 (137화/완결),최고다
아르단 연대기 (137화/완결),거인들을 다 죽이는건 너무 비효율적인것 같은데 제네들 다 복종시키면 발리스타가 1000개 생가는거잔아
아르단 연대기 (137화/완결),왜이렇게 문장이 부자연스러운 부분이 많지...보헤미아 답지 않아..
아르단 연대기 (137화/완결),쿠키가 있는데 글이 없다
아르단 연대기 (137화/완결),띠용???? 존나 당황하겟네 ㅋㅋㅋㅋㅋ
아르단 연대기 (137화/완결),존나 카리스마 있어
아르단 연대기 (137화/완결),ㅗㅜㅑ
아르단 연대기 (137화/완결),엘리시아가 히로인이 될 줄 알았는데 아닌가?
아르단 연대기 (137화/완결),오....역시 검을 가져가는군 이제 말만 찾으면 되겠어
아르단 연대기 (137화/완결),와 너무 잼있다
아르단 연대기 (137화/완결),와 전투 미쳤네
아르단 연대기 (137화/완결),ㅋㅋㅋㅋㅋㅋㅋㅋ말빨 오지네
아르단 연대기 (137화/완결),출발
아르단 연대기 (137화/완결),크 진짜 정통만이 보여줄 수 있는 이런 명분싸움 뭘 좀 아시네
아르단 연대기 (137화/완결),와 여기서 끊기다니 ㅠ
