titles,comments
블랙월드 [단행본] (8권/완결),출발
비는 오후가 되어 내린다 (115화/완결),음 뭔가 뾰족한 캐릭터들이 왕창 나왔는데 그 모난 구석들이 딱 맞물리진 않아서 약간 엉성한 느낌이 들긴함... 그런데 이상하게 몰입감이 있어서 끝까지 다 봤음... 캐릭터들이 독창적이고 나름 현실감이 있는데 너무 극단적이야
비는 오후가 되어 내린다 (115화/완결),여주의 권력욕에 비해 꾸준히 정조를 지키며 일관성있게 남주에만 몸대주는게 웃기네. 열녀확정이니 곧 남주랑 엮이면서 황후등극이 명확하게 준비되어 있으니 긴장감도 떨어지고 먼가 김빠지기 시작하넹그리 황후가 되고싶고 황태자 약혼했다면 결혼을 확정짓기 위해서라도 알랑방귀든 아부든 약혼남과 관계를 갖는게 더 설득력있다고 생각이드는데 이제와서 약혼파기된다 날뛰는게 이해가 안되넹 ㅋ 주둥이로만 사랑을 안믿는다 지껄여도 하는행동이 정조를 지키며 남편을 기다리는 아내이니 케릭터의 행동과 대사가 안어울려서 웃기게 보임. 남주여주의 갈등도 그저 정조를 지켜왔단걸 확인하기만 해도 남주랑 여주 재결합에 아무런 문제가 없지않나? 여주가 이혼했다 쳐도 이미 남주랑 2번이나 속궁합을 맞췄고(피임여부는 둘째치고ㅋ)남주외 몸을대준적이 없다면 아무런 장애가 안되니 지금까지의 갈등구조는 매우 빈약해보임
비는 오후가 되어 내린다 (115화/완결),허술한데 일단 계속 주행
비는 오후가 되어 내린다 (115화/완결),풉. 사고는 미리 막는게 최선이고 스스로를 먼저 돌보지 않고 타인에 운명을 맡기다가는 사고를 피할수 없다는것과 술도 적당히 마셔야한다는 진리를 새삼 깨닫게 해주는 장면이네요특히 술은 과하면 만악의 근원이니 적당히 즐겨야한다는건 덤이구요
비는 오후가 되어 내린다 (115화/완결),오....간만에 취저 . 찾았다
비는 오후가 되어 내린다 (115화/완결),아 고구마... 왜 이름들을 얘기를 안하냐고
비는 오후가 되어 내린다 (115화/완결),무슨 엄마가 저래~도둑질 해 왔다고 구박할 때는 언제고 그나마 돈 나올 구멍 없으니 데려가서 부려먹으려고... 딸에게 무슨 억하심정이 있어서 ㅠ ㅠ
비는 오후가 되어 내린다 (115화/완결),이자벨. 진짜 못배운 티낸다
비는 오후가 되어 내린다 (115화/완결),이자벨 제정신이야? 은혜를 원수로 갚네. 처음본 사람한테 옷 바꿔입자니. 황당해
비는 오후가 되어 내린다 (115화/완결),오빠랑 네살차이라며? 그러면 세실이 4살이면 오빠는 8살이지 작가가 나이계산을 못하는거냐 설정오류냐
비는 오후가 되어 내린다 (115화/완결),황자에게 거지라니 ㅋㅋㅋ
비는 오후가 되어 내린다 (115화/완결),엄마가 딸에게 저렇게 가르치다니...아무리 남녀가 평등하지 얺은 세상이라도 너무 하셨어요 ㅠ ㅠ
비는 오후가 되어 내린다 (115화/완결),가난하면 능력없는 남편과 결혼한 자신 탓이지 그게 왜 딸 탓이야 ㅠ ㅠ
비는 오후가 되어 내린다 (115화/완결),부모의 노골적인 편애는 지식의 마음을 병들게 하죠
비는 오후가 되어 내린다 (115화/완결),엄마 이상ㅎᆞ네
