titles,comments
회귀한 마궁수는 다재다능 (251화/완결),에이 쓰는김에 좀더쓰시지 쪼잔하게오년주네 흥
회귀한 마궁수는 다재다능 (251화/완결),철저히 응징해서 맘에 드네
회귀한 마궁수는 다재다능 (251화/완결),아이언 골렘도 꺼내
회귀한 마궁수는 다재다능 (251화/완결),도망간 마탑주들은 어디?
회귀한 마궁수는 다재다능 (251화/완결),다 죽이지 못하면 마탑주들 단결할텐데 왜 저런 무리수를?
회귀한 마궁수는 다재다능 (251화/완결),슈웰 너무 바쁘네 학생에 사업가에 용병에 마탑주에 마도구 제작자에 동생 스승에..
회귀한 마궁수는 다재다능 (251화/완결),황태자가 조슈아한테 이용당하는건가
회귀한 마궁수는 다재다능 (251화/완결),마법사들 좀 억울한데 마탑주가 협상해서 그런 건데
회귀한 마궁수는 다재다능 (251화/완결),플로라 좋아
회귀한 마궁수는 다재다능 (251화/완결),아니 동생이랑 뭐 한 것도 없는데 미워하네ㅋㅋ
회귀한 마궁수는 다재다능 (251화/완결),어서 더 성장하자
회귀한 마궁수는 다재다능 (251화/완결),드레이크 고기 ㅌ김 가게를 하려나ㅎㅎ
회귀한 마궁수는 다재다능 (251화/완결),카이든황자는 그냥 알려주지
회귀한 마궁수는 다재다능 (251화/완결),흑마법사나 제럴드형에 대해 물어봐
회귀한 마궁수는 다재다능 (251화/완결),퓨리 그동안 외로웠겠다ㅜ
회귀한 마궁수는 다재다능 (251화/완결),아 저래서 경계 안으로 텔레포트를 못한 거군..
회귀한 마궁수는 다재다능 (251화/완결),펫이 생기려나
회귀한 마궁수는 다재다능 (251화/완결),용병패 안 받고도 최대한 산맥 근처까지 말 타고 와서 텔레포트로 들어가면 될 거 같은데
회귀한 마궁수는 다재다능 (251화/완결),훈훈하네
회귀한 마궁수는 다재다능 (251화/완결),여기는 형제자매들이 다 같은 부모한테 태어나서 사이가 좋네요.
회귀한 마궁수는 다재다능 (251화/완결),슈웰 유머는 되도록 안하는 걸로...
회귀한 마궁수는 다재다능 (251화/완결),오 기연을 얻겠군요
회귀한 마궁수는 다재다능 (251화/완결),재밌네요.
회귀한 마궁수는 다재다능 (251화/완결),누이가 x년이네 생각이 없노
회귀한 마궁수는 다재다능 (251화/완결),지금도 하는 행동보면 충분히 어리석은데......
회귀한 마궁수는 다재다능 (251화/완결),너무 허술한거 아니냐 그럴거면 변장 왜 하냐 보면 볼수록 답답하고 화가 나네....
회귀한 마궁수는 다재다능 (251화/완결),3황자한테 라인 탈거면 왜 환생했냐 호구도 아니고
회귀한 마궁수는 다재다능 (251화/완결),왜계 끌려다니냐 답답하게
회귀한 마궁수는 다재다능 (251화/완결),하 씨 아카데미 나옴? ㅋ
회귀한 마궁수는 다재다능 (251화/완결),ㅁㅇㅁㅇ
회귀한 마궁수는 다재다능 (251화/완결),머리카락이 다 빠진다는건 좋은건데...원@맨을 모르네
회귀한 마궁수는 다재다능 (251화/완결),돌상이면 가고일이나 골렢인가?
회귀한 마궁수는 다재다능 (251화/완결),출발
회귀한 마궁수는 다재다능 (251화/완결),넘 여린주인공이 마음에 안드네 가족을 돌보는건 주인공몫으로 돌아가네 이런 스토리는 재미없는대 형은간다 애들이나 바라 주인공설정에 기대감도 안드네 독선적이고 좀 이기적인 주인공이 차라리 좋은대 주인공이 넘 헐렁하고 가벼워 회귀해도 자신에 몫이면 몫답게 강해지면되는대 가족을 챙기고 그리워하고 먼 약한모습은 다 나와 책임은 주인공이 져야하는게 아니지 에혀 이런스토리는 정말이지 명량소설보다도 못해
회귀한 마궁수는 다재다능 (251화/완결),출발...
회귀 실패 축구 황제의 상태창 (320화/완결),인터뷰 기대되네
회귀 실패 축구 황제의 상태창 (320화/완결),심판 인종 차별 쓰뤡일거 같은데
회귀 실패 축구 황제의 상태창 (320화/완결),하..우레기..
회귀 실패 축구 황제의 상태창 (320화/완결),클럽팀감독이면 바르샤 감독이요? 근데 한국 국대 감독이 아니라 수석코치?
회귀 실패 축구 황제의 상태창 (320화/완결),잉글랜드 가자!
회귀 실패 축구 황제의 상태창 (320화/완결),호날두 윙백쓰는 소리하고있네...호구기질이 다분하군. 결국 잉글랜드로 가나
회귀 실패 축구 황제의 상태창 (320화/완결),"계속 이러면 의심받을텐데,"
회귀 실패 축구 황제의 상태창 (320화/완결),정말 수치스럽겠다 ㅋㅋㅋㅋ 후대에도 남을 극장골
회귀 실패 축구 황제의 상태창 (320화/완결),? 한국 우승이 선더랜드보다 못하나?
회귀 실패 축구 황제의 상태창 (320화/완결),이러다 죽는거 아닌가 몰라
회귀 실패 축구 황제의 상태창 (320화/완결),산초랑 래시포드가 반대네?
회귀 실패 축구 황제의 상태창 (320화/완결),아돈아까비
회귀 실패 축구 황제의 상태창 (320화/완결),코난은 진짜 출발만 하네
회귀 실패 축구 황제의 상태창 (320화/완결),"안정환 환타지스타 S급은 과하지, A급이라면 모를까. 이강진도 B급 능력이면 적당하고... 과장이 가끔은 심하네요."
회귀 실패 축구 황제의 상태창 (320화/완결),승격 확정이였는데 1위유지로 가 왜 나오는지 모르겠네요...분명 남은 경기상관없이 승격확정이라고 했는데....?
