titles,comments
상사 임신 [클린 버전] (40화/완결),진작에 자신의 맘을 고백해주지...그랬다면 자신이 남편을 좋아하는 거에 대한 죄책감 땜에 도망치는 일은 없었을텐데...
상사 임신 [클린 버전] (40화/완결),남주 너 때매 말도 못하자나..
상사 임신 [클린 버전] (40화/완결),으잉‽‽프롤로그 모야‽‽‽ 그 마지막 한마디.. 와우
상사 임신 [클린 버전] (40화/완결),옳소
상사 임신 [클린 버전] (40화/완결),0ㅇ0
상사 임신 [클린 버전] (40화/완결),여기 작가님들글들. 올린거보면. 19금들 엄청. 있던데. 클린하면 재미 없는데. 성인들은. 뭔재미로 보라고
상사 임신 [클린 버전] (40화/완결),클리버전말고 정식버전은 어디서 보나요
상사 임신 [클린 버전] (40화/완결),변태야?
