titles,comments
남의 집 귀한 딸 [단행본] (6권/완결),이야..섭남... 섭남말이지? 이전 리뷰의 나를 매우 쳐라 그치만 스토리에 대한 무지는 죄가 아니니까 용서해주세요
남의 집 귀한 딸 [단행본] (6권/완결),사건이 해결될것같은데... 남주도 괜찮다는걸 작가님이 알려줬지만 섭남 좀 떠먹어봐 여주야
남의 집 귀한 딸 [단행본] (6권/완결),이혼했으니까 섭남이랑 이어지면 안되겠니.... 시월드도 처리되었잖니ㅠ
남의 집 귀한 딸 [단행본] (6권/완결),친정식구들과의 관계는 나아졌으나 남주와의 관계...으음... 이혼을 응원하지만 스토리가 그걸 허용해줄까? 난 서브남도 좋아 여주야
남의 집 귀한 딸 [단행본] (6권/완결),연재본보단 단행본이 편해서 쿠키구웠는데 일러 왜 세로로 늘려져서 보이는건지... 일단 1권까지는 시월드에서 벗어나지 못했음
신탁으로 남편을 얻었습니다 (120화/완결),갑자기 왜 묶어? ㅎㅎㅎ
오늘부터 계약합시다 (80화/완결),누가누구를 .....
오늘부터 계약합시다 (80화/완결),아.결혼식 등등 포함외전이 있었으면ㅠ 작가님 좋은글 감사합니다^^
오늘부터 계약합시다 (80화/완결),꼬시다!!!
오늘부터 계약합시다 (80화/완결),운명이네.운명^^
오늘부터 계약합시다 (80화/완결),ㅋㅋㅋ 너무재밌어요^^
오늘부터 계약합시다 (80화/완결),개쓰네정말.
오늘부터 계약합시다 (80화/완결),지유 너무 사랑스럽다^^
오늘부터 계약합시다 (80화/완결),주연아 오해라고말을해!
오늘부터 계약합시다 (80화/완결),오해좋아 좋아^^윤기 해주 개쓰들!!
오늘부터 계약합시다 (80화/완결),이래서 기레기 기레기 거리는거지!!!쓰레기들.
오늘부터 계약합시다 (80화/완결),해순가 하는게 악마구만ㅠ
오늘부터 계약합시다 (80화/완결),돌아이들이 너무 많이나오네요!
오늘부터 계약합시다 (80화/완결),재밌다!!정말 재밌는글이다^^ 독자님들 이글 3화 봤지만 대~박 같아요!!!
오늘부터 계약합시다 (80화/완결),ㅋㅋㅋ 대박웃겨!!!
오늘부터 계약합시다 (80화/완결),흥미진진 한대요^^댓에 달달하다고해서 믿고 달릴게요!!!^^
미친개가 몽둥이를 물어버리면 (200화/완결),아드리안 입담 진짜 너무 죠아 ㅋㅋㅋㅋㅋㅋㅋ
미친개가 몽둥이를 물어버리면 (200화/완결),아드리안 뱀만나서 막 날라다니구 그러는겅가?
미친개가 몽둥이를 물어버리면 (200화/완결),첫사랑도 아드리안?
미친개가 몽둥이를 물어버리면 (200화/완결),우와 이런 여주 입담보소
미친개가 몽둥이를 물어버리면 (200화/완결),역시 재겸작가님 재밌당
미친개가 몽둥이를 물어버리면 (200화/완결),"그래요,음.. 좋았어요"
미친개가 몽둥이를 물어버리면 (200화/완결),행복했습니다감사해요
미친개가 몽둥이를 물어버리면 (200화/완결),크헤헤헤헹헷하오 내가 미쳐
미친개가 몽둥이를 물어버리면 (200화/완결),니힐가슴 아프네ㅠ
미친개가 몽둥이를 물어버리면 (200화/완결),"엘마이라,너 멋지닷"
미친개가 몽둥이를 물어버리면 (200화/완결),까앜 웬 까마귀 한 마리가 하늘을 날아 지나갔다ㅋㅋㅋ까앜
미친개가 몽둥이를 물어버리면 (200화/완결),허혘 그서 큰웃음을 부르네
미친개가 몽둥이를 물어버리면 (200화/완결),햐~~~둘 다 결단력 대단허잇
미친개가 몽둥이를 물어버리면 (200화/완결),최선을 다하다니 ㅠ
미친개가 몽둥이를 물어버리면 (200화/완결),꼭 그러지 않아도 되었는뎁니힐 산다고 감동이 줄진 않았을거라고요
미친개가 몽둥이를 물어버리면 (200화/완결),엥 근데 저번에 파루투스칼이 붉은계곡에서 왕으로 선택받아 나올때 이슬라를 안고 나와서 결혼한다고 했다는 묘사 있지 않았나요.....그녀가 왕이 되는걸 도와줬다고 선언했었다고....
미친개가 몽둥이를 물어버리면 (200화/완결),아니 정말로....떠나지 말지.......
미친개가 몽둥이를 물어버리면 (200화/완결),머여 진짜 좋아하나본데
미친개가 몽둥이를 물어버리면 (200화/완결),대체 누굴까요 셀레스트의 그사람ㅠㅠㅠ
미친개가 몽둥이를 물어버리면 (200화/완결),재작가...참 글 잘 써..
미친개가 몽둥이를 물어버리면 (200화/완결),와 아드리안 언니 너무 멋져요 *♡*
미친개가 몽둥이를 물어버리면 (200화/완결),와 이렇게나 악착같은 떡밥회수라니!작가님 리스펙트👍
미친개가 몽둥이를 물어버리면 (200화/완결),그러니까 아드리안은 최소한 양심(?)은 있었다는 거네?자기입으로 공주라고 한 게 아니니까 ㅎㅎ
미친개가 몽둥이를 물어버리면 (200화/완결),황금보다 귀한 것 = 시간
미친개가 몽둥이를 물어버리면 (200화/완결),오탈자 : 아드리안은 제게 매인 아셀라 병사의 집에서-> 짐에서
미친개가 몽둥이를 물어버리면 (200화/완결),아드리안과 셀레스트그들이 서로를 구원할 수 있도록 자신의 시간을 돌린 마르티니끄. 눈물 겨운 부정이로구나
미친개가 몽둥이를 물어버리면 (200화/완결),마르티니끄가 밤마다 영골을 쥐고 시간을 돌려달라고 기도한 것 때문에 시간이 돌아갔고그 때 아드리안과 어린 셀레스트가 만났구나
미친개가 몽둥이를 물어버리면 (200화/완결),헐 그 영골이 아펠라르의 눈이라고?그럼 불새가 계곡에서 아드리안이랑 셀레스트 다시 만났을 때 왜 몰랐을까? 그 땐 아드리안 가슴에 있었는데
미친개가 몽둥이를 물어버리면 (200화/완결),오탈자 : 철이 없다고 해 나-> 해야 하나
미친개가 몽둥이를 물어버리면 (200화/완결),"📌📌신의 재림을 가능케 하리라는 예언이 붙어있다는 그 성물의 이름이 ""아펠라르의 눈"" 마르티니끄가 훔쳐갔다는 성물이 바로 그것이고 불새가 찾아달라는 것도 ""눈"" 아이고 작가님이 다 말해놨는데도 이제야 알았네 ㅎ (아펠라르의 눈 설명은 51화)"
미친개가 몽둥이를 물어버리면 (200화/완결),📌📌불의 새의 웅장함정말 끝내주는 묘사임 분명 글인데 눈에 보이네
미친개가 몽둥이를 물어버리면 (200화/완결),📌📌미친개가 몽둥이를 물어버리기로 결심한 순간
미친개가 몽둥이를 물어버리면 (200화/완결),훅훅숨 좀 쉬자 결투신 넘나 멋진 것
미친개가 몽둥이를 물어버리면 (200화/완결),"멜라토르 쉐킼ㅋㅋㅋㅋ남자가 자궁암 걸리는 소리 하고 앉았다. 이런 유형은 지가 이기면 약속 지키라고 난리 치고, 지면 구렁이 담 넘듯 넘어가려 할테지"
미친개가 몽둥이를 물어버리면 (200화/완결),열옥과는 패션후르츠를 묘사한 것 같네
미친개가 몽둥이를 물어버리면 (200화/완결),"이단 왕자, 어서 와서 셀레스트랑 눈알싸움 좀 해보시구랴.아드리안이랑 나는 팝콘 먹으며 관전할테니"
미친개가 몽둥이를 물어버리면 (200화/완결),카마이나가 셀레스트를 어떻게든 ~ 만들어두려는 것임을 짐작하기에 멜라토르는 아는 것이 없었다 -> ~짐작하기에는 멜라토르가 아는 것이 없었다 이렇게 해야 이해하기 쉬울 것 같네요
미친개가 몽둥이를 물어버리면 (200화/완결),오탈자 : 라이젝 백작->라이제 백작(이단 왕자 참모)
미친개가 몽둥이를 물어버리면 (200화/완결),쌀알과 향이라...너무 친숙해서 순간 무당집인가 했네 ㅎ 그리 더운 나라에서 쌀이라... 그럼 월남미같이 진기는 없고 펄펄 날리는 쌀이려나 ㅋ
미친개가 몽둥이를 물어버리면 (200화/완결),"그 노인이 마르타이자, 셀레스트의 아버지라면?"
미친개가 몽둥이를 물어버리면 (200화/완결),오탈자 : 붉게 타오르는 숱이 드러나며-> 숯
미친개가 몽둥이를 물어버리면 (200화/완결),클린봇이 부적절한 표현을 감지한 댓글입니다.
미친개가 몽둥이를 물어버리면 (200화/완결),카마이나.....가만히나 있으면 좋으련만;;그래. 지금은 흥해라. 그래야 나중에 무너질 때 더 고통스럽지 ㅋ
미친개가 몽둥이를 물어버리면 (200화/완결),어라 차크라 수련한 사람 몸에 생기는 돌이 선홍색이라고 들었던 것 같은데 저거 남주 몸에 꽂힐려나
미친개가 몽둥이를 물어버리면 (200화/완결),"중간에 잘못된부분이 있네요. 엘마이라가 얼마나 아셀라를 사랑했는지~가 아니라 요크야카르타를 사랑했는지, 로 바꿔야 할 것 같아요"
미친개가 몽둥이를 물어버리면 (200화/완결),아니 근데 저영감탱 무슨사연이냐구..
미친개가 몽둥이를 물어버리면 (200화/완결),이단은 입덕부정기라고 하긴 너무 길지 않니?
미친개가 몽둥이를 물어버리면 (200화/완결),아드리안 맞았네..
미친개가 몽둥이를 물어버리면 (200화/완결),거참 볼수록 미스테리한 할배네...
미친개가 몽둥이를 물어버리면 (200화/완결),"셀레스트가 왕의 아들인건가.,.... 그 아셀라인이 왕이었나..?"
미친개가 몽둥이를 물어버리면 (200화/완결),아드리안 능글맞고 그럴때마다 사라 꺄르륵하는거 넘나 흐뭇..
미친개가 몽둥이를 물어버리면 (200화/완결),둘이 생각보다 사이가 좋은데...?
미친개가 몽둥이를 물어버리면 (200화/완결),좋다.....
미친개가 몽둥이를 물어버리면 (200화/완결),그 있잖아요.. 내남친의 여사친을 같이 만났는데 둘만아는 이야기를 계속하는 그 기분 . ㅂㄷㅂㄷ
미친개가 몽둥이를 물어버리면 (200화/완결),와우
미친개가 몽둥이를 물어버리면 (200화/완결),헐...
미친개가 몽둥이를 물어버리면 (200화/완결),아..... 너무 좋아서 무릎에 얼굴을 묻고 헤실헤실 읏고싶어서ㅠㅠㅠㅠㅠㅠ
미친개가 몽둥이를 물어버리면 (200화/완결),아왜애애애애애애
미친개가 몽둥이를 물어버리면 (200화/완결),아니? 안이겨도 그런것따윈 할슈있어!!!
미친개가 몽둥이를 물어버리면 (200화/완결),와...뺨때기를 때렸는데 이가 부러지다니..
미친개가 몽둥이를 물어버리면 (200화/완결),와 흥미진진자라지리지리자
미친개가 몽둥이를 물어버리면 (200화/완결),황금향의 왕자아니야 혹쉬...?
미친개가 몽둥이를 물어버리면 (200화/완결),와우
미친개가 몽둥이를 물어버리면 (200화/완결),모야..0
미친개가 몽둥이를 물어버리면 (200화/완결),왜 한산해지는거야ㅜㅜ 병사들이 시비걸라고 쳐다보고잇나ㅠㅠ
미친개가 몽둥이를 물어버리면 (200화/완결),ㅋㅋㅋㅋ 캬악~♡♡♡♡
미친개가 몽둥이를 물어버리면 (200화/완결),그냥 이대로 있음 안되나????
미친개가 몽둥이를 물어버리면 (200화/완결),어김없이 사랑에 빠지는그나
미친개가 몽둥이를 물어버리면 (200화/완결),우와~
미친개가 몽둥이를 물어버리면 (200화/완결),웅장해진당
미친개가 몽둥이를 물어버리면 (200화/완결),어머 걍 한방에 바사삭..
미친개가 몽둥이를 물어버리면 (200화/완결),이커플도 절절하당 ㅠㅡㅠ
미친개가 몽둥이를 물어버리면 (200화/완결),안대!!!
미친개가 몽둥이를 물어버리면 (200화/완결),두근두근
미친개가 몽둥이를 물어버리면 (200화/완결),현실적인 주인공 보소
미친개가 몽둥이를 물어버리면 (200화/완결),여기 모여 웅성웅성 ㅎㅎ다 귀엽
미친개가 몽둥이를 물어버리면 (200화/완결),"셀레스트이요망한남자,.야한남자야!!!!!!!!!!!!! 이난리 치고 댓글 들어왔는데 너무나도 차분한 댓글에 갑자기 사랑하는 연인을 따뜻하게 바라보는 아련한 눈빛으로 댓글창 꼬라봄...."
미친개가 몽둥이를 물어버리면 (200화/완결),너무 재미있게 읽었어요 좋은작품 감사합니다!!
미친개가 몽둥이를 물어버리면 (200화/완결),너무 재밌는디~ 달립니다
미친개가 몽둥이를 물어버리면 (200화/완결),이야~ 말빨이!! 느무 멋있는데
미친개가 몽둥이를 물어버리면 (200화/완결),나는 그 농담이 웃기다오ㅎㅎ
미친개가 몽둥이를 물어버리면 (200화/완결),달다 달아
미친개가 몽둥이를 물어버리면 (200화/완결),이러니 셀레스트가 잊을수 있을리가...
미친개가 몽둥이를 물어버리면 (200화/완결),아니 영골 토스가 이렇게 된다고
미친개가 몽둥이를 물어버리면 (200화/완결),오~~~~
미친개가 몽둥이를 물어버리면 (200화/완결),셀레스트 영골이 그때 불새가 받아간거?
미친개가 몽둥이를 물어버리면 (200화/완결),이 남매는 무시무시하군..
미친개가 몽둥이를 물어버리면 (200화/완결),아드리안 불새인거 같아요
미친개가 몽둥이를 물어버리면 (200화/완결),아드리안이 불새의 후손. 셀레스트가 황금향의 주인인가?
미친개가 몽둥이를 물어버리면 (200화/완결),셀레스트 아빠가 황금향의 왕자 아니었을까요? 훔친 신물이 원래 황금향의 물건이었던 아닐까요?
미친개가 몽둥이를 물어버리면 (200화/완결),아 검은물이 석유였군요..! 뭔가 판타지 소설의 마법적 무언가인가 했네요..!
미친개가 몽둥이를 물어버리면 (200화/완결),너무나도 짜릿한 서사와 필력에 정신 못차리는중...
미친개가 몽둥이를 물어버리면 (200화/완결),굿다이노.
미친개가 몽둥이를 물어버리면 (200화/완결),사망플레그멈춰.!!!!!!!
미친개가 몽둥이를 물어버리면 (200화/완결),재겸님 소설은 진짜.. 몰입도가 어마어마해요 ㅎㅎㅎㅎㅎ너무 잘 읽었습니다 좋은글 감사합니디❤️
미친개가 몽둥이를 물어버리면 (200화/완결),니힐아
미친개가 몽둥이를 물어버리면 (200화/완결),하여간 그 핏줄이 그핏줄이지
미친개가 몽둥이를 물어버리면 (200화/완결),플루메리아 꽃말이 당신을 만난 건 행운입니다. 래요ㅠㅠ
미친개가 몽둥이를 물어버리면 (200화/완결),이게 이렇게 되네..
미친개가 몽둥이를 물어버리면 (200화/완결),"어 음 아 어 엄 으,,,,그,, 새언니 되실 분 이다,,,,,,,,,/"
미친개가 몽둥이를 물어버리면 (200화/완결),"또, 좋아서. 또, 좋아서. 또, 좋아서. 또, 좋아서. 또, 좋아서. 또, 좋아서. 또, 좋아서. 또, 좋아서. 또, 좋아서. 또, 좋아서. 또, 좋아서. 또, 좋아서. 또, 좋아서. 또, 좋아서. 또, 좋아서. 또, 좋아서. 또, 좋아서. 또, 좋아서. 또, 좋아서. 또, 좋아서. 또, 좋아서. 또, 좋아서. 또, 좋아서. 또, 좋아서. 또, 좋아서. 또, 좋아서. 또, 좋아서. 또, 좋아서. 또, 좋아서. 또, 좋아서. 또, 좋아서. 또, 좋아서. 또, 좋아서. 또, 좋아서. 또, 좋아서. 또, 좋아서. 또, 좋아서. 또, 좋아서. 또, 좋아서. 또, 좋아서. 또, 좋아서. 또, 좋아서. 또, 좋아서. 또, 좋아서. 또, 좋아서. 또, 좋아서. 또, 좋아서. 또, 좋아서. 또, 좋아서. 또, 좋아서. 또, 좋아서. 또, 좋아서. 또, 좋아서. 또, 좋아서. 또, 좋아서. 또, 좋아서. 또, 좋아서. 또, 좋아서. 또, 좋아서. 또, 좋아서."
미친개가 몽둥이를 물어버리면 (200화/완결),아니.왜 여기만 댓글풍년. ㅋ
미친개가 몽둥이를 물어버리면 (200화/완결),셀레스트 갈팡질팡 맘 못잡을까 했는데 그냥 직진남이였노
미친개가 몽둥이를 물어버리면 (200화/완결),등 말고 가슴팍에도 뭐가 있어야 하나
미친개가 몽둥이를 물어버리면 (200화/완결),사촌 매국노네.
미친개가 몽둥이를 물어버리면 (200화/완결),엘마이라 벌써 볼모로 간게 아니라 이제 가는 거 였구나
미친개가 몽둥이를 물어버리면 (200화/완결),"앞으로의 전개가 기대된다. 얘가 왕비 되거나 반란 일으키거나 하진 않을 것 같고, 황금향 찾은 뒤에 어떻게 될까?"
미친개가 몽둥이를 물어버리면 (200화/완결),니힐... ㅠㅠ
미친개가 몽둥이를 물어버리면 (200화/완결),ㅋㅋ잠깐 진짠가했자나!
미친개가 몽둥이를 물어버리면 (200화/완결),왕자 괜찮네
미친개가 몽둥이를 물어버리면 (200화/완결),일러보고도 미친개가 여자인줄은ㅋㅋ
미친개가 몽둥이를 물어버리면 (200화/완결),엘마이라 입장에서는 진짜 속터지겠다... 나라 뺏기고 볼모로 가게 된 것도 서러운데 침략국에서 보낸 섭정이 대놓고 감시를 붙여 놨으니ㅠㅠㅠㅠ
미친개가 몽둥이를 물어버리면 (200화/완결),셀레스트 그 사기꾼 아버지가 왕일것 같은데.. 눈도 파랗다는거 보니
미친개가 몽둥이를 물어버리면 (200화/완결),ㅋㅋㅋㅋㅋㅋㅋㅋㅋ
미친개가 몽둥이를 물어버리면 (200화/완결),ㅠㅠㅠㅠㅠㅠ 니힐도 잘 살았음 좋겠다
미친개가 몽둥이를 물어버리면 (200화/완결),설마 바르바테 듀가 셀레스트 아버지?
미친개가 몽둥이를 물어버리면 (200화/완결),능력되면 반역하겠음....
미친개가 몽둥이를 물어버리면 (200화/완결),크~~3각 아니4각
미친개가 몽둥이를 물어버리면 (200화/완결),왕녀랑 노예병은 사약인가요?ㅠㅠㅠㅠ
미친개가 몽둥이를 물어버리면 (200화/완결),엘마이라 너무 좋은데 볼모로 가야하다니ㅠㅠ 안타깝다
미친개가 몽둥이를 물어버리면 (200화/완결),친아빠여???
미친개가 몽둥이를 물어버리면 (200화/완결),아 왕이고 아빠고 오빠고 공주고 머시 다다다맘에안듬ㅠ
미친개가 몽둥이를 물어버리면 (200화/완결),어머낫...*'-'*
미친개가 몽둥이를 물어버리면 (200화/완결),어머낫..
미친개가 몽둥이를 물어버리면 (200화/완결),차크라가 억지로 깨워진 자들은 깨워준 자에 한해 기운을 위험부담 없이 쓸 수 있다고 했었죠..
미친개가 몽둥이를 물어버리면 (200화/완결),찌글찌글 살렴!ㅋㅋㅋ 이 말이 넘 웃겨요
미친개가 몽둥이를 물어버리면 (200화/완결),여주 성격 너무 좋아요
미친개가 몽둥이를 물어버리면 (200화/완결),여주 멋있어 ㅋㅋㅋ 되로 주고 말로 받는 남주 ㅋㅋ
미친개가 몽둥이를 물어버리면 (200화/완결),이 작가님 다른 작품 보고 왔는데 여주 이름에 남자 이름 붙이기가 취미시군요?!
미친개가 몽둥이를 물어버리면 (200화/완결),마르타 언급 꽤 긴데 남주 아빠인가?
미친개가 몽둥이를 물어버리면 (200화/완결),할배가 마르큰지 성물 훔친 사람인가
미친개가 몽둥이를 물어버리면 (200화/완결),니힐한테 너무 잔인한데
미친개가 몽둥이를 물어버리면 (200화/완결),시간여행?
미친개가 몽둥이를 물어버리면 (200화/완결),어머!이거 뭐죠?!!시벌~~ㅋㅋㅋㅋㅋ 찰지다....찰져!! 간수가 물으려던 거 궁금해 죽겠네.
미친개가 몽둥이를 물어버리면 (200화/완결),"아드리안이 나중에 영원성을 받긴 하나봐요즐라탄경이 70대였을때, 아드리안의 오빠새끼가 40대일때도 아드리안은 20대의 모습이니 말이에요 아드리안과 셀레스트가 행복하게 사는 모습을 좀 더 봤으면 하는 아쉬움이 많이 남아요~ 주인공과 등장인물들의 섬세한 감정선, 아름다운 자연환경들과 동물들이 기억에 많이 남고 여운이 긴 작품이에요 글을 읽는 내내 행복하고 안타깝고 즐거웠습니다 재겸님의 다음 작품을 기대할게요~"
미친개가 몽둥이를 물어버리면 (200화/완결),사랑하는 모습이 예쁘네
미친개가 몽둥이를 물어버리면 (200화/완결),"재겸님~~ 글을 읽는 내내 재밌고 행복했어요어쩜 이리 글을 잘 쓰시는지 항상 믿고 봅니다^^ 재겸님의 글에 몰입하며 읽느라 시간가는 줄도 몰랐어요 요크야카르타,, 아셀라, 검은 초원 등 여러 곳의 풍경들을 눈으로 그리며 아름다운 모습을 상상해 보았습니다 셀레스트, 아드리안, 니힐.. 여운이 많이 남네요"
미친개가 몽둥이를 물어버리면 (200화/완결),아드리안과 셀레스트의 대화가 참 좋다여운이 남아 계속 앞으로 나아가야겠지
미친개가 몽둥이를 물어버리면 (200화/완결),나 운다 니힐아ㅠ
미친개가 몽둥이를 물어버리면 (200화/완결),니힐 ㅠㅠ 넘 슬퍼
미친개가 몽둥이를 물어버리면 (200화/완결),니힐아ㅠㅠ아끼던 캐릭터인데 슬퍼ㅠ
미친개가 몽둥이를 물어버리면 (200화/완결),아드리안의 부모님들 참 좋으시다
미친개가 몽둥이를 물어버리면 (200화/완결),셀레스트가 큰 날개를 가져서 이젠 아드리안과 어디든 쉽게 갈 수 있구나자유롭네~
미친개가 몽둥이를 물어버리면 (200화/완결),이제 이름도 알려주고ㅠ돌고 돌아 다시 만난 두 사람의 감정선이 정말 좋아ㅠ
미친개가 몽둥이를 물어버리면 (200화/완결),이렇게 엉킨 실타래였군
미친개가 몽둥이를 물어버리면 (200화/완결),마르타와 아드리안의 첫 만남이구나~
미친개가 몽둥이를 물어버리면 (200화/완결),저 빛은 어른이 된 셀레스트에게 보내주는 건가
미친개가 몽둥이를 물어버리면 (200화/완결),공주ㅎㅎㅎ
미친개가 몽둥이를 물어버리면 (200화/완결),셀레스트 목소리가 되게 좋을것 같다아펠라르 하고 부르는 음성이 낮고 진중하게 음성지원이 되네
미친개가 몽둥이를 물어버리면 (200화/완결),마르타가 눈치챈건가?진짜 감이 빨라
미친개가 몽둥이를 물어버리면 (200화/완결),파루투스칼.. 참 좋은 사람이구나..
미친개가 몽둥이를 물어버리면 (200화/완결),마지막에는 병사들을 살려주는구나ㅎ
미친개가 몽둥이를 물어버리면 (200화/완결),둘 다 짠해진짜 제대로 감겼네
미친개가 몽둥이를 물어버리면 (200화/완결),"마르타, 셀레스트 둘 다 짠해ㅠ"
미친개가 몽둥이를 물어버리면 (200화/완결),아..셀레스트!
미친개가 몽둥이를 물어버리면 (200화/완결),어린 셀레스트 귀엽다ㅎ
미친개가 몽둥이를 물어버리면 (200화/완결),ㅋㅋ 그때는 공주님 소리에 바로 외면당했구나
미친개가 몽둥이를 물어버리면 (200화/완결),셀레스트 루 요크야타르카이름이 참 예쁘지
미친개가 몽둥이를 물어버리면 (200화/완결),뫼비우스의 띠 같아
미친개가 몽둥이를 물어버리면 (200화/완결),아드리안이 과거로 간걸까?
미친개가 몽둥이를 물어버리면 (200화/완결),오~불의 날개 멋지다
미친개가 몽둥이를 물어버리면 (200화/완결),불새 멋있다!
미친개가 몽둥이를 물어버리면 (200화/완결),니힐.. 죽으면 안돼 ㅠ
미친개가 몽둥이를 물어버리면 (200화/완결),당신도 나를 사랑하느냐고묻고 싶었다!! 으아~~ 셀레스트는 내 맘을 설레고 찡하게 만드는군
미친개가 몽둥이를 물어버리면 (200화/완결),셀러스트가 아드리안을 기다렸구나
미친개가 몽둥이를 물어버리면 (200화/완결),니힐 죽으면 안돼!!
미친개가 몽둥이를 물어버리면 (200화/완결),헉.. 엘라이라에게 들켰어!!! 어떻게 갈등을 풀지..조마조마해
미친개가 몽둥이를 물어버리면 (200화/완결),마음이 아려.. 셀레스트
미친개가 몽둥이를 물어버리면 (200화/완결),재미있게 읽었어요! 니힐이 마음에 남아요
미친개가 몽둥이를 물어버리면 (200화/완결),ㅋㅋ세라의 오해ㅎㅎ
미친개가 몽둥이를 물어버리면 (200화/완결),아드리안 손도 치료해줬나보다
미친개가 몽둥이를 물어버리면 (200화/완결),세 번째로 청혼할 때는 헛소리가 아니래~!!!외줄타기처럼 떨리네
미친개가 몽둥이를 물어버리면 (200화/완결),촥촥 감기는 님의 숨길 수 없는 살아있는 필력!내용마저 흥미롭네요ㅎㅎ
미친개가 몽둥이를 물어버리면 (200화/완결),아드리안과 셀레스트의 관계가 정말 좋다~~진짜 재밌는데 왜 댓글이 없지? 다들 쿠키 구우며 정주행하느라 그런가보다
미친개가 몽둥이를 물어버리면 (200화/완결),으아아아아 셀레스트!!!! 넘 설렌다
미친개가 몽둥이를 물어버리면 (200화/완결),노인장이 가지고 있는 건 성물이 아닐까?아드리안의 다리가 예전보다 나아져 다행이네
미친개가 몽둥이를 물어버리면 (200화/완결),"'자잘하다 못해 물안개에 가깝게 내리는 빗속에, 호롱을 든 남자가 있었다'와~~ 재겸님!! 디테일한 표현력이 정말 뛰어나세요!!! 글을 읽다보면 제 앞에 이미지가 영상처럼 펼쳐지며, 제가 주인공들을 가까이서 바라보는 것 같아요 아드리안과 셀레니트 등 등장인물들의 섬세한 감정선에 저의 심장은 아릴 듯 뻐근해지거나 간질간질해져요♡ 전 재겸님 글 속에 흠뻑 젖었답니다 이 소설이 정말 재밌어요^^"
미친개가 몽둥이를 물어버리면 (200화/완결),셀레스트 찐사랑이구나ㅠ
미친개가 몽둥이를 물어버리면 (200화/완결),아드리안의 마지막 말이 어린 시절에 만난 공주와 겹쳐보이는건가?
미친개가 몽둥이를 물어버리면 (200화/완결),아...니힐과 아드리안의 관계가 참 찡하다등골에 소름이 돋듯 전기가 올랐어 나 뭔가 울컥해.. 크흑ㅠ
미친개가 몽둥이를 물어버리면 (200화/완결),니힐 ㅠ
미친개가 몽둥이를 물어버리면 (200화/완결),마르타 너무 좋은 사람 ㅠㅠㅠ
미친개가 몽둥이를 물어버리면 (200화/완결),니힐 죽지마. ㅠ
미친개가 몽둥이를 물어버리면 (200화/완결),과거에 공주가 아드리안이었네여
미친개가 몽둥이를 물어버리면 (200화/완결),열옥 이라는게 패션 푸르츠 군요. 묘사를 보면 그렇게 느껴지네여
미친개가 몽둥이를 물어버리면 (200화/완결),꺄악~
미친개가 몽둥이를 물어버리면 (200화/완결),니힐 엘마이라 러브라인? 저는 니힐 세라랑 썸있을줄 알고 기대했는데 의외네요.
미친개가 몽둥이를 물어버리면 (200화/완결),처음에 조금 어려웠는데 점점 익숙해지니 너무 재밌네요. 역시 재겸님^^
미친개가 몽둥이를 물어버리면 (200화/완결),존잘
미친개가 몽둥이를 물어버리면 (200화/완결),아이구 가슴아파ㅜㅜ 아부지한테 우는모습 보이기 싫어가지고ㅜㅜ
미친개가 몽둥이를 물어버리면 (200화/완결),아 왜에ㅜㅜ 단호한 주인공 멋있지만 안타깝네요
미친개가 몽둥이를 물어버리면 (200화/완결),재겸님 정말 재밌습니다 이번 소설 배경이나 설정도 역시 흥미롭구요! 그런데 이번 소설에서는 ‘그리하여’라는 접속어가 이전 소설보다 너무 자주 등장하네요 일부러 소설분위기를 고전문학같은 느낌을 주시려고 한 걸까요? 처음에는 괜찮았는데 읽다보면 서술할때도 등장인물 대사때도 그 부분 때문에 집중이
미친개가 몽둥이를 물어버리면 (200화/완결),애늬래고~ ㅎㅎ ㅎ
미친개가 몽둥이를 물어버리면 (200화/완결),ㅋㅋ 왕자 충격
미친개가 몽둥이를 물어버리면 (200화/완결),ㅋㅋㅋ 재밌넹
미친개가 몽둥이를 물어버리면 (200화/완결),크 역시 작가님ㅜㅜ 한번에 올려주셔서 갈증 없이 시원하게 잘 읽었습니다. 믿고 보는 작가님 작품ㅎㅎ 다음 작품도 나오는대로 완독하겠습니다!!!
미친개가 몽둥이를 물어버리면 (200화/완결),할머니가 된 모습은 못봐서 좀 아쉽지만 재밌게 잘 읽었어요!
미친개가 몽둥이를 물어버리면 (200화/완결),너무 재미있게 읽었어요!
미친개가 몽둥이를 물어버리면 (200화/완결),세라 ㅋㅋㅋㅋ
미친개가 몽둥이를 물어버리면 (200화/완결),잘했어 아드리안!
미친개가 몽둥이를 물어버리면 (200화/완결),그치 아드리안!!
미친개가 몽둥이를 물어버리면 (200화/완결),이단 왕자 짜증나
미친개가 몽둥이를 물어버리면 (200화/완결),둘이 서로 좋아하는데 밀어내다니ㅠㅠㅠ
미친개가 몽둥이를 물어버리면 (200화/완결),재밌게 읽었어요 두사람은 서로만 있으면 행복했답니다 라는 결말을 좋아하진 않는데 이 둘은 계속 행복하게 살거같아요!
미친개가 몽둥이를 물어버리면 (200화/완결),어머 셀레스트 이놈! ㅋㅋㅋ
미친개가 몽둥이를 물어버리면 (200화/완결),손목에있는 영골이 마르타가 훔쳤다는 보물인가!?
미친개가 몽둥이를 물어버리면 (200화/완결),서로 좋아하게 되겠군용
미친개가 몽둥이를 물어버리면 (200화/완결),"뭐지,, 마르타 같은데 아드리안을 알고있는듯한.."
미친개가 몽둥이를 물어버리면 (200화/완결),너무 재밌어요!
미친개가 몽둥이를 물어버리면 (200화/완결),아드리안 ㅋㅋㅋ
미친개가 몽둥이를 물어버리면 (200화/완결),이거 어어어어엄청 재밌는데 댓글이 없네
미친개가 몽둥이를 물어버리면 (200화/완결),ㅋㅋㅋ 아드리안 귀엽다
미친개가 몽둥이를 물어버리면 (200화/완결),너무 재밌는데 댓글이 없어요!
미친개가 몽둥이를 물어버리면 (200화/완결),정말 읽으면서 소름 돋고 찡해서 울다가도 끝내는 저도 행복해졌어요. 이런 좋은글 읽게해주셔서 감사해요. 믿고 보는 작가님글이란걸 또 깨달았어요 햐 너무 좋다
미친개가 몽둥이를 물어버리면 (200화/완결),작가님 글은 역시 최고...!!며칠간 행복했습니다
미친개가 몽둥이를 물어버리면 (200화/완결),미친서사꽤좋아하시는듯
미친개가 몽둥이를 물어버리면 (200화/완결),재밌을것 같긴한데 앞 서사가 좀 길긴하네영.
미친개가 몽둥이를 물어버리면 (200화/완결),"완결까지 보고 온 선발대입니다! 이름이라든지 설정이 조금 복잡해서 초반에는 약간 공부하듯이 읽었던 기억이 나네요. 하지만 양산형 소설에서는 볼 수 없는 풍부한 표현과 스토리를 관통하는 메시지가 너무 인상적이었던 작품입니다. 읽고 있으면 저절로 요크야카르타의 여름을 상상하게 되고, 산과 계곡과 신을 믿는 사람들을 상상하게 돼요. 내내 여름의 소리가 환청처럼 들렸네요. 주인공들의 감정선도 참 예쁘고... 캐릭터들도 매력적이고. 최근 읽은 소설 중 제일 인상적이에요. 후회하지 않을 작품입니다!"
미친개가 몽둥이를 물어버리면 (200화/완결),이 소설 진짜 개짜릿하다 너무 재밌어 진짜 양산형 로판에 절여졌던 나에게 한줄기 빛이다 진짜...
미친개가 몽둥이를 물어버리면 (200화/완결),삘이 온다 이건 대작이다
미친개가 몽둥이를 물어버리면 (200화/완결),미쳤다 재겸신작인데 완결작....와 재겸님아 입벌려라 쿠키들어간다 🍪
미친개가 몽둥이를 물어버리면 (200화/완결),이런! 신작인데 심지어 완결이야!
미친개가 몽둥이를 물어버리면 (200화/완결),"결국 정착한 곳은 소박한 행복이 있는 곳이고, 수더분하면서 명랑한 주인공 덕에 저도 덩달아 행복해졌어요. 잘 읽었습니다♡"
미친개가 몽둥이를 물어버리면 (200화/완결),재겸작가님 싸랑해요♡
미친개가 몽둥이를 물어버리면 (200화/완결),재겸님 신작이라 정주행 바로 시작합니다~^^
미친개가 몽둥이를 물어버리면 (200화/완결),니힐 죽으면 안돼!!
미친개가 몽둥이를 물어버리면 (200화/완결),헉.. 엘라이라에게 들켰어!!! 어떻게 갈등을 풀지..조마조마해
미친개가 몽둥이를 물어버리면 (200화/완결),마음이 아려.. 셀레스트
미친개가 몽둥이를 물어버리면 (200화/완결),재미있게 읽었어요! 니힐이 마음에 남아요
미친개가 몽둥이를 물어버리면 (200화/완결),ㅋㅋ세라의 오해ㅎㅎ
미친개가 몽둥이를 물어버리면 (200화/완결),아드리안 손도 치료해줬나보다
미친개가 몽둥이를 물어버리면 (200화/완결),세 번째로 청혼할 때는 헛소리가 아니래~!!!외줄타기처럼 떨리네
미친개가 몽둥이를 물어버리면 (200화/완결),촥촥 감기는 님의 숨길 수 없는 살아있는 필력!내용마저 흥미롭네요ㅎㅎ
미친개가 몽둥이를 물어버리면 (200화/완결),아드리안과 셀레스트의 관계가 정말 좋다~~진짜 재밌는데 왜 댓글이 없지? 다들 쿠키 구우며 정주행하느라 그런가보다
미친개가 몽둥이를 물어버리면 (200화/완결),으아아아아 셀레스트!!!! 넘 설렌다
미친개가 몽둥이를 물어버리면 (200화/완결),노인장이 가지고 있는 건 성물이 아닐까?아드리안의 다리가 예전보다 나아져 다행이네
미친개가 몽둥이를 물어버리면 (200화/완결),"'자잘하다 못해 물안개에 가깝게 내리는 빗속에, 호롱을 든 남자가 있었다'와~~ 재겸님!! 디테일한 표현력이 정말 뛰어나세요!!! 글을 읽다보면 제 앞에 이미지가 영상처럼 펼쳐지며, 제가 주인공들을 가까이서 바라보는 것 같아요 아드리안과 셀레니트 등 등장인물들의 섬세한 감정선에 저의 심장은 아릴 듯 뻐근해지거나 간질간질해져요♡ 전 재겸님 글 속에 흠뻑 젖었답니다 이 소설이 정말 재밌어요^^"
미친개가 몽둥이를 물어버리면 (200화/완결),셀레스트 찐사랑이구나ㅠ
미친개가 몽둥이를 물어버리면 (200화/완결),아드리안의 마지막 말이 어린 시절에 만난 공주와 겹쳐보이는건가?
미친개가 몽둥이를 물어버리면 (200화/완결),아...니힐과 아드리안의 관계가 참 찡하다등골에 소름이 돋듯 전기가 올랐어 나 뭔가 울컥해.. 크흑ㅠ
미친개가 몽둥이를 물어버리면 (200화/완결),크 역시 작가님ㅜㅜ 한번에 올려주셔서 갈증 없이 시원하게 잘 읽었습니다. 믿고 보는 작가님 작품ㅎㅎ 다음 작품도 나오는대로 완독하겠습니다!!!
미친개가 몽둥이를 물어버리면 (200화/완결),할머니가 된 모습은 못봐서 좀 아쉽지만 재밌게 잘 읽었어요!
미친개가 몽둥이를 물어버리면 (200화/완결),너무 재미있게 읽었어요!
미친개가 몽둥이를 물어버리면 (200화/완결),세라 ㅋㅋㅋㅋ
미친개가 몽둥이를 물어버리면 (200화/완결),잘했어 아드리안!
미친개가 몽둥이를 물어버리면 (200화/완결),그치 아드리안!!
미친개가 몽둥이를 물어버리면 (200화/완결),이단 왕자 짜증나
미친개가 몽둥이를 물어버리면 (200화/완결),둘이 서로 좋아하는데 밀어내다니ㅠㅠㅠ
미친개가 몽둥이를 물어버리면 (200화/완결),재밌게 읽었어요 두사람은 서로만 있으면 행복했답니다 라는 결말을 좋아하진 않는데 이 둘은 계속 행복하게 살거같아요!
미친개가 몽둥이를 물어버리면 (200화/완결),어머 셀레스트 이놈! ㅋㅋㅋ
미친개가 몽둥이를 물어버리면 (200화/완결),손목에있는 영골이 마르타가 훔쳤다는 보물인가!?
미친개가 몽둥이를 물어버리면 (200화/완결),서로 좋아하게 되겠군용
미친개가 몽둥이를 물어버리면 (200화/완결),"뭐지,, 마르타 같은데 아드리안을 알고있는듯한.."
미친개가 몽둥이를 물어버리면 (200화/완결),너무 재밌어요!
미친개가 몽둥이를 물어버리면 (200화/완결),아드리안 ㅋㅋㅋ
미친개가 몽둥이를 물어버리면 (200화/완결),이거 어어어어엄청 재밌는데 댓글이 없네
미친개가 몽둥이를 물어버리면 (200화/완결),ㅋㅋㅋ 아드리안 귀엽다
미친개가 몽둥이를 물어버리면 (200화/완결),너무 재밌는데 댓글이 없어요!
미친개가 몽둥이를 물어버리면 (200화/완결),정말 읽으면서 소름 돋고 찡해서 울다가도 끝내는 저도 행복해졌어요. 이런 좋은글 읽게해주셔서 감사해요. 믿고 보는 작가님글이란걸 또 깨달았어요 햐 너무 좋다
미친개가 몽둥이를 물어버리면 (200화/완결),작가님 글은 역시 최고...!!며칠간 행복했습니다
미친개가 몽둥이를 물어버리면 (200화/완결),미친서사꽤좋아하시는듯
미친개가 몽둥이를 물어버리면 (200화/완결),재밌을것 같긴한데 앞 서사가 좀 길긴하네영.
미친개가 몽둥이를 물어버리면 (200화/완결),"완결까지 보고 온 선발대입니다! 이름이라든지 설정이 조금 복잡해서 초반에는 약간 공부하듯이 읽었던 기억이 나네요. 하지만 양산형 소설에서는 볼 수 없는 풍부한 표현과 스토리를 관통하는 메시지가 너무 인상적이었던 작품입니다. 읽고 있으면 저절로 요크야카르타의 여름을 상상하게 되고, 산과 계곡과 신을 믿는 사람들을 상상하게 돼요. 내내 여름의 소리가 환청처럼 들렸네요. 주인공들의 감정선도 참 예쁘고... 캐릭터들도 매력적이고. 최근 읽은 소설 중 제일 인상적이에요. 후회하지 않을 작품입니다!"
미친개가 몽둥이를 물어버리면 (200화/완결),이 소설 진짜 개짜릿하다 너무 재밌어 진짜 양산형 로판에 절여졌던 나에게 한줄기 빛이다 진짜...
미친개가 몽둥이를 물어버리면 (200화/완결),삘이 온다 이건 대작이다
미친개가 몽둥이를 물어버리면 (200화/완결),미쳤다 재겸신작인데 완결작....와 재겸님아 입벌려라 쿠키들어간다 🍪
미친개가 몽둥이를 물어버리면 (200화/완결),이런! 신작인데 심지어 완결이야!
미친개가 몽둥이를 물어버리면 (200화/완결),"결국 정착한 곳은 소박한 행복이 있는 곳이고, 수더분하면서 명랑한 주인공 덕에 저도 덩달아 행복해졌어요. 잘 읽었습니다♡"
미친개가 몽둥이를 물어버리면 (200화/완결),재겸작가님 싸랑해요♡
미친개가 몽둥이를 물어버리면 (200화/완결),재겸님 신작이라 정주행 바로 시작합니다~^^
