titles,comments
당신의 죽음을 바칠 시간 (123화/완결),일리안의 영혼(?)이 헤이븐에게 갔는데 동시대에 일리안이 살아서 전쟁터에 있다면.. 어떻게 되는겁니꽈? 열두살짜리 헤이븐의 영혼이랑 뒤바뀐건 아닐텐데..몹시 궁금하네요
당신의 죽음을 바칠 시간 (123화/완결),드디어 잠들었어!!!!
당신의 죽음을 바칠 시간 (123화/완결),부모가 제대로된 부모였더라면 율리가 저렇게 되진 않았을텐데..부모가 애를 망가뜨렸네
당신의 죽음을 바칠 시간 (123화/완결),아주 죽을려고 용을 쓰는구나
당신의 죽음을 바칠 시간 (123화/완결),너무 이른 연애는 빨리 끝날수도 있다니..그게 율리에게 해당된다고 생각하냐? 저하나 살리고자 몇백번을 죽은사람한테 겨우 그런 생각을 하다니..일리안 실망인데..맹목적인 저런사랑 받을 자격이 있는지 모르겠네
당신의 죽음을 바칠 시간 (123화/완결),그러게 딱히 도움도 안되면서 거길 왜 따라가서 더 큰 위험에 처하게 만드냐~본인에게 알려서 대비하게 해야지 괜히 따라가서 오히려 민폐만 끼치네
당신의 죽음을 바칠 시간 (123화/완결),클린봇이 부적절한 표현을 감지한 댓글입니다.
당신의 죽음을 바칠 시간 (123화/완결),에릭 제발 죽지마라 ㅜㅜ
당신의 죽음을 바칠 시간 (123화/완결),라울 귀여워ㅎㅎ
당신의 죽음을 바칠 시간 (123화/완결),에릭아 헤이븐은 니 상대 아니야 마음 더 다치기전에 그만 접어라ㅜㅜ
당신의 죽음을 바칠 시간 (123화/완결),아이는 살리고 또 다른 자신은 죽어도 괜찮은건가?
당신의 죽음을 바칠 시간 (123화/완결),헤이븐...이 죄 많은 여자야ㅜㅜ
당신의 죽음을 바칠 시간 (123화/완결),에릭이 첫사랑은 헤이븐이구나
당신의 죽음을 바칠 시간 (123화/완결),한 집안의 가장!!ㅋㅋㅋ 곰같은 기사와 토끼 같은 시녀가 있는ㅋㅋㅋㅋ
당신의 죽음을 바칠 시간 (123화/완결),징한놈 ㅠㅠㅠㅠ
당신의 죽음을 바칠 시간 (123화/완결),"헐,,,, ,,,,,"
당신의 죽음을 바칠 시간 (123화/완결),에릭 ㅠㅠㅠㅠ
당신의 죽음을 바칠 시간 (123화/완결),여기 비명소리들 난무한다^^ 너무 웃겨
당신의 죽음을 바칠 시간 (123화/완결),"아이고 내 심장이야 ... 이놈아 , 할미 죽는다 ..."
당신의 죽음을 바칠 시간 (123화/완결),파티 참석하러 공작가카 오겠지? 못 참석하면 난리칠테니깐
당신의 죽음을 바칠 시간 (123화/완결),심심할때가 되었지^^ 그나저나 저 고모라는 여자는 소문도 잘 못 듣고 사나봐~~
당신의 죽음을 바칠 시간 (123화/완결),너네 공작가카 돌아 오시면 어쩔려구 그러니 ㅋㅋㅋ
당신의 죽음을 바칠 시간 (123화/완결),아 ~~ 이렇게 귀여운 여주라니^^ 공부도 잘 못하고 검술도 내맘대로 안되고 ㅋㅋ
당신의 죽음을 바칠 시간 (123화/완결),질투의 힘 !! ㅋㅋ
당신의 죽음을 바칠 시간 (123화/완결),오~~ 재밌어.
당신의 죽음을 바칠 시간 (123화/완결),율리어스 ㅠㅠㅠㅠ백번이 넘도록 ㅠㅠ
당신의 죽음을 바칠 시간 (123화/완결),ㅠㅠ 근데 보통 저러면 심장을 찌르지않나요.. 배를 가르다니. 나중에 다시 살리기위해서겠죠?
당신의 죽음을 바칠 시간 (123화/완결),아니 죽는다해서 일리안에게 건 마법을 풀어준다는것도 아닌데이렇게 쉽게 죽겠다한다고?!
당신의 죽음을 바칠 시간 (123화/완결),적색신호였으면 조심했어야지!ㅠㅠ
당신의 죽음을 바칠 시간 (123화/완결),어우 짠해........ㅠ
당신의 죽음을 바칠 시간 (123화/완결),에릭 짠내난다 ㅠ
당신의 죽음을 바칠 시간 (123화/완결),에릭 계속 플래그 세우는데 에릭 죽지마라....ㅠㅠ
당신의 죽음을 바칠 시간 (123화/완결),언니 멋잇어 엉엉
당신의 죽음을 바칠 시간 (123화/완결),내가아직도 연병장뛰면서 훈련할 짬밥이냐 ㅋㅋㅋㅋㅋㅋㅌㅌ뻘하게웃기네 ㅋㅋㅋ
당신의 죽음을 바칠 시간 (123화/완결),중간에 리트릭과 에릭이 아니라 리트릭과 일리안이 맞겠죠
당신의 죽음을 바칠 시간 (123화/완결),디노 어린시절의 아버지 ㅋㅋㅋㅋㅋㅋ 저거 아저씨같다는거짆아 ㅋㅋㅋㅋㅋㅋㅋㅋ
당신의 죽음을 바칠 시간 (123화/완결),하인리히....하임리히법.....
당신의 죽음을 바칠 시간 (123화/완결),가이우스도 일리안을 좋아했던걸까요
당신의 죽음을 바칠 시간 (123화/완결),용병이 전쟁터에서 임신출산?율리우스는 그동안 상황보고 받았을텐데 상대남을 지켜보기만했나?
당신의 죽음을 바칠 시간 (123화/완결),그 타이밍에 딱 올줄알았음ㅋ
당신의 죽음을 바칠 시간 (123화/완결),오타났어요! 리트릭의 어깨를 두드려주던 ->에릭의 어깨를 두드려주던
당신의 죽음을 바칠 시간 (123화/완결),작가님 랭킹 축하드려요!! 밑에 있을 작품 아니라 생각했는데 올라오니까 좋네요♡제목도 좋고 표지도 예쁜데 더 유입됐으면ㅠㅠ
당신의 죽음을 바칠 시간 (123화/완결),아니 잠시만요ㅠㅠ해피엔딩은 좋은데 뭔가 끊긴 느낌.. 식장에 눈물훔치며 손 잡고 걸어가는 디노나 질투(?)유발로 유리와의 케미를 보여줄 라울이나 행복해할 집사 및 공작가/남작가 사용인들이나ㅠㅠ 놓친게 너무 많은것 같은 엔딩이라구요ㅠㅠ
당신의 죽음을 바칠 시간 (123화/완결),이상한게 그 황자랑 엮인 그거 아닐까요
당신의 죽음을 바칠 시간 (123화/완결),아 유리 절절하다 진짜ㅠ
당신의 죽음을 바칠 시간 (123화/완결),와 미쳐ㅠㅜ 진짜ㅠㅠㅠ
당신의 죽음을 바칠 시간 (123화/완결),동시간대에 2명이 존재하는건가요?
당신의 죽음을 바칠 시간 (123화/완결),"첫주행 읽을땐 50 프로 이해가 됩니다. 외전까지 다 읽고 나야 80 프로 이해가 됩니다. 뭔가 허무해서 그후에 전체 내용을 곱씹으면 90 프로 이해가 됩니다. 100 프로 이해를 위해서는 재주행이 필요합니다. 첨읽을땐 이게뭐야? 급조한 내용인가? 왜 설명을 안해줘! 남주 왤케 밋밋해? 하는데, 다읽고 나면. 와...!!! 이게 그런 뜻이고 밑밥이엇구나 싶습니다.."
당신의 죽음을 바칠 시간 (123화/완결),아까 찻집서 해질녘에 나와 집가려다 공작만나 빵집온거 아닌가요? 근데 빵집 주인은 점심에 샌드위치 딱이라니
당신의 죽음을 바칠 시간 (123화/완결),완결까지 달렸는데 외전을 달려야하나 말아야하나
당신의 죽음을 바칠 시간 (123화/완결),사기당하기 쉬운 유형들이군ㅋㅋ 모두 헤이븐 손바닥 안에서ㅋ
당신의 죽음을 바칠 시간 (123화/완결),여자가 정상은 아닌 여주내.남주가 불쌍하다.야.야
당신의 죽음을 바칠 시간 (123화/완결),아니 무슨 여자가 이리 독해
당신의 죽음을 바칠 시간 (123화/완결),외전 보니 율리가 왜 저렇게 일리안 바라기가 된건지 더 이해가 가고 절절해요ㅠㅠ
당신의 죽음을 바칠 시간 (123화/완결),ㅠㅠ
당신의 죽음을 바칠 시간 (123화/완결),교황은 아직 안죽었잖아요?
당신의 죽음을 바칠 시간 (123화/완결),ㅠㅠ
당신의 죽음을 바칠 시간 (123화/완결),솔직히 성격나쁘고 집착쩌는 유리보다 에릭이 좋음
당신의 죽음을 바칠 시간 (123화/완결),취향이 소나무시네ㅋㅋ
당신의 죽음을 바칠 시간 (123화/완결),아들인가 했는데 아닌가. 좀 스토커삘이라 섬뜩한데?
당신의 죽음을 바칠 시간 (123화/완결),해피인가요 언해피에 가까운가요 조연이라도 누가 불행해지거나 죽거나 하는건 보고 싶지 않아서 .. 우울해집니다 .. 댓글좀 주세요
당신의 죽음을 바칠 시간 (123화/완결),ㅋㅋㅋㅋㅋ아 제목 그냥 헤이븐 얘기하는 줄 알았는데ㅋㅋㅋ에릭이라니ㅋㅋㅋ
당신의 죽음을 바칠 시간 (123화/완결),에릭..죽니 설마ㅠㅠ
당신의 죽음을 바칠 시간 (123화/완결),헉 기다린 외전이 이렇게 끝이라니 ㅠㅡㅠ
당신의 죽음을 바칠 시간 (123화/완결),크..... 하 진짜 ...
당신의 죽음을 바칠 시간 (123화/완결),크... 어릴 때부터 집착 계략의 싹이 ㅋㅋㅋㅋㅋ
당신의 죽음을 바칠 시간 (123화/완결),오랜만에 재주행 하러 왔더니 외전이 똻!!! 감사합니다!!!
당신의 죽음을 바칠 시간 (123화/완결),재밌어요 작가님ㅠㅠ
당신의 죽음을 바칠 시간 (123화/완결),ㅠㅠ너무 재밌어 설레요 작가님♡
당신의 죽음을 바칠 시간 (123화/완결),선발대입니다 이거슨 진정한 띵작! 하루만에 완독함! 믿고 달리세요!!
당신의 죽음을 바칠 시간 (123화/완결),이렇게 오해는 오예가 되고..외전 더주세요
당신의 죽음을 바칠 시간 (123화/완결),율리어스 지짜 찌통이다 행복해라ㅜㅜ
당신의 죽음을 바칠 시간 (123화/완결),외전이다아아아아앟!
당신의 죽음을 바칠 시간 (123화/완결),아 그냥 애기하면 안 되냐..
당신의 죽음을 바칠 시간 (123화/완결),해리 포터 같아요 재밌네요ㅎㅎ
당신의 죽음을 바칠 시간 (123화/완결),드디어..?!?!
당신의 죽음을 바칠 시간 (123화/완결),에릭이 죽을때가 다가오네~~~
당신의 죽음을 바칠 시간 (123화/완결),어우 열두살 인생 이 참 걸쭉하다 걸쭉해~
당신의 죽음을 바칠 시간 (123화/완결),아니 남주야 뭘 그리 단호하게 칼을!!
당신의 죽음을 바칠 시간 (123화/완결),으아악2
당신의 죽음을 바칠 시간 (123화/완결),디노 어디갔나요?
당신의 죽음을 바칠 시간 (123화/완결),저기요!!!! 문 좀 열여주세요!!! 똑똑똑!!! 너무 추운데!!! 문 좀 열어주세요!!
당신의 죽음을 바칠 시간 (123화/완결),캐릭설정 ㅋㅋㅋㅋㅋㅋ진짜
당신의 죽음을 바칠 시간 (123화/완결),오우.쫌 가지자 ㅋㅋㅋ
당신의 죽음을 바칠 시간 (123화/완결),와....씨
당신의 죽음을 바칠 시간 (123화/완결),그랬구나..
당신의 죽음을 바칠 시간 (123화/완결),니가 먼뎅 ㅋㅋㅋㅋ 웃기지도않어
당신의 죽음을 바칠 시간 (123화/완결),난 니가 안궁금해
당신의 죽음을 바칠 시간 (123화/완결),외전..
당신의 죽음을 바칠 시간 (123화/완결),에릭 첨엔 그냥 순애보 섭남 느낌이었는데..급 나락.. 이럴거라곤 생각도 못 했음. 섭남에 대한 애착 떼주시려고 일부러 넣은 에피소드 느뀀
당신의 죽음을 바칠 시간 (123화/완결),드래곤이라니!!!!!!
당신의 죽음을 바칠 시간 (123화/완결),헐....ㅠㅠㅠ타파 이렇게 간다고???
당신의 죽음을 바칠 시간 (123화/완결),이게뭐얔ㅋㅋㅋㅋㅋ
당신의 죽음을 바칠 시간 (123화/완결),그 티켓이...그용도가 아닐건디??? ㅠㅠㅠ
당신의 죽음을 바칠 시간 (123화/완결),ㅋㅋㅋㅋㅋ일리안한테는 엄청 충격이겟다. 나름 밥벌이 수단이었고 전쟁터도 누볐고 누구한테 까일 실력은 아니라고 생각했을텐데 ㅋㅋㅋㅋㅋㅋ
당신의 죽음을 바칠 시간 (123화/완결),저기서 에릭이 죽나요?
당신의 죽음을 바칠 시간 (123화/완결),글 좋네
당신의 죽음을 바칠 시간 (123화/완결),에릭 안죽나? 저발암 고구마는 그만 죽어줬으면...
당신의 죽음을 바칠 시간 (123화/완결),아!.....외전 주세요러브스토리 보여주세요
당신의 죽음을 바칠 시간 (123화/완결),꼬시다~ ㅋㅋ 그러게 왜 나대서 일리안을 죽여
당신의 죽음을 바칠 시간 (123화/완결),원수를 보고도 껴안다니 확실히 율리어스는 호구네
당신의 죽음을 바칠 시간 (123화/완결),"이런저런 스토리가 긴장감없이 가고남주,서브남주 별매력 못느끼겠고 중간 중간 조연들에 대한 설명 부족현상으로 스토리 구멍 남주, 여주 서로에 대한감정 이해안되는데 갑자기 사랑결론ㅡㅡ"
당신의 죽음을 바칠 시간 (123화/완결),여주탈코페미 ㄷㄷㄷ
당신의 죽음을 바칠 시간 (123화/완결),표지의 옷이 여기에서 나오는거였나?
당신의 죽음을 바칠 시간 (123화/완결),용이라 들었구나!
당신의 죽음을 바칠 시간 (123화/완결),진짜 일리안 낳은게 아닐 줄 알았어! 저 라울이 후작가 애인가보다.
당신의 죽음을 바칠 시간 (123화/완결),소설을 15화까지 보게된 건 처음입니다 너무 재밌게 보고 있어요 빨려들어가는 거 같아요
당신의 죽음을 바칠 시간 (123화/완결),"중간까지보다 결말만 본다고 마지막화 봅니다헤이븐?의 인생은 없네요 뭔지모를..의구심? 아무리 정신이 4ㅇ살의 여기사라도 분명 헤이븐으로 살아온 세월과 몸이 있고 주위에도 모두 헤이븐이라고 알고 있는 이들이 있는데 깡그리 무시당한 헤이븐, 헤이븐의 몸, 그와 관계된 이들 .. 아 뭔지모르게 씁쓸함은 있네요 남주 또한 상당히 한사람에 미쳐있지만.. 그걸 어느정도 극복하고 적절한 개선이 있을 줄 기대했는데.."
당신의 죽음을 바칠 시간 (123화/완결),저기서 죽게되는건가?
당신의 죽음을 바칠 시간 (123화/완결),갑뿐 에릭 캐붕. 이화는 좀 어색했네요이~~
당신의 죽음을 바칠 시간 (123화/완결),크흐 완벽하네요ㅠㅠㅠㅠ너무 좋아요ㅠㅠㅠ♡♡♡ 나중에 단행본으로도 나오는건가요??? 나왔으면 좋겠어요ㅠㅠㅠㅠㅠㅠ
당신의 죽음을 바칠 시간 (123화/완결),"📣📣📣유리가 언제쯤 일리안을 알아보는가, 그게 미치도록 궁금하신 분은 여기예요.📣📣📣 왜냐면 제가 그랬거든요. 미치도록 궁금했는데, 가이드 댓글이라도 있을까 댓글 하나하나 다 봄. 그래서 저같은 분을 위해 제가 올려두겠습니다."
당신의 죽음을 바칠 시간 (123화/완결),10년이면30살 아닌가요?
당신의 죽음을 바칠 시간 (123화/완결),여기서 죽게 되는건가요?
당신의 죽음을 바칠 시간 (123화/완결),유후~!!!! 소제목 너무 좋네요^^!
당신의 죽음을 바칠 시간 (123화/완결),크흐ㅠㅠㅠㅠㅠ넘 좋아요ㅠㅠㅠㅠㅠㅠ♡♡♡
당신의 죽음을 바칠 시간 (123화/완결),허억 제목이 이런 뜻이였군요 허억ㅠㅠㅠㅠㅠ
당신의 죽음을 바칠 시간 (123화/완결),하.. 헤이븐 머하는 짓이고?괜히 일만들고 있네 율리우스는 혼자서도 살아남는다는데.. 일만들고 있네 짜증이나서 못보겠다 뮌 사건 만들어 스토리 이어나갈라고 하는거겠지만.. 참 무모하다
당신의 죽음을 바칠 시간 (123화/완결),끄아아아악!! 항상 보고하던 사람이 아무것도 눈치 못 챌리는 없겠지만!!흐헉흐헉 상상도 못했네요.
당신의 죽음을 바칠 시간 (123화/완결),독특하다. 또 다른 내가 같이 살고 있을까...전객 궁금
당신의 죽음을 바칠 시간 (123화/완결),"답글
1"
당신의 죽음을 바칠 시간 (123화/완결),라울의 아빠는 누구였을까요?
당신의 죽음을 바칠 시간 (123화/완결),그리고 이름을 헤이븐을 일리안이라고 하는것도 맘에 안듬
당신의 죽음을 바칠 시간 (123화/완결),아무리 속에 일리안이 들어 있어도 헤이븐이 감쪽같이 없는듯 사라지는게 참.. 기분이 안좋네요작가님이 이 부분을 어떻게 잘 살렸을까 궁금하네요
당신의 죽음을 바칠 시간 (123화/완결),죽어버린 부모님 (사실 부모두 아님)유지를 받들어 저택 안 팔아넘기는 거 마니 중요한거임? 생전 첨 본 직원들 말을 멀 그리 따르고 싶어져서 그러는지 모르겐는데.12살이믄 돈 벌러가는거보다 지식도 쌓고 없던 친구도 만들고 그럼 안대는건가?머리꽃밭여주보다는 낫지만 안타깝다.
당신의 죽음을 바칠 시간 (123화/완결),5살 같지 않은 5살 짱구 군이 생각나요ㅎㅎ
당신의 죽음을 바칠 시간 (123화/완결),근데 아무리 열쇠를 맡겼다고 해도 저렇게 안에 있는 물건을 맘대로 가져가도 되나? 주인이 죽어서 금고를 유산으로 남긴 것도 아닌데...
당신의 죽음을 바칠 시간 (123화/완결),여러분 제가 작가님께 문의해보니!!외전 있다고 합니다!!🎀🎀
당신의 죽음을 바칠 시간 (123화/완결),클린봇이 부적절한 표현을 감지한 댓글입니다.
당신의 죽음을 바칠 시간 (123화/완결),이제 고구마 그만 먹고 얼음 동동 사이다랑 콜라 리필 팍팍!!!!어우 쫌!!!!체하다 못해 토하겠어!!!
당신의 죽음을 바칠 시간 (123화/완결),응 언니 가져 다 가져~
당신의 죽음을 바칠 시간 (123화/완결),외전주세요!!!!
당신의 죽음을 바칠 시간 (123화/완결),너무 오래 기다림
당신의 죽음을 바칠 시간 (123화/완결),불안해지네요
당신의 죽음을 바칠 시간 (123화/완결),아..소장권은 질러놨고..남작영애인데 기사나 평민이 그냥 다 말을 까고 하대하고 무슨 이런 개족보가... 남작영애한테 이렇게 막 하대하는 글은 또 처음이라 읽는 내내 걸리적거림
당신의 죽음을 바칠 시간 (123화/완결),아.... 넘 아쉬워요 무슨 첫키스를 거래처럼;;
당신의 죽음을 바칠 시간 (123화/완결),앗....이렇게 끝.....? 뭔가가 많이 남은것 같은데요.... 그죠~~~?
당신의 죽음을 바칠 시간 (123화/완결),아니 근데 율리랑 어느정도 소통좀 하지...남주가 반인반룡에 마법까지 쓰는 마당에 회귀가 뭐 대수라고 그렇게 비밀로 하냐 답답
당신의 죽음을 바칠 시간 (123화/완결),이번편 비문이 너무 심각하게 많아서 몰입을 방해함. 짜증 ㅡㅡ
당신의 죽음을 바칠 시간 (123화/완결),개꿀잼이네
당신의 죽음을 바칠 시간 (123화/완결),아 에릭~ 이 순정남 ㅜㅠ
당신의 죽음을 바칠 시간 (123화/완결),외전이 필요해요 ㅠㅠㅠ일리안이랑 율리어스가 달달하게 연애하는거 결혼하는거 다 너무 보고싶어요♥️
당신의 죽음을 바칠 시간 (123화/완결),소오름~~~~
당신의 죽음을 바칠 시간 (123화/완결),와우..
당신의 죽음을 바칠 시간 (123화/완결),떡밥이 막 던져지는데 읽느라 바빠서 다들 댓글을 못 달아! ㅠㅠㅠㅠ
당신의 죽음을 바칠 시간 (123화/완결),에릭.!..난 여기누울란다! .
당신의 죽음을 바칠 시간 (123화/완결),에릭~~!!!!!!!!
당신의 죽음을 바칠 시간 (123화/완결),ㅋ뭔데 이케재밌는거지ㅋ읽으면서 계속 기대되네요??
당신의 죽음을 바칠 시간 (123화/완결),오랜만에 작품을 만난듯해요.열심히 달리고 있어요 ㅋ
당신의 죽음을 바칠 시간 (123화/완결),"능력 있는 여주인공..을 만들기 위해 꼭 저런 이벤트를 넣어야 했나요..? 그다지 비싸지도 않은 술 가져왔다고 냉큼 집사장에게 소개해주는 사람도, 애교 좀 부렸다고 바로 거래처를 바꾸는 집사장도 도무지 이해가 안가네요. 전혀 능력있어 보이지 않아요. 그냥 집사장 등이 생각없어 보여요."
당신의 죽음을 바칠 시간 (123화/완결),선발대입니다 이거 지짜 띵작임 뒤로 가도 흡입력 그대롭니다 여러분 달리세요! 그리고 자까님 제발 외전 쥬세오😭👍
당신의 죽음을 바칠 시간 (123화/완결),고구마없음 남주 여주한테 아주 절절맴 여주매력쩔어 100편이 넘는 로판인생에 이런 여주 몇 없습니다 여러분 달리셔도 돼요! 커커커커커몬!!
당신의 죽음을 바칠 시간 (123화/완결),선발대입니다 여러분!!! 이거 지짜 띵작임! 하루만에 다 읽음 ㅇ 작품은 미쳤어!!! 자까님 제발 외전 주세오!! 내통장가져가!!!
당신의 죽음을 바칠 시간 (123화/완결),띵작!!! 외전!! 외전이 필요합니다!!!
당신의 죽음을 바칠 시간 (123화/완결),진짜 추천해요!너무 재밌어서 곧 조회수 엄청 늘 것 같아요 웹툰도 나왔으면 좋겠다❤
당신의 죽음을 바칠 시간 (123화/완결),외전이 필요해요!!!!
당신의 죽음을 바칠 시간 (123화/완결),진짜 재밌어요ㅠㅠㅠㅠㅠㅠ
당신의 죽음을 바칠 시간 (123화/완결),진짜 재미있게 읽고 있어요 정신못차리고 달리는중!
당신의 죽음을 바칠 시간 (123화/완결),"에릭, 어떡하니 ㅠ ㅠ"
당신의 죽음을 바칠 시간 (123화/완결),율리우스가 돌아욌다!
당신의 죽음을 바칠 시간 (123화/완결),친척이라도 파티에 초대장도 없이 들이닥치다니...몰상식의 극치 ㅉㅉ
당신의 죽음을 바칠 시간 (123화/완결),"정말 잘 컸고, 열심히 살았네요"
당신의 죽음을 바칠 시간 (123화/완결),호의가 권리인줄 아는 나쁜 사람들 ㅠ ㅠ
당신의 죽음을 바칠 시간 (123화/완결),"뭐, 또, 왜!"
당신의 죽음을 바칠 시간 (123화/완결),처음 본 소녀도 금새 사랑에 빠지게 만드는 마성의 .. ㅋㅋㅋ
당신의 죽음을 바칠 시간 (123화/완결),성격이 안 그런데 억지로 여성스러운 척 할 필요없죠 ㅎㅎ
당신의 죽음을 바칠 시간 (123화/완결),알고 있는듯...
당신의 죽음을 바칠 시간 (123화/완결),열다섯이나 어리던 애라는게 자꾸 생각나서몰입하다가도 이게 맞나 싶다..
당신의 죽음을 바칠 시간 (123화/완결),율리어스는 아직도 황가의 견제를 받고 있군요
당신의 죽음을 바칠 시간 (123화/완결),인기 많네요 ㅎㅎ
당신의 죽음을 바칠 시간 (123화/완결),습관을 고치기는 어렵죠갈 길이 머네요 ㅎㅎ
당신의 죽음을 바칠 시간 (123화/완결),아주머니 눈치는어따팔아드셨어요
당신의 죽음을 바칠 시간 (123화/완결),아아아악
당신의 죽음을 바칠 시간 (123화/완결),본능적인 움직임 ㅋㅋ
당신의 죽음을 바칠 시간 (123화/완결),공작가 사람들은 헤이븐을 보면서 일리안을 추억하네요
당신의 죽음을 바칠 시간 (123화/완결),진짜 미안한데...너무 멍청하다
당신의 죽음을 바칠 시간 (123화/완결),으아아악ㅋㅋㄱㄱㄱ기
당신의 죽음을 바칠 시간 (123화/완결),집착의 시작 ㅋㅋ
당신의 죽음을 바칠 시간 (123화/완결),서른살의 일리안과 헤이븐이 마주칠 일이 있을까요?
당신의 죽음을 바칠 시간 (123화/완결),ㅈㅇㄹ때보다 루즈해진 느낌? 뭔가 재미가 덜해요
당신의 죽음을 바칠 시간 (123화/완결),ㅋㅋㅋ
당신의 죽음을 바칠 시간 (123화/완결),그래 리트릭도 좋아하니 그렇게 따라다녔겠지
당신의 죽음을 바칠 시간 (123화/완결),여태 버티느라 많이 힘들었네~
당신의 죽음을 바칠 시간 (123화/완결),ㅍㅊ ㅍㅍㅊ ㅊ!ㄱㄱ
당신의 죽음을 바칠 시간 (123화/완결),빠져든다~
당신의 죽음을 바칠 시간 (123화/완결),침실로 가는 새로운 길 개척 ㅋㅋ
당신의 죽음을 바칠 시간 (123화/완결),일리안의 영혼이 시간을 거슬러서 다른이의 몸 속에 있다면 이 시간의 일리안은 다른곳에 실존하게 되나요?
당신의 죽음을 바칠 시간 (123화/완결),엄마 닮아서 얼빠
당신의 죽음을 바칠 시간 (123화/완결),"어우, 인생 다 산것 같은 말솜씨와 붙임성 대박~"
당신의 죽음을 바칠 시간 (123화/완결),전혀 열두 살 같지 않은 열두 살 ㅎㅎ
당신의 죽음을 바칠 시간 (123화/완결),애기 귀여워
당신의 죽음을 바칠 시간 (123화/완결),무엇이 들어 있을까요?
당신의 죽음을 바칠 시간 (123화/완결),잘생긴 언니..!!
당신의 죽음을 바칠 시간 (123화/완결),선발대 되는거 안좋아하는데 완결까지 다 읽고 왔네요아직 외전은 안나왔는데 더 있을거 같긴 합니다 회빙환 특유의 고구마가 있는데 이소설은 다행이 그런 과거에 연연해 봐야할걸 못보는 소설은 아닙니다 미래가 바뀌면 바뀌는대로 수긍하고 노력하거든요 그렇다고 진도 쭉쭉나가는 달달물은 아니라 제취향엔 좀 아쉽지만 112화까지 한번에 달릴정도로 재미있습니다 남주 여주 조연들까지 다 능력있고 악역의 비중이나 능력은 아쉽지만 충분히 사건을 크게 일으키는 만큼 나쁘지 않네요 스케일이 크다거나 뭔가 대단한 서사가 있진 않지만 이 소설 나름의 재미가 있으니 무료분 읽고 달려보시는것도 추천합니다
당신의 죽음을 바칠 시간 (123화/완결),펜아 괜찮니 안 부러졌어?
당신의 죽음을 바칠 시간 (123화/완결),와 완결까지 달렸네요 ㄷ ㄷ ㄷ ... 재미있었어요그런데 달달은 시작도 안하고 -_ ㅜ... 뭔가 이제 애네 시작하려나 했더니 끝나네요;;;;;;; 웹소설들이 외전을 염두해 두고 완결을 하는건지 모르겟지만 후속 이야기는 필요해 보입니다
당신의 죽음을 바칠 시간 (123화/완결),와... 106화만에!!!!!! ㅎㅎ
당신의 죽음을 바칠 시간 (123화/완결),깨어나면 유리랑 좀 알콩달콩 하려나 싶었는데...
당신의 죽음을 바칠 시간 (123화/완결),아이들의 눈은 속일 수 없음ㅋㅋㅋ
당신의 죽음을 바칠 시간 (123화/완결),그래서 시간이 돌려진거구나
당신의 죽음을 바칠 시간 (123화/완결),와..인생작 발견 ㅠㅡㅠ
당신의 죽음을 바칠 시간 (123화/완결),..완결..축하..드릴수가...없...외전...있는거 맞죠? ㅠ0ㅠ????
당신의 죽음을 바칠 시간 (123화/완결),클린봇이 부적절한 표현을 감지한 댓글입니다.
당신의 죽음을 바칠 시간 (123화/완결),그러나 철벽녀
당신의 죽음을 바칠 시간 (123화/완결),가져요!!! 젭알!!
당신의 죽음을 바칠 시간 (123화/완결),미래가 또 바뀌었어
당신의 죽음을 바칠 시간 (123화/완결),...용이었던거시다!!!
당신의 죽음을 바칠 시간 (123화/완결),공작이라고 했잖아.. 미쳤나..
당신의 죽음을 바칠 시간 (123화/완결),ㅋㅋㅋㅋㅋㅋ귀여워죽겠닼ㅋㅋㅋㅋㅋㅋㅋㅋㅋㅋㅋㅋㅋㅋㅋ
당신의 죽음을 바칠 시간 (123화/완결),작가님>_< 오픈만 기다리다가 31일이 되어버림..-_-;;; 쿠키구운걸로 정주행하러 갑니다>_<♡
당신의 죽음을 바칠 시간 (123화/완결),재미있어요ᆢ계속 달려볼께요ᆢ^^
당신의 죽음을 바칠 시간 (123화/완결),"얘네는 누가 초대했나요-,.- 입구부터 내쫒아야함"
당신의 죽음을 바칠 시간 (123화/완결),아이고 귀여워라 깔깔
당신의 죽음을 바칠 시간 (123화/완결),작가님 출간공지 뜨고 이것만 기다렸는데 호로록 완결까지 달렸네요.간만에 재밌는 이야기 읽었습니다!!
당신의 죽음을 바칠 시간 (123화/완결),오호~실력죽지않았어ㅋㅋ
당신의 죽음을 바칠 시간 (123화/완결),에릭 ㅠㅠㅠㅠㅠㅠㅍ
당신의 죽음을 바칠 시간 (123화/완결),너무 슬퍼요...ㅠㅠㅠㅠ
당신의 죽음을 바칠 시간 (123화/완결),헉 왜애애애애!!!! ㅠㅠ 달려봅니다!!
당신의 죽음을 바칠 시간 (123화/완결),ㅋㅋㅋ질투를 부르겠구만
당신의 죽음을 바칠 시간 (123화/완결),너무 재밌는데요. 여주 어린데 멋지네요.
당신의 죽음을 바칠 시간 (123화/완결),여긴 볼때마다 슬퍼...ㅜㅠㅠㅠㅠ
당신의 죽음을 바칠 시간 (123화/완결),작가님 전작도 그렇고 재밌어요. 사건이 좀 약하다는 개인적 감상은 있지만 흡입력 있고 유치하지 않게 잘쓴 글입니다!!! 밤새 쿠키질러가며 봤네요. 외전주세요~~~
당신의 죽음을 바칠 시간 (123화/완결),헉!! 칼을?
당신의 죽음을 바칠 시간 (123화/완결),진짜 시간가는 줄 모르고 봤네요ㅎㅎ
당신의 죽음을 바칠 시간 (123화/완결),라울은 얼굴을 밝히는 아이인 거시다!역시 세계관 내 최고 미남 유리ㅋㅋㅋㅋㅋ
당신의 죽음을 바칠 시간 (123화/완결),들었네 들었어ㅋㅋㅋㅋㅋ
당신의 죽음을 바칠 시간 (123화/완결),오호~ 재밌네요ㅋㅋ
당신의 죽음을 바칠 시간 (123화/완결),저걸로 시간 돌리는건가…
당신의 죽음을 바칠 시간 (123화/완결),진짜 재밌어요 제발 믿고 달려주세요저는 쿠키 구우러 갑니다~~~~
당신의 죽음을 바칠 시간 (123화/완결),와!!
당신의 죽음을 바칠 시간 (123화/완결),완결까지 다 봤어요. ㅈㅇㄹ에서 알게되고 전작인 괴물로 태어나 꽃이 되었다도 완결까지 봤었었는데요. 여주가 무심+둔함+능력녀에 남주는 아련+애절+직진남+집착하지만 여주를 본인 마음대로 또는 강제하려 들지 않는다는 점 등등 구도랑 분위기 소재가 겹치는 부분이 많네요. 둘 다 너무 재밌고 무심+능력녀는 제가 좋아하는 취향이라 다 좋은데 아쉬운 점은 끝 마무리가... 여기서 끝난다고..? 하면서 외전 찾게 된다는겁니다. 물론 외전은 없습니다. ^^.. 님들 여주 남주 둘 마음이 서로 맞닿게 되는순간 끝나여.. 1부완결이고 2부시작해야 하는데 영원히 연중한 느낌임
당신의 죽음을 바칠 시간 (123화/완결),인기쟁이의 삶
당신의 죽음을 바칠 시간 (123화/완결),일리안 노력 많이 했죠..알아줘야 해..
당신의 죽음을 바칠 시간 (123화/완결),일리안 웃는 거 넘 멋있어요!
당신의 죽음을 바칠 시간 (123화/완결),ㅈㅇ에서 따라왔어요 추천드리는 소설입니다 남주의 찐사랑 b
당신의 죽음을 바칠 시간 (123화/완결),"안녕하세요, 원히트입니다! 통칭 당죽시를 집필할 당시 무척이나 재밌었기에, 독자님들도 읽으실 때에 모쪼록 재밌으셨으면 좋겠습니다. <당신의 죽음을 바칠 시간>에서, 당신은 누구인가? 죽음을 바친 사람은 누구인가? 라는 질문을 생각하시며 읽으면 더 재밌으실 것 같습니다. 함께하는 시간동안 부디 잘 부탁드리겠습니다. :^)"
당신의 죽음을 바칠 시간 (123화/완결),성격이 안 그런데 억지로 여성스러운 척 할 필요없죠 ㅎㅎ
당신의 죽음을 바칠 시간 (123화/완결),알고 있는듯...
당신의 죽음을 바칠 시간 (123화/완결),열다섯이나 어리던 애라는게 자꾸 생각나서몰입하다가도 이게 맞나 싶다..
당신의 죽음을 바칠 시간 (123화/완결),율리어스는 아직도 황가의 견제를 받고 있군요
당신의 죽음을 바칠 시간 (123화/완결),인기 많네요 ㅎㅎ
당신의 죽음을 바칠 시간 (123화/완결),습관을 고치기는 어렵죠갈 길이 머네요 ㅎㅎ
당신의 죽음을 바칠 시간 (123화/완결),아주머니 눈치는어따팔아드셨어요
당신의 죽음을 바칠 시간 (123화/완결),아아아악
당신의 죽음을 바칠 시간 (123화/완결),본능적인 움직임 ㅋㅋ
당신의 죽음을 바칠 시간 (123화/완결),공작가 사람들은 헤이븐을 보면서 일리안을 추억하네요
당신의 죽음을 바칠 시간 (123화/완결),진짜 미안한데...너무 멍청하다
당신의 죽음을 바칠 시간 (123화/완결),으아아악ㅋㅋㄱㄱㄱ기
당신의 죽음을 바칠 시간 (123화/완결),집착의 시작 ㅋㅋ
당신의 죽음을 바칠 시간 (123화/완결),서른살의 일리안과 헤이븐이 마주칠 일이 있을까요?
당신의 죽음을 바칠 시간 (123화/완결),ㅈㅇㄹ때보다 루즈해진 느낌? 뭔가 재미가 덜해요
당신의 죽음을 바칠 시간 (123화/완결),와 완결까지 달렸네요 ㄷ ㄷ ㄷ ... 재미있었어요그런데 달달은 시작도 안하고 -_ ㅜ... 뭔가 이제 애네 시작하려나 했더니 끝나네요;;;;;;; 웹소설들이 외전을 염두해 두고 완결을 하는건지 모르겟지만 후속 이야기는 필요해 보입니다
당신의 죽음을 바칠 시간 (123화/완결),와... 106화만에!!!!!! ㅎㅎ
당신의 죽음을 바칠 시간 (123화/완결),깨어나면 유리랑 좀 알콩달콩 하려나 싶었는데...
당신의 죽음을 바칠 시간 (123화/완결),아이들의 눈은 속일 수 없음ㅋㅋㅋ
당신의 죽음을 바칠 시간 (123화/완결),그래서 시간이 돌려진거구나
당신의 죽음을 바칠 시간 (123화/완결),와..인생작 발견 ㅠㅡㅠ
당신의 죽음을 바칠 시간 (123화/완결),..완결..축하..드릴수가...없...외전...있는거 맞죠? ㅠ0ㅠ????
당신의 죽음을 바칠 시간 (123화/완결),클린봇이 부적절한 표현을 감지한 댓글입니다.
당신의 죽음을 바칠 시간 (123화/완결),그러나 철벽녀
당신의 죽음을 바칠 시간 (123화/완결),가져요!!! 젭알!!
당신의 죽음을 바칠 시간 (123화/완결),미래가 또 바뀌었어
당신의 죽음을 바칠 시간 (123화/완결),...용이었던거시다!!!
당신의 죽음을 바칠 시간 (123화/완결),공작이라고 했잖아.. 미쳤나..
당신의 죽음을 바칠 시간 (123화/완결),ㅋㅋㅋㅋㅋㅋ귀여워죽겠닼ㅋㅋㅋㅋㅋㅋㅋㅋㅋㅋㅋㅋㅋㅋㅋ
당신의 죽음을 바칠 시간 (123화/완결),작가님>_< 오픈만 기다리다가 31일이 되어버림..-_-;;; 쿠키구운걸로 정주행하러 갑니다>_<♡
당신의 죽음을 바칠 시간 (123화/완결),재미있어요ᆢ계속 달려볼께요ᆢ^^
당신의 죽음을 바칠 시간 (123화/완결),"얘네는 누가 초대했나요-,.- 입구부터 내쫒아야함"
당신의 죽음을 바칠 시간 (123화/완결),아이고 귀여워라 깔깔
당신의 죽음을 바칠 시간 (123화/완결),작가님 출간공지 뜨고 이것만 기다렸는데 호로록 완결까지 달렸네요.간만에 재밌는 이야기 읽었습니다!!
당신의 죽음을 바칠 시간 (123화/완결),오호~실력죽지않았어ㅋㅋ
당신의 죽음을 바칠 시간 (123화/완결),에릭 ㅠㅠㅠㅠㅠㅠㅍ
당신의 죽음을 바칠 시간 (123화/완결),너무 슬퍼요...ㅠㅠㅠㅠ
당신의 죽음을 바칠 시간 (123화/완결),헉 왜애애애애!!!! ㅠㅠ 달려봅니다!!
당신의 죽음을 바칠 시간 (123화/완결),ㅋㅋㅋ질투를 부르겠구만
당신의 죽음을 바칠 시간 (123화/완결),너무 재밌는데요. 여주 어린데 멋지네요.
당신의 죽음을 바칠 시간 (123화/완결),여긴 볼때마다 슬퍼...ㅜㅠㅠㅠㅠ
당신의 죽음을 바칠 시간 (123화/완결),작가님 전작도 그렇고 재밌어요. 사건이 좀 약하다는 개인적 감상은 있지만 흡입력 있고 유치하지 않게 잘쓴 글입니다!!! 밤새 쿠키질러가며 봤네요. 외전주세요~~~
당신의 죽음을 바칠 시간 (123화/완결),헉!! 칼을?
당신의 죽음을 바칠 시간 (123화/완결),진짜 시간가는 줄 모르고 봤네요ㅎㅎ
당신의 죽음을 바칠 시간 (123화/완결),라울은 얼굴을 밝히는 아이인 거시다!역시 세계관 내 최고 미남 유리ㅋㅋㅋㅋㅋ
당신의 죽음을 바칠 시간 (123화/완결),들었네 들었어ㅋㅋㅋㅋㅋ
당신의 죽음을 바칠 시간 (123화/완결),오호~ 재밌네요ㅋㅋ
당신의 죽음을 바칠 시간 (123화/완결),저걸로 시간 돌리는건가…
당신의 죽음을 바칠 시간 (123화/완결),진짜 재밌어요 제발 믿고 달려주세요저는 쿠키 구우러 갑니다~~~~
당신의 죽음을 바칠 시간 (123화/완결),와!!
당신의 죽음을 바칠 시간 (123화/완결),완결까지 다 봤어요. ㅈㅇㄹ에서 알게되고 전작인 괴물로 태어나 꽃이 되었다도 완결까지 봤었었는데요. 여주가 무심+둔함+능력녀에 남주는 아련+애절+직진남+집착하지만 여주를 본인 마음대로 또는 강제하려 들지 않는다는 점 등등 구도랑 분위기 소재가 겹치는 부분이 많네요. 둘 다 너무 재밌고 무심+능력녀는 제가 좋아하는 취향이라 다 좋은데 아쉬운 점은 끝 마무리가... 여기서 끝난다고..? 하면서 외전 찾게 된다는겁니다. 물론 외전은 없습니다. ^^.. 님들 여주 남주 둘 마음이 서로 맞닿게 되는순간 끝나여.. 1부완결이고 2부시작해야 하는데 영원히 연중한 느낌임
당신의 죽음을 바칠 시간 (123화/완결),인기쟁이의 삶
당신의 죽음을 바칠 시간 (123화/완결),일리안 노력 많이 했죠..알아줘야 해..
당신의 죽음을 바칠 시간 (123화/완결),일리안 웃는 거 넘 멋있어요!
당신의 죽음을 바칠 시간 (123화/완결),ㅈㅇ에서 따라왔어요 추천드리는 소설입니다 남주의 찐사랑 b
당신의 죽음을 바칠 시간 (123화/완결),"안녕하세요, 원히트입니다! 통칭 당죽시를 집필할 당시 무척이나 재밌었기에, 독자님들도 읽으실 때에 모쪼록 재밌으셨으면 좋겠습니다. <당신의 죽음을 바칠 시간>에서, 당신은 누구인가? 죽음을 바친 사람은 누구인가? 라는 질문을 생각하시며 읽으면 더 재밌으실 것 같습니다. 함께하는 시간동안 부디 잘 부탁드리겠습니다. :^)"
당신의 죽음을 바칠 시간 (123화/완결),성격이 안 그런데 억지로 여성스러운 척 할 필요없죠 ㅎㅎ
당신의 죽음을 바칠 시간 (123화/완결),알고 있는듯...
당신의 죽음을 바칠 시간 (123화/완결),열다섯이나 어리던 애라는게 자꾸 생각나서몰입하다가도 이게 맞나 싶다..
당신의 죽음을 바칠 시간 (123화/완결),율리어스는 아직도 황가의 견제를 받고 있군요
당신의 죽음을 바칠 시간 (123화/완결),인기 많네요 ㅎㅎ
당신의 죽음을 바칠 시간 (123화/완결),습관을 고치기는 어렵죠갈 길이 머네요 ㅎㅎ
당신의 죽음을 바칠 시간 (123화/완결),아주머니 눈치는어따팔아드셨어요
당신의 죽음을 바칠 시간 (123화/완결),아아아악
당신의 죽음을 바칠 시간 (123화/완결),본능적인 움직임 ㅋㅋ
당신의 죽음을 바칠 시간 (123화/완결),공작가 사람들은 헤이븐을 보면서 일리안을 추억하네요
당신의 죽음을 바칠 시간 (123화/완결),진짜 미안한데...너무 멍청하다
당신의 죽음을 바칠 시간 (123화/완결),으아아악ㅋㅋㄱㄱㄱ기
당신의 죽음을 바칠 시간 (123화/완결),집착의 시작 ㅋㅋ
당신의 죽음을 바칠 시간 (123화/완결),서른살의 일리안과 헤이븐이 마주칠 일이 있을까요?
당신의 죽음을 바칠 시간 (123화/완결),ㅈㅇㄹ때보다 루즈해진 느낌? 뭔가 재미가 덜해요
당신의 죽음을 바칠 시간 (123화/완결),와 완결까지 달렸네요 ㄷ ㄷ ㄷ ... 재미있었어요그런데 달달은 시작도 안하고 -_ ㅜ... 뭔가 이제 애네 시작하려나 했더니 끝나네요;;;;;;; 웹소설들이 외전을 염두해 두고 완결을 하는건지 모르겟지만 후속 이야기는 필요해 보입니다
당신의 죽음을 바칠 시간 (123화/완결),와... 106화만에!!!!!! ㅎㅎ
당신의 죽음을 바칠 시간 (123화/완결),깨어나면 유리랑 좀 알콩달콩 하려나 싶었는데...
당신의 죽음을 바칠 시간 (123화/완결),아이들의 눈은 속일 수 없음ㅋㅋㅋ
당신의 죽음을 바칠 시간 (123화/완결),그래서 시간이 돌려진거구나
당신의 죽음을 바칠 시간 (123화/완결),와..인생작 발견 ㅠㅡㅠ
당신의 죽음을 바칠 시간 (123화/완결),..완결..축하..드릴수가...없...외전...있는거 맞죠? ㅠ0ㅠ????
당신의 죽음을 바칠 시간 (123화/완결),클린봇이 부적절한 표현을 감지한 댓글입니다.
당신의 죽음을 바칠 시간 (123화/완결),그러나 철벽녀
당신의 죽음을 바칠 시간 (123화/완결),가져요!!! 젭알!!
당신의 죽음을 바칠 시간 (123화/완결),미래가 또 바뀌었어
당신의 죽음을 바칠 시간 (123화/완결),...용이었던거시다!!!
당신의 죽음을 바칠 시간 (123화/완결),공작이라고 했잖아.. 미쳤나..
당신의 죽음을 바칠 시간 (123화/완결),ㅋㅋㅋㅋㅋㅋ귀여워죽겠닼ㅋㅋㅋㅋㅋㅋㅋㅋㅋㅋㅋㅋㅋㅋㅋ
당신의 죽음을 바칠 시간 (123화/완결),작가님>_< 오픈만 기다리다가 31일이 되어버림..-_-;;; 쿠키구운걸로 정주행하러 갑니다>_<♡
당신의 죽음을 바칠 시간 (123화/완결),재미있어요ᆢ계속 달려볼께요ᆢ^^
당신의 죽음을 바칠 시간 (123화/완결),"얘네는 누가 초대했나요-,.- 입구부터 내쫒아야함"
당신의 죽음을 바칠 시간 (123화/완결),아이고 귀여워라 깔깔
당신의 죽음을 바칠 시간 (123화/완결),작가님 출간공지 뜨고 이것만 기다렸는데 호로록 완결까지 달렸네요.간만에 재밌는 이야기 읽었습니다!!
당신의 죽음을 바칠 시간 (123화/완결),오호~실력죽지않았어ㅋㅋ
당신의 죽음을 바칠 시간 (123화/완결),에릭 ㅠㅠㅠㅠㅠㅠㅍ
당신의 죽음을 바칠 시간 (123화/완결),너무 슬퍼요...ㅠㅠㅠㅠ
당신의 죽음을 바칠 시간 (123화/완결),헉 왜애애애애!!!! ㅠㅠ 달려봅니다!!
당신의 죽음을 바칠 시간 (123화/완결),ㅋㅋㅋ질투를 부르겠구만
당신의 죽음을 바칠 시간 (123화/완결),너무 재밌는데요. 여주 어린데 멋지네요.
당신의 죽음을 바칠 시간 (123화/완결),여긴 볼때마다 슬퍼...ㅜㅠㅠㅠㅠ
당신의 죽음을 바칠 시간 (123화/완결),작가님 전작도 그렇고 재밌어요. 사건이 좀 약하다는 개인적 감상은 있지만 흡입력 있고 유치하지 않게 잘쓴 글입니다!!! 밤새 쿠키질러가며 봤네요. 외전주세요~~~
당신의 죽음을 바칠 시간 (123화/완결),헉!! 칼을?
당신의 죽음을 바칠 시간 (123화/완결),진짜 시간가는 줄 모르고 봤네요ㅎㅎ
당신의 죽음을 바칠 시간 (123화/완결),라울은 얼굴을 밝히는 아이인 거시다!역시 세계관 내 최고 미남 유리ㅋㅋㅋㅋㅋ
당신의 죽음을 바칠 시간 (123화/완결),들었네 들었어ㅋㅋㅋㅋㅋ
당신의 죽음을 바칠 시간 (123화/완결),오호~ 재밌네요ㅋㅋ
당신의 죽음을 바칠 시간 (123화/완결),저걸로 시간 돌리는건가…
당신의 죽음을 바칠 시간 (123화/완결),진짜 재밌어요 제발 믿고 달려주세요저는 쿠키 구우러 갑니다~~~~
당신의 죽음을 바칠 시간 (123화/완결),와!!
당신의 죽음을 바칠 시간 (123화/완결),완결까지 다 봤어요. ㅈㅇㄹ에서 알게되고 전작인 괴물로 태어나 꽃이 되었다도 완결까지 봤었었는데요. 여주가 무심+둔함+능력녀에 남주는 아련+애절+직진남+집착하지만 여주를 본인 마음대로 또는 강제하려 들지 않는다는 점 등등 구도랑 분위기 소재가 겹치는 부분이 많네요. 둘 다 너무 재밌고 무심+능력녀는 제가 좋아하는 취향이라 다 좋은데 아쉬운 점은 끝 마무리가... 여기서 끝난다고..? 하면서 외전 찾게 된다는겁니다. 물론 외전은 없습니다. ^^.. 님들 여주 남주 둘 마음이 서로 맞닿게 되는순간 끝나여.. 1부완결이고 2부시작해야 하는데 영원히 연중한 느낌임
당신의 죽음을 바칠 시간 (123화/완결),인기쟁이의 삶
당신의 죽음을 바칠 시간 (123화/완결),일리안 노력 많이 했죠..알아줘야 해..
당신의 죽음을 바칠 시간 (123화/완결),일리안 웃는 거 넘 멋있어요!
당신의 죽음을 바칠 시간 (123화/완결),ㅈㅇ에서 따라왔어요 추천드리는 소설입니다 남주의 찐사랑 b
당신의 죽음을 바칠 시간 (123화/완결),"안녕하세요, 원히트입니다! 통칭 당죽시를 집필할 당시 무척이나 재밌었기에, 독자님들도 읽으실 때에 모쪼록 재밌으셨으면 좋겠습니다. <당신의 죽음을 바칠 시간>에서, 당신은 누구인가? 죽음을 바친 사람은 누구인가? 라는 질문을 생각하시며 읽으면 더 재밌으실 것 같습니다. 함께하는 시간동안 부디 잘 부탁드리겠습니다. :^)"
