titles,comments
죽이고 싶은 아가씨 외전 [단행본] (2권/완결),가슴 먹먹한 완결이네요.. 잘 보았습니다. 개인적으로 카너먼이 좋았는데 아쉽네요. 다음생에도 카너먼에겐 기회따위도 없을 예정..ㅠㅠ
죽이고 싶은 아가씨 외전 [단행본] (2권/완결),연재본에서 외전을 보셨다면 안보셔도 될듯같은내용임
죽이고 싶은 아가씨 외전 [단행본] (2권/완결),"연재될 때부터 완결 나오기까지 계속 기다렸는데, 역시. 외전까지 너무 너무 재미있게 잘 봤어요. 작가님 다음작품도 너무 기대되요. 얼른 다음작품으로 와주세요 쿠키구워놓을께염 ㅎㅎ"
죽이고 싶은 아가씨 외전 [단행본] (2권/완결),등장인물이 처음부터 너무많고 주인공의 상황을 장황하게 진행하여 몰입이 어렵네요. 등장인물 관계도를 적어가며 봐야할것 같애요...
게임천재의 음악방송 [단행본] (9권/완결),지나간당~★♥
게임천재의 음악방송 [단행본] (9권/완결),지나갑니다.
