titles,comments
취기 [독점] (67화/완결),끝까지 잘봣습니다준혁이 동생까지 보고잡고만 ㅋ
취기 [독점] (67화/완결),아빠가 루돌프되가 가야겟구만
취기 [독점] (67화/완결),그래 하고싶은거 다해둘이 결혼식도 올리고 해야지 준혁이 젤 조아하겟다
취기 [독점] (67화/완결),그리 남자를 쉽게믿나애나 잘키우고 살지
취기 [독점] (67화/완결),현석 수상해
취기 [독점] (67화/완결),일찍 좀 오거리 니 아들이다피는 못속인다고 땡기는갑네 왓구로 ㅋ
취기 [독점] (67화/완결),할배 정신 차리소 태욱이랑 유진아무관계 아니고 협'박으로 인해 입 다물고 잇엇지 또한 태준이 성질 머리가 개똥차반이니 무습고 두려워 그말을 따랏을뿐이고 에구
취기 [독점] (67화/완결),태욱이 사이코패스 라 다 믿을수없지 그말지새끼 그리 만들엇구만
취기 [독점] (67화/완결),남자 수강생 이다
취기 [독점] (67화/완결),이 나쁜넘아 니아들이다
취기 [독점] (67화/완결),자살인데 왜 ~~~일이 크지나아버지 먼알죠
취기 [독점] (67화/완결),헐
취기 [독점] (67화/완결),태준이 닮아서 준혁이가 똑똑하고만 ㅋㅋㅋ 엄마보다 낫다
취기 [독점] (67화/완결),남자 분별력도 경계심도 별로 없고
취기 [독점] (67화/완결),"아이데리러 가서는, 잘해줘서 친해해듯... 그래야 애때문에 도망가기 힘드니..."
취기 [독점] (67화/완결),별점이 낮은 이유가 있네~고구마 백만개 먹는 듯...
취기 [독점] (67화/완결),우와~~외전 감사해요~^^다음편도 기다릴게요~^^♡♡
취기 [독점] (67화/완결),매열무를 쿠키구워 보고 있는 1인
취기 [독점] (67화/완결),오 태준등장 🤟🤟
취기 [독점] (67화/완결),에혀 협박이라뇨 🤦‍♀️🤦‍♀️
취기 [독점] (67화/완결),태준이 소문이 혹시 전부 태욱이꺼 뒤집어 쓴거 아냐
취기 [독점] (67화/완결),맴찢 ㅜㅜㅜㅜ
취기 [독점] (67화/완결),남자 수강생 찝찝한 느낌
취기 [독점] (67화/완결),굳이 범인 아니면 밝혀질일 섹스파트너까지 자처하면서 벗어나야하나 차라리 아들인걸 밝히는게 너 나을듯
취기 [독점] (67화/완결),태준이 질투로 눈에서 레이저 쏘겠네 ^^
취기 [독점] (67화/완결),끝까지 다 읽어네요~~이대로 끝은 아니죠?
취기 [독점] (67화/완결),저거도 사람이라고 현석아 너 인생 그러게 살지마!!
취기 [독점] (67화/완결),아버지 이제 후회가 되는겁니까? 이제서야 ㅠㅠ
취기 [독점] (67화/완결),태준아 진짜 잘했어 결국 니가 이겼네 유진이랑 준혁이 잘지켜줘~^^
취기 [독점] (67화/완결),이런모습 진짜 보고싶어는데 이제서야 봤네~~행복하게 살길~^^♡♡
취기 [독점] (67화/완결),스토커 저 나쁜놈의 시키 너 이제 죽었어 ...
취기 [독점] (67화/완결),완전 스토커네 무섭다...ㅠㅠ 빨리 태준이 만나서 이야기해라!!제반ㅅ
취기 [독점] (67화/완결),헐 누군지??다음편 볼러가야겠다
취기 [독점] (67화/완결),헐 ㅜㅜ 아버지라는 사람이 진짜 ㅉㅉ
취기 [독점] (67화/완결),준혁이 진짜 넘 귀여워~~ㅎ 아빠랑 엄마랑 화해하겠네 ㅎㅎ
취기 [독점] (67화/완결),준혁이가 엄청 똑똑한네~~^^ㅎㅎ 아빠랑 엄마데리로 가고 ㅋㅋㅋ
취기 [독점] (67화/완결),준혁이 기다리는데 술을 ㅉㅉㅉ
취기 [독점] (67화/완결),유진아 너 그런면 안되지
취기 [독점] (67화/완결),유진이 정말 넘 힘들네!!
취기 [독점] (67화/완결),현석이 수상해
취기 [독점] (67화/완결),유진이 기다리고 있는데 ㅜㅜ
취기 [독점] (67화/완결),유진아 준혁이 아빠가 데려갔어~
취기 [독점] (67화/완결),우와~~태준이 준혁이한데 가는구나!준혁아 금방 아빠가 간다~^^기둘려^^
취기 [독점] (67화/완결),유진아 받아주지마!!너 왜 그래?
취기 [독점] (67화/완결),유진아 아니야!!!꽃선물은 왜받아?
취기 [독점] (67화/완결),태준아 화이팅~~제발 너가 지켜줘~^^
취기 [독점] (67화/완결),그디어 알았구나!!대박~~
취기 [독점] (67화/완결),태준아 그냥 버려 ㅜㅜ 가족이라 생각하지말고!!!
취기 [독점] (67화/완결),아이고 진짜 답답하네 ㅜㅜ 하지만 끝까지 갈거야~~
취기 [독점] (67화/완결),클린봇이 부적절한 표현을 감지한 댓글입니다.
취기 [독점] (67화/완결),설마 태준이?
취기 [독점] (67화/완결),이거 아니야 ㅜㅜ 태준아 너 유진이 좋아하잖아~
취기 [독점] (67화/완결),이거아니잖아!!!유진이는 딱남자만나고 있고 태준이는 딱 여자만나고 에이 시게뭐야?ㅠㅠ
취기 [독점] (67화/완결),저아버지가 진짜 이상한 사람이네 완전 싫으다
취기 [독점] (67화/완결),아버지라는 사람이 ㅉㅉㅉ 유진아 화이팅이야~~
취기 [독점] (67화/완결),내가 보기에도 현석이 영 아니다 ㅜㅜ
취기 [독점] (67화/완결),밤에 혼자둔 엄마 마음도 아플듯 ㅜㅜ 준혁이가 너무 어른스럽당ㅠㅠ
취기 [독점] (67화/완결),태준이 어쩌면 좋아 ㅜㅜ 짠해!!
취기 [독점] (67화/완결),영감탱이 진짜 짜증나네 ㅜㅜㅉㅉㅉ
취기 [독점] (67화/완결),우와!!뭐 저런 남자가 다이냐!!어이없디 소름기쳐 !!!!
취기 [독점] (67화/완결),뭘보고 있었을까?
취기 [독점] (67화/완결),아이고 유진아...ㅜㅜ
취기 [독점] (67화/완결),애는 아무잘못없어 ㅜㅜ
취기 [독점] (67화/완결),근데 언제쯤 유진이랑 태준이는 연애 언제하지?
취기 [독점] (67화/완결),태준아 니아들이라고!!좀봐봐!!
취기 [독점] (67화/완결),태준아 잘봐! 니아들이야~~
취기 [독점] (67화/완결),우와~~태준이 왔다~~왜 내가 눈물이....
취기 [독점] (67화/완결),태준아 준혁이 니 아들이야 ᆢ 유진이 한데 좀 잘해주라 !!협박하지마!!제발
취기 [독점] (67화/완결),준혁이 넘 짠해ㅜㅜ 에휴...ㅠㅠ
취기 [독점] (67화/완결),현석이 뭐가 이상해 ㅜㅜ
취기 [독점] (67화/완결),헐.. 다 알고.. 그럼 태준이는 지 아들 아니가? 그럴거면 애초에 보육원에서 왜 데려온거야?
취기 [독점] (67화/완결),회장님이 너무 하네 !!!
취기 [독점] (67화/완결),태준이 욕나오네요
취기 [독점] (67화/완결),아내한텐 말해야지 무슨일이 생길줄 알고
취기 [독점] (67화/완결),엥?
취기 [독점] (67화/완결),태욱이 자신이 이런걸 알고..
취기 [독점] (67화/완결),저 아비란 작자는 죽은 아들놈이 유진이 협박하고 그런건 모르는거야? 지 동생한테 복수할려고 유진이한테 접근했다는걸 알고도.. 덮는거여? 태준이는 지 아들아니여?
취기 [독점] (67화/완결),사이코패스.. 지가 잘못한 걸 전부 태준이 잘못으로 몰아갔구나.
취기 [독점] (67화/완결),현석.. 저 사람은 죽은 태욱이가 심어놓은 사람인가?
취기 [독점] (67화/완결),클린봇이 부적절한 표현을 감지한 댓글입니다.
취기 [독점] (67화/완결),작가님!!외전이 급 필요해용~~^^ 이대로 끝인가요~ 우리 세식구 행복한 모습 보여주실거죵 감사히 재밌게 잘보았습니당~ 외전 기다리고 있겠습니당~♡
취기 [독점] (67화/완결),와우~~스토커시키 잡았네!!다행이다.....
취기 [독점] (67화/완결),아버지 그러게 왜 그러셨어요!!!
취기 [독점] (67화/완결),태준아 너 하고싶은데로 다해!!!할부지 지셨네!!?
취기 [독점] (67화/완결),이뿌지 내새끼인데ㅋㅋㅋㅋ
취기 [독점] (67화/완결),스토커시키가 준 꽃 그거 수상한데!!!
취기 [독점] (67화/완결),그러게 마음에도없으면서 자꾸만나노!!태준이한테로 가서이야기해!!
취기 [독점] (67화/완결),왜!!누군데??스토커시키!!!!
취기 [독점] (67화/완결),잘못된 자식사랑이 결국엔 모두를 힘들게하네!!!
취기 [독점] (67화/완결),준혁이가 요물이 맞네요ㅎㅎㅎ
취기 [독점] (67화/완결),근데 다섯살이 저리 안자고 버티는거임ㅋㅋㅋ
취기 [독점] (67화/완결),유진아 집에 준혁이 기다리는데.....
취기 [독점] (67화/완결),유진아 쫌.....
취기 [독점] (67화/완결),주변정리좀하고 행복하면 좋겠네!!!
취기 [독점] (67화/완결),에휴...태준아 유진이한테 이야기는 했어야지!!!
취기 [독점] (67화/완결),유진아 놀라지마!!!준혁이 데려가려는거 아니니
취기 [독점] (67화/완결),준혁이는 엄청 좋아하겠네!!아빠라고 부를수 있어서!!!
취기 [독점] (67화/완결),유진아 너 그러다큰코다친다!!!
취기 [독점] (67화/완결),흠...유진아 이건 아니지!!받아줄거도 아니면서....
취기 [독점] (67화/완결),태준아 유진이 준혁이 지킬수있지!!!
취기 [독점] (67화/완결),이제야 드디어 알게되었나!!!
취기 [독점] (67화/완결),아니 저딴게 무슨가족이라고 그리 애걸복걸이야~태준아!!!
취기 [독점] (67화/완결),소개해준 지인한테 솔직하게 이야기하자!!!
취기 [독점] (67화/완결),클린봇이 부적절한 표현을 감지한 댓글입니다.
취기 [독점] (67화/완결),누구?태준이?현석이??
취기 [독점] (67화/완결),태준아 유진이 두고 바람피우는건 아니겠징!!!
취기 [독점] (67화/완결),태준아 유진이 선보는데...너 괜찮겠어!!!
취기 [독점] (67화/완결),저 아버지가 사이코이구만은....ㅉㅉㅉ
취기 [독점] (67화/완결),아버지 그건 아들사랑이 아닙니다!!!ㅉㅉㅉ
취기 [독점] (67화/완결),사람보는 눈은 다 똑같아!!현석이 별로야!!혹시 태욱이 사람인가???
취기 [독점] (67화/완결),에궁...준혁이 혼자두고 일해야하는 유진이도 참힘들겠다....ㅜㅜㅜㅜㅜ
취기 [독점] (67화/완결),태준이도 안쓰럽고....ㅜㅜㅜㅜㅜ
취기 [독점] (67화/완결),영감쟁이 태준이를정말 손자로 생각한건맞고!!!
취기 [독점] (67화/완결),헉 ...!!! 태욱이 넘 무섭다 ㅜㅜ
취기 [독점] (67화/완결),와~~~완전 OOO이네!!!
취기 [독점] (67화/완결),준혁이 뭘보고 있었던거지!!
취기 [독점] (67화/완결),아후 드디어 깨달았네!!!!! 행복하자!!
취기 [독점] (67화/완결),에효...더 좋아하는사람이 손해이니라!!
취기 [독점] (67화/완결),준혁이 너무 귀엽다....
취기 [독점] (67화/완결),그러게 얘가 무슨죄야!!
취기 [독점] (67화/완결),모지리...꼭 모지리들이 입만살아서는!!
취기 [독점] (67화/완결),태준아 너 닮아서 이쁜여자 좋아하는거야!!
취기 [독점] (67화/완결),태준이 툴툴거리면서도 다해주고ㅋㅋㅋㅋ
취기 [독점] (67화/완결),태준이 왔네!!
취기 [독점] (67화/완결),태준이 진짜 말좀!!!
취기 [독점] (67화/완결),에효...준혁아 아빠있는데....ㅜㅜㅜㅜㅜ
취기 [독점] (67화/완결),현석 저사람도 뭔가 찝찝한데....
취기 [독점] (67화/완결),영감쟁이 태준이 먼저이거든~~~~
취기 [독점] (67화/완결),태욱이 무슨생각이었을까요??
취기 [독점] (67화/완결),태욱이 계획적이었네!!!
취기 [독점] (67화/완결),태준이 나빳네....
취기 [독점] (67화/완결),태준이 준혁이 자기애인거 알아야하는데!!
취기 [독점] (67화/완결),영감쟁이 준혁이 델꼬올모양이네!!!
취기 [독점] (67화/완결),누구지????
취기 [독점] (67화/완결),태준아 말좀.....ㅜㅜㅜㅜㅜ
취기 [독점] (67화/완결),태준아 아이에겐 그럼 안된다!!!
취기 [독점] (67화/완결),태준이 질투쟁이!!
취기 [독점] (67화/완결),헉..;;사이코였어!!!
취기 [독점] (67화/완결),자살인가보네요....
취기 [독점] (67화/완결),흠...정말타살이면...진범은 누구??
취기 [독점] (67화/완결),유진이는 안쓰럽고...태준이는 나중에 얼마나후회할지..;자기자식인데...
취기 [독점] (67화/완결),태준아 좀 솔직해지자!!
취기 [독점] (67화/완결),태준이 너 나중에 어쩌려고 그러니...ㅉㅉㅉ
취기 [독점] (67화/완결),유진이 시점이 궁금하네요??
취기 [독점] (67화/완결),태준이 아이같은데...무슨사연이 있는지??
취기 [독점] (67화/완결),남은 아들한텐 사실대로 말해주는 게 좋을 텐데. 죽은 아들이 정말 호의로 여주를 위해 안배했을 것 같지가 않아서 불안불안.
취기 [독점] (67화/완결),"태준과 유진이는 대화가 필요할 듯 싶어요 그래야 오해도 풀리고 .., ㅠㅠ"
취기 [독점] (67화/완결),준혁이 태준이 아이라는 걸 숨겨야 하는 이유가 있는걸까요 ..??
취기 [독점] (67화/완결),태준이 유진을 향한 애증인가요 .... ??? ㅜㅜ
취기 [독점] (67화/완결),태준이 유진에게 얼마나 원한이 있는지 모르겠지만 이건 아니다 ... !!
취기 [독점] (67화/완결),태준이와 유진이가 왜 헤어져야만 했는지 궁금하네요
취기 [독점] (67화/완결),유진이 아이를 보고 당황하는걸 보니 태준의 아이가 아닌가 싶네요
취기 [독점] (67화/완결),태욱이도 짠하게 살아네 ㅜㅜ
취기 [독점] (67화/완결),로설 여주들은 입은 뒀다 뭐하는지...
취기 [독점] (67화/완결),알면서 적응했네!
취기 [독점] (67화/완결),태준이 혼좀 나야겠다...유진이 넘 불쌍해!!
취기 [독점] (67화/완결),탄탄한 스토리도 아니라서 읽는 내리 내가 왜 돈주고 쿠키를 샀나 후회의 한숨만 절로...개인적 소견으론 킬링용으로도 시간 아깝..
취기 [독점] (67화/완결),유진이 넘 짠하네 ㅜㅜ
취기 [독점] (67화/완결),아 계속읽아야되나?말아야되나?
취기 [독점] (67화/완결),태준이 애가 맞네!! 저노치네 노망임?열받네 ㅠㅠ
취기 [독점] (67화/완결),준혁이 넘 짠해 ㅜㅜ 유진이도 ...근데 마지막 누군지??
취기 [독점] (67화/완결),태준이 넘 알밉다...진짜 나중에 어쩔려구 !!!
취기 [독점] (67화/완결),태준아 유진이한데 좀 잘 다해주면 안되는거니?그리고 준혁이 니아들이야~
취기 [독점] (67화/완결),태준이 질투하네ㅋㅋㅋㅋ
취기 [독점] (67화/완결),알아볼거면 제대로 알아봐ㅜㅜ 태준이가 먼저거든? 질서 좋아하시면 태준이가 먼저지
취기 [독점] (67화/완결),헐 무섭당.....
취기 [독점] (67화/완결),노친네가 어이없네 태욱이 애라고 해도 죽은 마당에 당연히 애는 엄마랑 살아야지 멀쩡히 살아있는 엄마 두고 증조 할아버지가 키운다는게 말이됨?
취기 [독점] (67화/완결),자살이구마!!!!!
취기 [독점] (67화/완결),빨리 오해가 풀리기 ㅠㅠ
취기 [독점] (67화/완결),유진이도 답답하고 태준이도 ㅜㅜ 하지만 좋아질거라 믿고 싶다~
취기 [독점] (67화/완결),자살 맞는데.. 왜그랬을까 ..
취기 [독점] (67화/완결),태준이 오해 한거 언제 풀릴지.
취기 [독점] (67화/완결),태준이 좀 그르네 ㅜㅜ
취기 [독점] (67화/완결),태준아 어떡게 그래? 진짜 헐이다
취기 [독점] (67화/완결),태준아 넘 그르지마!
취기 [독점] (67화/완결),태준이 아이 같은데 ..
취기 [독점] (67화/완결),에휴 회장님 .. 🤦‍♀️🤦‍♀️
취기 [독점] (67화/완결),애기 보육원얘기 태욱이 본인얘기 아닌가
취기 [독점] (67화/완결),의도적이었네 사이코라더니
취기 [독점] (67화/완결),태준이 나쁜자식
취기 [독점] (67화/완결),"애기혼자키우는것도 힘든데 이리치이고 저리치이고,, 🥺"
취기 [독점] (67화/완결),태준이아이네
취기 [독점] (67화/완결),뭐지 누구지 !!!!!! 👀
취기 [독점] (67화/완결),나중에 꼭 태준이 구르게해주세요 🙏
취기 [독점] (67화/완결),하원길 막는거 못참지.
취기 [독점] (67화/완결),질투쟁
취기 [독점] (67화/완결),덜덜ㅋㅋㅋㅋㅋㅋㅋㅋㅋㅋㅋㅋㅋㅋㅋㅋㅋ
취기 [독점] (67화/완결),역시 자살이었네
취기 [독점] (67화/완결),태욱이 걍 자살일듯
취기 [독점] (67화/완결),태준아 나중에 후회한다 너
취기 [독점] (67화/완결),태욱이가 수상한데
취기 [독점] (67화/완결),헐
취기 [독점] (67화/완결),"오 ,, 나중에 얼마나 구르려고"
취기 [독점] (67화/완결),태준이 아이일듯
취기 [독점] (67화/완결),첫화부터 흥미진진👍👍
취기 [독점] (67화/완결),헐???이대로 끝???
취기 [독점] (67화/완결),작가님 뻔하지 않는 스토리 넘 조아요~~현실엔 불가능한 일이라는것에 씁쓸할 뿐
취기 [독점] (67화/완결),뭔가 잘려나간 부분이 있는거 같은데...
취기 [독점] (67화/완결),오.... 뒤가 궁금햇!!
취기 [독점] (67화/완결),태준이 아이같아...
취기 [독점] (67화/완결),답답해도 어느정도 라야지ㅡㅡ하차합니다
취기 [독점] (67화/완결),와!!!! 이런 스토리 전개라....아주 흥미로운데요
취기 [독점] (67화/완결),에에엥에엥
취기 [독점] (67화/완결),엥..
취기 [독점] (67화/완결),헐 필름까지 끊겼어? 애엄마도 술 마시긴하지만 정도것 해야지 미혼모라는거 밝힌 상황에서 이건 뭐 나 잡아잡숴구만
취기 [독점] (67화/완결),애 집에두고 술 마시고 싶은건가? 아니 적당히도 아니고 몸을 못 가눌 정도로? 애가 기다리고 있어서 많이 못 마신다고하면 강권하는 사람도 별로 없을텐데 그걸 다 마시네
취기 [독점] (67화/완결),아이를 끔찍히 사랑하는데 밤에 집에 혼자두는게 말이안되지 것도 5살짜리 아이를 작가님~이소설 평점낮은이유가 잇네 쿠키아까워 아 하차
취기 [독점] (67화/완결),유진이 답답하네요
취기 [독점] (67화/완결),태준이 자기 맘대로 안된다고..비호감만 드네요
취기 [독점] (67화/완결),드디어!!!!ㅠㅠ
취기 [독점] (67화/완결),태준이 미쳤구나 어떻게 그런생각을
취기 [독점] (67화/완결),애아빠가너라고 제발말좀해라ㅠㅠㅠ답답스
취기 [독점] (67화/완결),유진이.... 이리 치이고 저리 치이고~~ 좋은 일이 많이 생기기를.....~~~~
취기 [독점] (67화/완결),작가님^^.. 모든 작품 정말 재밌게 봤었는데^^..~새로이 오셨군요.... 믿고 보게되는 작품... 정주행 시작해볼게요.....^^ ♥
취기 [독점] (67화/완결),다음화가 더 기대되는 작품.........
취기 [독점] (67화/완결),두근두근!!!
취기 [독점] (67화/완결),잘 읽겠습니다
취기 [독점] (67화/완결),와 무섭다ㄷㄷㄷㄷㄷㄷㄷ
취기 [독점] (67화/완결),태준아 왜이렇게 말을 매섭게 하닝 ㅠㅜ
취기 [독점] (67화/완결),마지막에 저도 모르게 숨 참았어요 ... ㅋㅋㅋ 떨려 ㅜㅜ
취기 [독점] (67화/완결),헉 첫화부터 흡입력 장난 아니네요.. ㅋㅋ 탑승 시작~!
취기 [독점] (67화/완결),태준이 본인 아이 같은데 실수 하지 말지..
취기 [독점] (67화/완결),런칭 축하드립니다 작가님 🎉 🎉 🎉 많은 사랑 받으시고 대박나세요 ~~~^^
취기 [독점] (67화/완결),세 사람한테 무슨일이 있었던건지
취기 [독점] (67화/완결),런칭 축하드려요 잘 읽을깨요
취기 [독점] (67화/완결),넘 궁금해서 일단 막회 보고가요 잘읽겠습니당
취기 [독점] (67화/완결),소름끼쳐
취기 [독점] (67화/완결),작가님 런칭축하드려요작가님 소설은 무조건봅니다 외전많이주세요 ♥
취기 [독점] (67화/완결),작가님 런칭 진심으로 축하드려요^^정주행 시작할께요^^
취기 [독점] (67화/완결),작가심^^런칭축하축하합니당🎊🎊🎊 많은사랑받으시길응원합니당~♡
취기 [독점] (67화/완결),태준이 아이? 인가?
취기 [독점] (67화/완결),"안녕하세요, 임라윤입니다 :D 시리즈에서 세 번째 작품인 <취기>로 돌아왔습니다. 많은 사랑과 관심 부탁드립니다 ♥️ + 현재 블로그에서 런칭 이벤트를 진행하고 있으니, 많은 참여 부탁드려요 ! https://m.blog.naver.com/limrayoon/222439034068"
취기 [독점] (67화/완결),헐 무섭당.....
취기 [독점] (67화/완결),노친네가 어이없네 태욱이 애라고 해도 죽은 마당에 당연히 애는 엄마랑 살아야지 멀쩡히 살아있는 엄마 두고 증조 할아버지가 키운다는게 말이됨?
취기 [독점] (67화/완결),자살이구마!!!!!
취기 [독점] (67화/완결),빨리 오해가 풀리기 ㅠㅠ
취기 [독점] (67화/완결),유진이도 답답하고 태준이도 ㅜㅜ 하지만 좋아질거라 믿고 싶다~
취기 [독점] (67화/완결),자살 맞는데.. 왜그랬을까 ..
취기 [독점] (67화/완결),태준이 오해 한거 언제 풀릴지.
취기 [독점] (67화/완결),태준이 좀 그르네 ㅜㅜ
취기 [독점] (67화/완결),태준아 어떡게 그래? 진짜 헐이다
취기 [독점] (67화/완결),태준아 넘 그르지마!
취기 [독점] (67화/완결),태준이 아이 같은데 ..
취기 [독점] (67화/완결),에휴 회장님 .. 🤦‍♀️🤦‍♀️
취기 [독점] (67화/완결),애기 보육원얘기 태욱이 본인얘기 아닌가
취기 [독점] (67화/완결),의도적이었네 사이코라더니
취기 [독점] (67화/완결),태준이 나쁜자식
취기 [독점] (67화/완결),헐???이대로 끝???
취기 [독점] (67화/완결),작가님 뻔하지 않는 스토리 넘 조아요~~현실엔 불가능한 일이라는것에 씁쓸할 뿐
취기 [독점] (67화/완결),뭔가 잘려나간 부분이 있는거 같은데...
취기 [독점] (67화/완결),오.... 뒤가 궁금햇!!
취기 [독점] (67화/완결),태준이 아이같아...
취기 [독점] (67화/완결),답답해도 어느정도 라야지ㅡㅡ하차합니다
취기 [독점] (67화/완결),와!!!! 이런 스토리 전개라....아주 흥미로운데요
취기 [독점] (67화/완결),에에엥에엥
취기 [독점] (67화/완결),엥..
취기 [독점] (67화/완결),헐 필름까지 끊겼어? 애엄마도 술 마시긴하지만 정도것 해야지 미혼모라는거 밝힌 상황에서 이건 뭐 나 잡아잡숴구만
취기 [독점] (67화/완결),애 집에두고 술 마시고 싶은건가? 아니 적당히도 아니고 몸을 못 가눌 정도로? 애가 기다리고 있어서 많이 못 마신다고하면 강권하는 사람도 별로 없을텐데 그걸 다 마시네
취기 [독점] (67화/완결),아이를 끔찍히 사랑하는데 밤에 집에 혼자두는게 말이안되지 것도 5살짜리 아이를 작가님~이소설 평점낮은이유가 잇네 쿠키아까워 아 하차
취기 [독점] (67화/완결),유진이 답답하네요
취기 [독점] (67화/완결),태준이 자기 맘대로 안된다고..비호감만 드네요
취기 [독점] (67화/완결),드디어!!!!ㅠㅠ
취기 [독점] (67화/완결),태준이 미쳤구나 어떻게 그런생각을
취기 [독점] (67화/완결),애아빠가너라고 제발말좀해라ㅠㅠㅠ답답스
취기 [독점] (67화/완결),유진이.... 이리 치이고 저리 치이고~~ 좋은 일이 많이 생기기를.....~~~~
취기 [독점] (67화/완결),작가님^^.. 모든 작품 정말 재밌게 봤었는데^^..~새로이 오셨군요.... 믿고 보게되는 작품... 정주행 시작해볼게요.....^^ ♥
취기 [독점] (67화/완결),다음화가 더 기대되는 작품.........
취기 [독점] (67화/완결),두근두근!!!
취기 [독점] (67화/완결),잘 읽겠습니다
취기 [독점] (67화/완결),와 무섭다ㄷㄷㄷㄷㄷㄷㄷ
취기 [독점] (67화/완결),태준아 왜이렇게 말을 매섭게 하닝 ㅠㅜ
취기 [독점] (67화/완결),마지막에 저도 모르게 숨 참았어요 ... ㅋㅋㅋ 떨려 ㅜㅜ
취기 [독점] (67화/완결),헉 첫화부터 흡입력 장난 아니네요.. ㅋㅋ 탑승 시작~!
취기 [독점] (67화/완결),태준이 본인 아이 같은데 실수 하지 말지..
취기 [독점] (67화/완결),런칭 축하드립니다 작가님 🎉 🎉 🎉 많은 사랑 받으시고 대박나세요 ~~~^^
취기 [독점] (67화/완결),세 사람한테 무슨일이 있었던건지
취기 [독점] (67화/완결),런칭 축하드려요 잘 읽을깨요
취기 [독점] (67화/완결),넘 궁금해서 일단 막회 보고가요 잘읽겠습니당
취기 [독점] (67화/완결),소름끼쳐
취기 [독점] (67화/완결),작가님 런칭축하드려요작가님 소설은 무조건봅니다 외전많이주세요 ♥
취기 [독점] (67화/완결),작가님 런칭 진심으로 축하드려요^^정주행 시작할께요^^
취기 [독점] (67화/완결),작가심^^런칭축하축하합니당🎊🎊🎊 많은사랑받으시길응원합니당~♡
취기 [독점] (67화/완결),태준이 아이? 인가?
취기 [독점] (67화/완결),"안녕하세요, 임라윤입니다 :D 시리즈에서 세 번째 작품인 <취기>로 돌아왔습니다. 많은 사랑과 관심 부탁드립니다 ♥️ + 현재 블로그에서 런칭 이벤트를 진행하고 있으니, 많은 참여 부탁드려요 ! https://m.blog.naver.com/limrayoon/222439034068"
