titles,comments
"검귀, 두 번 베다 (118화/완결)",왠지 불쌍한..강철이..
"검귀, 두 번 베다 (118화/완결)",답답함을 느끼며 달렸는데 확 뚫리는 내용없이 쭉 이대로일듯신선한 소재인데 주변인물들 매력이 없네 여기까지만
"검귀, 두 번 베다 (118화/완결)",너무 재밌어요!!! 오랜만에 쿠키 구웠네요!!
"검귀, 두 번 베다 (118화/완결)",내용 ㆍ전개 ㆍ소재 이런건 둘째치고 글쓰는법부터 배우세요. 문장의구성 ㆍ어순 등등 기본부터. 문장이 너무짧고 짧은 문장이 계속 나열되다보니 재미도 없고 집중도 안되고
"검귀, 두 번 베다 (118화/완결)",-...까?--.......까..까?! -......구구까까?
"검귀, 두 번 베다 (118화/완결)",너무 좋네요 뭐라고 표현해야하지 짜릿하다고해야하나전율이 일어났다고해야하나 하늘의뜻이다 크으.. 뒷이야기가 있을거라는 장치 여러개는 분명 나중에 풀어주시겠죠?
"검귀, 두 번 베다 (118화/완결)",이런 새로운 세계관 너무좋아요이해하기 쉽게 넓게 펼쳐줘요
"검귀, 두 번 베다 (118화/완결)",클린봇이 부적절한 표현을 감지한 댓글입니다.
"검귀, 두 번 베다 (118화/완결)",음...
"검귀, 두 번 베다 (118화/완결)",음....
"검귀, 두 번 베다 (118화/완결)","볼만은 한데.,흠"
"검귀, 두 번 베다 (118화/완결)",세계관 말고는 딱히?
"검귀, 두 번 베다 (118화/완결)","동양 판타지를 좋아하는 저에게는 취향저격 입니다. 현재 20화까지 재미있게 보고있으며 더 봐야하겠지만, 제 인생작 뫼신사냥꾼과 비슷한 방향이며 판타지적 요소는 더 많습니다. 용두사미가 아니길 빌며, 응원하겠습니다."
"검귀, 두 번 베다 (118화/완결)",소재도 괜찮고 스토리도 무난한데... 전개방식이 취향에 갈린다. 호불호가 갈릴듯하다
"검귀, 두 번 베다 (118화/완결)",출발
악당에게는 당근이 필요하다 (128화/완결),원작에서도 원래 바꿔치기 당했는데 안나온거 아녀?
악당에게는 당근이 필요하다 (128화/완결),테오 ㅋㅋㅋ 공작부부에게 꽁냥꽁냥 테러 당하는중
악당에게는 당근이 필요하다 (128화/완결),잔잔한거 좋아하는편이긴 한데... 많이 잔잔하네요 ㅎㅎㅎ
악당에게는 당근이 필요하다 (128화/완결),들었겠지?
악당에게는 당근이 필요하다 (128화/완결),유치해요 ㅜㅜ
악당에게는 당근이 필요하다 (128화/완결),악 외전 귀야워
악당에게는 당근이 필요하다 (128화/완결),황제는 뭘 잘한 게 있다고 짜증난 얼굴인 것인지
악당에게는 당근이 필요하다 (128화/완결),"정체가 밝혀지는 순간 판이 엎어질텐데 황가는 무슨 자신으로 일처리를 이렇게 하는지 모르겠고, 6개월을 버티고 나면 정체를 밝힌다는 것도 대공가 군사력을 생각할 때 엄청나게 위험한 일인데 그런 걸 조건이랍시고 건 것도 이해가 어렵네요. 나중에 풀렸으면 합니다."
악당에게는 당근이 필요하다 (128화/완결),황실 사람들 다 놀라울 정도로 쓰레기네요 허허
악당에게는 당근이 필요하다 (128화/완결),황후가 슈웬 엄마같아!!
악당에게는 당근이 필요하다 (128화/완결),혹시 베딘 쟤도 황녀 좋아해서 슈웬한테 잘해준거 아니지??
악당에게는 당근이 필요하다 (128화/완결),호위 바꾼거보니 티티아나 혹시 베딘 좋아하니??
악당에게는 당근이 필요하다 (128화/완결),쿠키가 아깝단 생각~
악당에게는 당근이 필요하다 (128화/완결),원작 여주 왜 이래....? 친구라고 해놓고 자기도 싫어하는 결혼 강요하는건 무슨 신박한 인성이지..?!?
악당에게는 당근이 필요하다 (128화/완결),팔찌에 마법이 걸려있나...
악당에게는 당근이 필요하다 (128화/완결),지 딸대신 강제결혼 시키면서 내가 니사정까지 알아야겠냐니;; 말이야 방구야;;
악당에게는 당근이 필요하다 (128화/완결),팔찌로 퉁칠 게 아닌 일인데하물며 엉성하게 터진 팔찌라니 대놓고 엿먹이냐
악당에게는 당근이 필요하다 (128화/완결),티티아나가 착하고 순진척하면서 성격삐뚤어진애 아닐까싶네 베딘짝사랑해서 일부러 보낸거같다ㅡㅡ
악당에게는 당근이 필요하다 (128화/완결),ㅁㅊ 귀염떠는 맹수라니
악당에게는 당근이 필요하다 (128화/완결),헉-!! 알고있었다니
악당에게는 당근이 필요하다 (128화/완결),아침 짹짹이라니.........
악당에게는 당근이 필요하다 (128화/완결),털썩 해 짹짹
악당에게는 당근이 필요하다 (128화/완결),섭남인가 그냥 썸으로 끝날 조연인가...
악당에게는 당근이 필요하다 (128화/완결),오! 도입부 전개가 상당히 짜임새 있네요.그동안 극적인 전개를 위해 개연성을 버리거나 항마력 딸리는 소재를 집어넣는 로판 많이 봤는데 이소설은 초반 전개가 너무괜찮네요
악당에게는 당근이 필요하다 (128화/완결),잔잔하고 재밌음. 여주가 귀엽게 나옴. 차라리 전생? 빙의물이 아니였으면 더 재밌었을꺼 같음. 알고있음에도 얼타거나 모르는거 투성이라 빙의물이 아니게 느껴지는 부분이 계속있음
악당에게는 당근이 필요하다 (128화/완결),"베딘이 서브남인줄 알았는데, 겁나 실망이다 진짜"
악당에게는 당근이 필요하다 (128화/완결),홀리듯 재미있게 다 보긴했지만.빌런을 해결한 이후는 좀 개연성이 애매하다 싶네요. ;; 적당히 흐린눈으로 흘려가면서 봤어요.
악당에게는 당근이 필요하다 (128화/완결),이거다!! 여기다 !! 이거 보려고 왔죠♡
악당에게는 당근이 필요하다 (128화/완결),헉 1화부터 뭐여 ㄷㄷㄷ
악당에게는 당근이 필요하다 (128화/완결),빙의 아녔나??배랑 바다가 무섭다고???갈매기도 첨 보고??
악당에게는 당근이 필요하다 (128화/완결),애초에 그럴 용도로 처음부터 계획하고 받아들인 것 같네요.
악당에게는 당근이 필요하다 (128화/완결),재미있음 여주 넘 귀엽고 나중엔 집착이 심해졌음 좋아
악당에게는 당근이 필요하다 (128화/완결),생각보다 재미있음 귀엽고 카카페에선 기다무임
악당에게는 당근이 필요하다 (128화/완결),아 어제 다 정주행 했는데 여기선 어제 막 신입으로 나오냐 잔이하네
악당에게는 당근이 필요하다 (128화/완결),나같애도 안받지.
