titles,comments
나는 마도왕이다 (236화/완결),웹툰은 또 언제 나오나요?.. ㅠㅠ 보구 시포요
나는 마도왕이다 (236화/완결),쓰벌 헌터물의특징~가족이 불치병 주인공개호구 각성하면먼치킨 끝 소설 쓰기졸라쉽넼ㅋㅋ ㅋ
나는 마도왕이다 (236화/완결),웹툰 보고 글 먼저 읽고 웹툰 정주행 할라고 했는데 그냥 웹툰만 보셈 그게 더 잼있음
나는 마도왕이다 (236화/완결),"스토리상 무리수 없고 전개가 시원 시원하게 진행되는게 장점이긴 한대 필력 자체가 좋은 편은 아니고 스토리 진행 대부분이 혼잣말, 혼자 생각, 나래이션으로 이루어 져서 단조롭게 느껴짐 또 작중에 지상3층, 지하3층, 태양광패널, 순금시설, 전기설비, 건축비, 한쪽면 통유리 등등 이 들어간 집이 고작 8억이라는등 현실성 없는 설정이 꽤 있음"
나는 마도왕이다 (236화/완결),달리는중요
나는 마도왕이다 (236화/완결),뭔가 시원한킬타같으면서도 은근호구기질에 이래저래 호쾌한맛은없음겁나 나대는 주변인물들만 싹 정리해도 훨씬 술술읽힐듯
나는 마도왕이다 (236화/완결),이거 재출간임? 어디서 많이 보던거 같은데...
나는 마도왕이다 (236화/완결),"11화 이후로 넘어갈수록 양판소 작품들과 다르지 않네!! 주인공 먼치킨을 위해 너무 빠르게 성장시키는 부분도 같아!! 뒤로 갈수록 평점이 낮아질 것 같아!! 이런류의 소설을 처음 보는 사람들이라면 볼만하겠지만, 현판을 많이 본 독자들이라면 다들 하차할거라 본다!!"
나는 마도왕이다 (236화/완결),"👏 선발대 보고!! 일단 10화까지 전반적으로 클리셰는 다른 양판 작품들과 별 차이가 없으나, 흐름이 자연스럽고, 명칭이나 이름 등 꽤나 그럴듯하게 보이는 것이 작가가 신경쓴듯 하네요!! 스토리상 특정 목적(사이다, 반전 등등)을 위한 억지스러운 스토리가 없어서 괜찮았습니다. 타 작품들 보다보면 사이다를 목적으로 반전을 목적으로 스토리 진행을 억지스럽게 만든다거나 선을 넘는 무리수를 두는 작품이 많은데, 이 작품은 그러한 부분이 없어서 괜찮았습니다. 양판치고는 디테일도 어느정도 살려서 그런지 그럴듯 하네요!! 그렇다고 높은 평점을 주는 것은 아니지만, 일단 10화까지는 평점 7.5정도 드릴께요."
나는 마도왕이다 (236화/완결),출발
