titles,comments
천뢰검협 (257화/완결),너무나 한심스럽고 조잡한데 별점은 왜 이리 높지?
천뢰검협 (257화/완결),거 참ᆢ 욕이 나오려 하네ᆢ
천뢰검협 (257화/완결),뭐야 이건~~~?아니 그동안 무슨 무공을 연습?한 거야?
천뢰검협 (257화/완결),글의 지향점은 분명히 알겠습니다 근데 좀 짧군요
천뢰검협 (257화/완결),너무 아쉽다.. 하오문주 자리를 16년 동안이나 빼앗겼었는데 이렇게 쉽게 찾는것도 공감이 안가고 16년이나 자리에 없었는데 벌써 정보체계를 원상복귀 시키고 다른 성 정보를 수집할수 있다고?
천뢰검협 (257화/완결),재밌기는 재밌는데 넘 후다닥 끝내는거 같어 ㅠ
천뢰검협 (257화/완결),소랑: 사람답게 살게 해주겠다 추면삼견: 감사합니다 ㅠ 소랑: 그럼 너희는 비인대 소속으로 추면삼견: ?!
천뢰검협 (257화/완결),덕구는 나가있어
천뢰검협 (257화/완결),와...한편을 그냥 먹네
천뢰검협 (257화/완결),"열에 아홉이 죽는 생사단을 매일, 오년간 먹고 살아 남을 확율이 얼마나 될까요? 먹고 난 후 휴유증이 상당할텐데, 훈련도 병행? 너무 과도한 설정이 아닐까요?"
천뢰검협 (257화/완결),아이들 숫자는 대략 사천명 옷나눠주는 이들은 10여명...이게 말이 되나?
천뢰검협 (257화/완결),각 무리들은 무림에 어느 정도 영향을 미치는 세력으로 성장하겠군. 나중엔 서로 칼을 맞대거나 힘을 합치는 경우도 있을 터이고...
천뢰검협 (257화/완결),혈교가 마교나 정파무림에게 개처발린 듯...
천뢰검협 (257화/완결),천뢰검협과 천뢰기공... 뭔가 짝이 맞는 것 같다는...
천뢰검협 (257화/완결),10점 만점에 10점
"이사님, 구독해 주세요! [BL] (70화/완결)",아ᆢ 팬인거 고백하려나?
"이사님, 구독해 주세요! [BL] (70화/완결)",꽃을 왜 사 ㅋㅋㅋㅋㅋㅋ 맨 뒷부분만 보고 다시 봐야겟다 ㅋㅋㅋㅋㅋ ㅠㅠ
