titles,comments
오늘도 램프를 주웠다 [단행본] (14권/완결),고수로 만들어주지 못한다까지는 이해 가능. 근데 이건 돼 저건 안돼 이건 조건이 이렇고 저건 저런 제약이 있고.... 지니를 부른건지 보험특약을 가입하는건지 모를 한심함에 하차
오늘도 램프를 주웠다 [단행본] (14권/완결),소설인가...장난인가
너는 나를 심연에 묻었다 (125화/완결),123화가 아니라 113화가 올라와 있네요. 수정해주세요
"유혹하지 말아줘, 오빠 (78화/완결)",좋네요 에필로그있었으면 더 좋았을텐데 ㅎㅎ
"유혹하지 말아줘, 오빠 (78화/완결)",민규가 세희동생인가봐..
"유혹하지 말아줘, 오빠 (78화/완결)",푸하하.. 어떻게 수습을ㅠㅠ
"유혹하지 말아줘, 오빠 (78화/완결)",정민규.. 너구나.. 하..
"유혹하지 말아줘, 오빠 (78화/완결)",재밌어요~ 덧글없어도 재밌는 소설이네요~^^
"유혹하지 말아줘, 오빠 (78화/완결)",지금까지는 술술 읽히네요^^ 더 읽어봐야겠어요~
