titles,comments
천마 환생하다. (100화/미완결),"천마란 이름을 달면 기본이 상남자 마초에 먼치킨 쾌도난마 기대하는데 요새는 몸으로 뛰지않고 입만 나뷴대,는 듯한 너프인간 어디서 주워가지고 와서 천마라고 주장하며 재활용하려고 하는듯 양판소 정치라인 작가들"
천마 환생하다. (100화/미완결),이글은 천마신공임읽다가 주화입마 걸림 현재 치료중
천마 환생하다. (100화/미완결),와 총 100화인데 25화 무료에 대여권 50장 선물ㅋㅋㅋㅋ 이 정도면 노잼이니 보지 말라는 광고지?
천마 환생하다. (100화/미완결),하차
천마 환생하다. (100화/미완결),이작품도 말이 많네요 ㅋ 속시원한 사이다를 기대하긴 틀린 작품 주인공 천마가 환생햇는대 내공이없다 다시 내공을 만드는 일은 더욱 어렵고 긴긴 세월을 가야한다는점 시작도 전개도 굉장히 느려터지고 상황설명만 판관 포청천을 소설로 말하는거 같은 거기다 주인공이 굉장히 긍적인 사고방식인지 탐정토난을 보듯 상활을 설명하는 생각으로 질질 천마란 주인공이 허접하다못해 입방정이 심하고 비밀이라는점도 없고 인정도 많고 자신이 익힌 무공을 선뜻 부하들에게 주면서 같이 환생하자고하질않나 자연경까지 갓던 주인공이 환생햇으면 자연경까진 아니더라도 어느정도 고수반열에 올라야 가능한 이야기인대 완전 허접한 설정 지루하다못해 이건머지하는 넘큰 실망감 천마에 본질적인건 찾아볼수없는 작품 정파보다 더 정파같은 아버지같고 막퍼주는 천마설정
인피니티 다운 (149화/완결),필력이...어우..못보겠다...하차
인피니티 다운 (149화/완결),출발
