titles,comments
프란츠 공작은 이혼하고 싶다 [독점] (116화/완결),시각적으로 속마음을 볼 수 있다니 너무 수치스럽다 ;;;;; 부인을 안고싶은건 공작의 잘못은 아니지
프란츠 공작은 이혼하고 싶다 [독점] (116화/완결),별로 안분펼하고ㅜ재밌기만한데... 여주 안쓰럽짆아요. 성장하겠져
프란츠 공작은 이혼하고 싶다 [독점] (116화/완결),잼있네.ㅋㅋㅋㅋ
프란츠 공작은 이혼하고 싶다 [독점] (116화/완결),찰스 너무 귀엽고 웃김.ㅋㅋㅋㅋㅋ매력남
프란츠 공작은 이혼하고 싶다 [독점] (116화/완결),여러가지로 싹수가 노란 애기구만
프란츠 공작은 이혼하고 싶다 [독점] (116화/완결),북부공작 수난기
프란츠 공작은 이혼하고 싶다 [독점] (116화/완결),얍
프란츠 공작은 이혼하고 싶다 [독점] (116화/완결),표지에 남주여주가 성인남성과 미성년자 여아로 그려진 것을 보고 비판하러 왔더니 댓글로 볼 때 내용도 비슷한 모양이네요. 안그래도 아동 및 미성년자를 대상으로 한 그루밍성폭력이 성행하고 제대로 처벌도 되지않는 사회에서 이런 작품들이 쓰여지고 유통되는 건 분명 문제입니다. 오락거리라고 가벼워질 것이 아니라 이런 일에는 모두 민감해졌으면 합니다.
프란츠 공작은 이혼하고 싶다 [독점] (116화/완결),와 나 달달 로맨스 좋아했네
프란츠 공작은 이혼하고 싶다 [독점] (116화/완결),벌떡...ㅋㅋㅋㅋㅋㅋㅋㅋㅋㅋㅋㅋㅋ
프란츠 공작은 이혼하고 싶다 [독점] (116화/완결),뭔 충격때문에 성장이 멈췄다는데 금방 폭풍성장 할 수 있지 않을까 하는 기대를 해봅니다… 초경도 늦었다고 하니…저도 고1때 초경을 했고 23살까지 자랐음… 물론 폭풍성장은 아니고 1년에 1센치 정도
프란츠 공작은 이혼하고 싶다 [독점] (116화/완결),그것 참 안타깝네
프란츠 공작은 이혼하고 싶다 [독점] (116화/완결),후작이 나빴네. 공작가 대를 끊을셈인가
프란츠 공작은 이혼하고 싶다 [독점] (116화/완결),"여주는 느낌표 살인마............ 초반에 말투 너무심해서 설마 타임딜 마지막회차까지 이러겠어?!?!??! 하면서 차분히 읽는데 ""허겅!"" 발견하고 뒷걸음질 합니다 ㅠㅠ 성인인데 대화 티키타카가 안될정도라 읽기 조금 힘듭니다."
프란츠 공작은 이혼하고 싶다 [독점] (116화/완결),나중에는 여주가 좀 달라질까 싶어서 완결이랑 외전을 결제해서 미리 봤는데요 ..똑같네요 똑같아.. 다른분 댓글처럼 합법적 ㄹㄹㅋ 보는것 같아서 더는 부담스러워 못보겠음 이젠 갑니다
프란츠 공작은 이혼하고 싶다 [독점] (116화/완결),으아 따뜻한 외전까지!! 감사합니다 자까님♡♡
프란츠 공작은 이혼하고 싶다 [독점] (116화/완결),뭔가 이상해서 전체 댓글을 쭉~ 읽어봤는데 여주는 진짜 정신연령이 미성숙이인듯하네요좋게 말해서 해맑은거지 저나이에 애도 아니고 이건 넘 유아틱한 여주라서 아무리여주버프 때려박고 남주사랑 몰빵한다해도 못봐주겠어요ㅜㅜ 저는 여기서 하차하렵니다
프란츠 공작은 이혼하고 싶다 [독점] (116화/완결),뭐지 예지몽인가 릴리 어머니
프란츠 공작은 이혼하고 싶다 [독점] (116화/완결),음..메리야 그거 프란시아가 방금 너 죽일까 생각해서 그럴거야;
프란츠 공작은 이혼하고 싶다 [독점] (116화/완결),문 눈 돌아갔네 사랑에 빠져서 최애고 나발이고 없어!!
프란츠 공작은 이혼하고 싶다 [독점] (116화/완결),호...이 상태로 끝나지는 않겠네요..
프란츠 공작은 이혼하고 싶다 [독점] (116화/완결),진짜 보석을 먹었냐??;;
프란츠 공작은 이혼하고 싶다 [독점] (116화/완결),갑자기 더럽다로 종결ㅋ
프란츠 공작은 이혼하고 싶다 [독점] (116화/완결),뭔가 민테랑 찰스....ㅋㅋ 귀엽네
프란츠 공작은 이혼하고 싶다 [독점] (116화/완결),찰스는 죽기 전에 민테가 처리하고 가는 걸로ㅋㅋ
프란츠 공작은 이혼하고 싶다 [독점] (116화/완결),찰스 뛸 준비해!
프란츠 공작은 이혼하고 싶다 [독점] (116화/완결),문이 공작부인의 기사가 되나?
프란츠 공작은 이혼하고 싶다 [독점] (116화/완결),용? 아니면 뭐지...
프란츠 공작은 이혼하고 싶다 [독점] (116화/완결),응? 이 꿈은 도대체 뭘 말하는 건가욤?
프란츠 공작은 이혼하고 싶다 [독점] (116화/완결),찰스 이 주책 덩어리야 너한테 그 순서가 오겠니!!
프란츠 공작은 이혼하고 싶다 [독점] (116화/완결),어허~문!!괜히 비장하고 그러지마~그 비장함은 넣어둬 아니 버려!!
프란츠 공작은 이혼하고 싶다 [독점] (116화/완결),넌 이혼 못한다~ㅋㅋ 공작님은 절대 이혼 못해요!!ㅋ
프란츠 공작은 이혼하고 싶다 [독점] (116화/완결),재밌게 봤습니당
프란츠 공작은 이혼하고 싶다 [독점] (116화/완결),릴리가 프란시아라는 잔잔한 호수에 돌을 던진것 같다.
프란츠 공작은 이혼하고 싶다 [독점] (116화/완결),정말 답답하겠다 어떻게살지?ㅋㅋㅋ
프란츠 공작은 이혼하고 싶다 [독점] (116화/완결),화난다 진짜 어우
프란츠 공작은 이혼하고 싶다 [독점] (116화/완결),코야코얔ㅋㅋㅋㅋㅋㅋㅋ
프란츠 공작은 이혼하고 싶다 [독점] (116화/완결),어떻게하긴 이렇게 저렇게 해야지 ㅎㅎㅎ
프란츠 공작은 이혼하고 싶다 [독점] (116화/완결),뭘 할 수 없을까나...?ㅎㅎㅎㅎㅎㅎ난 할 수 있다고 생각하는데 ㅎㅎㅎ
프란츠 공작은 이혼하고 싶다 [독점] (116화/완결),키워드에 개그물을 추가해야 겠네요프란시아와 찰스의 개그물 ㅋㅋㅋ
프란츠 공작은 이혼하고 싶다 [독점] (116화/완결),여주 어린이집 보내줘야된다중도하차 고민중ㅠ
프란츠 공작은 이혼하고 싶다 [독점] (116화/완결),음 솔직히 앞에까지는 곱게 자란 부잣집 아가씨 말이 20대지 순박한 고딩정도로 생각해서 그럴 수 있지 싶었는데 글씨도 못 쓰는 건 좀 아니지 않을까요? 이건 애정이란 이름으로 릴리를 거의 사육한게 아닌가요..? 사랑하는 손녀라는 것과 괴리가 있어보여요.
프란츠 공작은 이혼하고 싶다 [독점] (116화/완결),ㅋㅋ 찰스
프란츠 공작은 이혼하고 싶다 [독점] (116화/완결),로리콘 판타지가 있나요???21살이잖아요..... 좀 거부감 느끼네요. 어린아이와 사랑을 꿈꾸나요? 뭐야....저게....
프란츠 공작은 이혼하고 싶다 [독점] (116화/완결),64화 와서야 뭔가 사건이 일어나네요?
프란츠 공작은 이혼하고 싶다 [독점] (116화/완결),"의기양양하게 댄에게?? ""문에게""가 아닐까요?"
프란츠 공작은 이혼하고 싶다 [독점] (116화/완결),공작가의 후계자를 왜 니가길러? ㅋㅋㅋ
프란츠 공작은 이혼하고 싶다 [독점] (116화/완결),황후한테 들었나요? 이건 존댓말도 아니고 반말도 안고 들으셨어요? 하고 물어봐야지
프란츠 공작은 이혼하고 싶다 [독점] (116화/완결),ㅋㅋㅋㅋㅋ 뭐지 이 뭐라 말할수 없이 터지는 현웃... ㅋㅋㅋ
프란츠 공작은 이혼하고 싶다 [독점] (116화/완결),ㅋㅋㅋㅋㅋㅋㅋㅋㅋㄲㅋㅋㅋㅋㅋㅋㅋㄲㅋㅋㅋㅋ
프란츠 공작은 이혼하고 싶다 [독점] (116화/완결),찐사랑이다 크~~~~~
프란츠 공작은 이혼하고 싶다 [독점] (116화/완결),그게 나야 ~빠~둠빠~두비두밥~!
프란츠 공작은 이혼하고 싶다 [독점] (116화/완결),프란츠 공작가에는 세바스찬이 몇명이야?. 어디까지나 집사니까요
프란츠 공작은 이혼하고 싶다 [독점] (116화/완결),최종보스느낌ㅎㅎ
프란츠 공작은 이혼하고 싶다 [독점] (116화/완결),ㅋㅋㅋ대놓고말하네 찰슼ㅋㅋㅋ 맛이가서 이상한상태래ㅋㅋㅋ
프란츠 공작은 이혼하고 싶다 [독점] (116화/완결),민테 으쓱으쓱 -_-v
프란츠 공작은 이혼하고 싶다 [독점] (116화/완결),ㅋㅋㅋㅋㅋㅋ
프란츠 공작은 이혼하고 싶다 [독점] (116화/완결),음… 18세라면 차라리 좀 이해 했을 것 같은데…
프란츠 공작은 이혼하고 싶다 [독점] (116화/완결),문....비장하지마ㅋㅋㅋㅋ
프란츠 공작은 이혼하고 싶다 [독점] (116화/완결),수고하셨습니다. 외전 기다릴게요.
프란츠 공작은 이혼하고 싶다 [독점] (116화/완결),어쩌냐...마지막 말이 불길하네ㅋㅋㅋㅋㅋ
프란츠 공작은 이혼하고 싶다 [독점] (116화/완결),작가님! 수고 하셨습니다~!! 진짜 마지막까지 잼나게 보고 울고 웃고 했습니다^^ 저 처음으로 로판을 여기에서 완독을 해봅니다! 작가님 외전 나오시면 후다닥 달려오겠습니다🥰 작가님 좋은하루 보내시고 대박나세요~😘
프란츠 공작은 이혼하고 싶다 [독점] (116화/완결),단호박이네ㅋㅋ
프란츠 공작은 이혼하고 싶다 [독점] (116화/완결),아흐흫 연모하는 기사가 생기면 부인은 어떻게 변모할까요 ㅎㅎ
프란츠 공작은 이혼하고 싶다 [독점] (116화/완결),고작 보석따위 나한테 좀 버려주렴
프란츠 공작은 이혼하고 싶다 [독점] (116화/완결),그냥 글만봤는데 두통온다.... 할아버지가아픈것도몰라..
프란츠 공작은 이혼하고 싶다 [독점] (116화/완결),ㅎㅎㅎㅎㅎ
프란츠 공작은 이혼하고 싶다 [독점] (116화/완결),그래도 민테 지진말아라..ㅋㅋ
프란츠 공작은 이혼하고 싶다 [독점] (116화/완결),ㅋㅋㅋㅋㅋㅋㅋㅋㅋㅋㅋ프란시아이제숨쉬듯주접중
프란츠 공작은 이혼하고 싶다 [독점] (116화/완결),그러니까 공작은 사랑한다는 말을 자꾸 귀엽다로 바꾸는 중인 거군요? 슬슬 여주가 성장했으면 좋겠군요.
프란츠 공작은 이혼하고 싶다 [독점] (116화/완결),허공을 토닥 ㅜㅜ 프란시아 짠함
프란츠 공작은 이혼하고 싶다 [독점] (116화/완결),스물한살인데 글씨도 제대로 못써~~헐~~
프란츠 공작은 이혼하고 싶다 [독점] (116화/완결),고작 보석따위
프란츠 공작은 이혼하고 싶다 [독점] (116화/완결),찰스 자동으로 자진해서 연무장행ㅋㅋㅋ
프란츠 공작은 이혼하고 싶다 [독점] (116화/완결),외전이 있다는건 모두 죽는 결말은 아니란거네
프란츠 공작은 이혼하고 싶다 [독점] (116화/완결),냉혈남은 도대체 나오나요 ㅎㅎ 귀여워
프란츠 공작은 이혼하고 싶다 [독점] (116화/완결),민테 떼놓기
프란츠 공작은 이혼하고 싶다 [독점] (116화/완결),죽을 때까지 싸워 용을 죽이고 재앙을 멈추고. . . 그로인해 자신의 고통도 끝날 수 있을까 해서. . . 라면 너무 슬픈데
프란츠 공작은 이혼하고 싶다 [독점] (116화/완결),능력자였어!!!!!!!!!!!
프란츠 공작은 이혼하고 싶다 [독점] (116화/완결),이거 이능력자 물이었어?
프란츠 공작은 이혼하고 싶다 [독점] (116화/완결),결국 남편 후보 물색하기는 무르는건가. 완결공지나서 버티는 중이에요.
프란츠 공작은 이혼하고 싶다 [독점] (116화/완결),얘네 다 이능력자였어? 그나저나 프란츠 이런식으로 가능합니다 ㅋㅋㅋ 견학시켜주니?
프란츠 공작은 이혼하고 싶다 [독점] (116화/완결),응????????? 뭘해.......???????
프란츠 공작은 이혼하고 싶다 [독점] (116화/완결),오모오모 이제 들키는건가? ꒰⑅ᴗ༚ᴗ꒱
프란츠 공작은 이혼하고 싶다 [독점] (116화/완결),새삼 냉정한 얼굴로 갑작스럽게 주책을 떠는ㅋㅋㅋㅋㅋ 남주 점점 캐릭터가 너무 큐트해지는 거 아닙니까... ㅋㅋㅋㅋㅋㅋㅋ
프란츠 공작은 이혼하고 싶다 [독점] (116화/완결),살짝 핀트나간 찰스 귀여워
프란츠 공작은 이혼하고 싶다 [독점] (116화/완결),참사랑이구나 프란시아 (*꒦ິㅿ꒦ີ)
프란츠 공작은 이혼하고 싶다 [독점] (116화/완결),프란시아 주접 나날이 발전 중ㅋㅋㅋㅋㅋ
프란츠 공작은 이혼하고 싶다 [독점] (116화/완결),ㅋㅋㅋㅋㅋㅋㅋㅋㅋㅋㅋㅋㅋㅋㅋㅋㅋㅋㅋㅋㅋㅋㅋㅋㅋㅋㅋㅋㅋㅋㅋㅋㅋㅋㅋㅋㅋㅋㅋㅋㅋㅋㅋㅋㅋㅋㅋㅋㅋㅋㅋㅋㅋㅋㅋㅋㅋㅋㅋㅋㅋㅋㅋㅋㅋㅋㅋㅋㅋㅋㅋㅋㅋㅋㅋㅋㅋ너무기대됨ㅋㅋㅋㅋ ㅋㅋㅋㅋ
프란츠 공작은 이혼하고 싶다 [독점] (116화/완결),기어코 단점을 찾아냈대 ㅎㅎ귀여운프란시아ㅠ
프란츠 공작은 이혼하고 싶다 [독점] (116화/완결),여주가 정신지체여서 하차
프란츠 공작은 이혼하고 싶다 [독점] (116화/완결),만족하지만 만족 못하는 ㅎㅎㅎ
프란츠 공작은 이혼하고 싶다 [독점] (116화/완결),ㅋㅋㅋㅋㅋㅋㅋㅋㅋㅋㅋㅋ 현실적이얔ㅋ
프란츠 공작은 이혼하고 싶다 [독점] (116화/완결),미치겠다 왜케 귀엽니. 너네 부창부수로구나
프란츠 공작은 이혼하고 싶다 [독점] (116화/완결),진전이 없...........하....
프란츠 공작은 이혼하고 싶다 [독점] (116화/완결),나중에 몬스터 구워먹겟네 진짜
프란츠 공작은 이혼하고 싶다 [독점] (116화/완결),여주 진짜 백치인가요? 왠지 아닐 거 같은데 그렇다면 저 정신연령은 대체...
프란츠 공작은 이혼하고 싶다 [독점] (116화/완결),귀엽네요
프란츠 공작은 이혼하고 싶다 [독점] (116화/완결),볼살 홀릭 ㅎㅎ
프란츠 공작은 이혼하고 싶다 [독점] (116화/완결),ㅋㅋㅋ 프란시아 귀엽다
프란츠 공작은 이혼하고 싶다 [독점] (116화/완결),ㅋㅋㅋㅋㅋㅋㅋㅋㅋㅋㅋㅋㅋㅋㅋㅋㅋㅋㅋㅋㅋㅋㅋㅋㅋㅋㅋㅋㅋㅋㅋㅋㅋㅋㅋㅋㅋㅋㅋㅋㅋㅋㅋ
프란츠 공작은 이혼하고 싶다 [독점] (116화/완결),프란츠 대단하네요. 이능 중에서도 대단.
프란츠 공작은 이혼하고 싶다 [독점] (116화/완결),부관에게 무심한데 능력은 모두 파악하고 있다니...이능력이 도대체 몇개야
프란츠 공작은 이혼하고 싶다 [독점] (116화/완결),수상쩍은 여자가 있는데 왜 아무도 이의를 제기하지 않죠.그레이엄 후작은 알고있는것 같은데.
프란츠 공작은 이혼하고 싶다 [독점] (116화/완결),더럽군이랰ㅋㅋㅋㅋㅋㅋㅋㅋㅋㅋㅋㅋㅋㅋㅋㅋㅋㅋㅋㅋㅋㅋㅋㅋㅋㅋㅋㅋㅋㅋㅋㅋㅋㅋㅋㅋㅋㅋㅋㅋㅋㅋㅋㅋㅋㅋㅋㅋㅋㅋㅋ
프란츠 공작은 이혼하고 싶다 [독점] (116화/완결),진짜 그런가봥...
프란츠 공작은 이혼하고 싶다 [독점] (116화/완결),남의집 귀한 강아지라뇨공작님 정신차리십쇼 ㅎㅎㅎㅎ
프란츠 공작은 이혼하고 싶다 [독점] (116화/완결),아웃겨ㅋㅋㅋㅋㅋㅋㅋㅋㅋㅋㅋㅋㅋㅋㅋㅋㅋㅋㅋㅋㅋㅋㅋㅋㅋㅋㅋㅋㅋㅋㅋㅋㅋㅋㅋㅋㅋㅋㅋㅋ
프란츠 공작은 이혼하고 싶다 [독점] (116화/완결),ㅋㅋㅋㅋㅋ
프란츠 공작은 이혼하고 싶다 [독점] (116화/완결),프란츠 왜케 웃기냐? 민테 심정 이해가. 미친
프란츠 공작은 이혼하고 싶다 [독점] (116화/완결),단점을 짚는 아닌가? 짚고 넘어가다 할때 그 짚
프란츠 공작은 이혼하고 싶다 [독점] (116화/완결),이건 로멘스인가요? 코믹인가요?
프란츠 공작은 이혼하고 싶다 [독점] (116화/완결),여주의 대화수준이 유딩~
프란츠 공작은 이혼하고 싶다 [독점] (116화/완결),찰스 ㅋㅋㅋ 소유욕이라니 ㅋㅋㅋㅋㅋ
프란츠 공작은 이혼하고 싶다 [독점] (116화/완결),찰스 진짜 웃곀ㅋㅋㅋㅋㅋㅋㅋㅋㅋㅋㅋㅋㅋㅋㅋㅋㅋㅋㅋㅋㅋㅋㅋㅋㅋㅋㅋㅋㅋㅋㅋㅋㅋㅋㅋㅋㅋㅋㅋ
프란츠 공작은 이혼하고 싶다 [독점] (116화/완결),세상 다이스가 귀여운거 단거에 약한걸 어떻게 꿰고 잇는거야 ㅋㅋ
프란츠 공작은 이혼하고 싶다 [독점] (116화/완결),남주 매력으로 보는 로판이 처음이에요
프란츠 공작은 이혼하고 싶다 [독점] (116화/완결),설마! 이게 완결은 아니겠죠? 흥미로웠는데.....
프란츠 공작은 이혼하고 싶다 [독점] (116화/완결),이럴거면 그냥 데리고 살래ㅋㅋㅋㅋㅋㅋㅋㅋㅋㅋ 아 점점 웃겨요 이 소설 개그 짱
프란츠 공작은 이혼하고 싶다 [독점] (116화/완결),남주야ㅋㅋㅋㅋㅋㅋㅋㅋㅋㅋㅋㅋㅋㅋㅋㅋㅋㅋㅋㅋ 아....짠한데 너무웃김 ꉂꉂ(ᵔᗜᵔ*)
프란츠 공작은 이혼하고 싶다 [독점] (116화/완결),남주가 귀엽다 ㅋㅋㅋㅋㅋㅋㅋㅋㅋㅋ
프란츠 공작은 이혼하고 싶다 [독점] (116화/완결),ㅋㅋㅋㅋㅋㅋㅋㅋ 찰스 눈치가 생겼구먼 껄껄
프란츠 공작은 이혼하고 싶다 [독점] (116화/완결),ㅋㅋㅋㅋㅋㅋㅋㅋㅋㅋㅋㅋㅋㅋㅋㅋㅋㅋㅋㅋㅋㅋㅋㅋㅋㅋㅋㅋㅋㅋㅋㅋㅋㅋㅋㅋㅋㅋㅋㅋㅋㅋㅋㅋㅋㅋㅋㅋㅋㅋ
프란츠 공작은 이혼하고 싶다 [독점] (116화/완결),그럼 그럼 우리 릴리는 북부에 있어야해요!!
프란츠 공작은 이혼하고 싶다 [독점] (116화/완결),또다른 강아지 아니 대형견 등장인가요
프란츠 공작은 이혼하고 싶다 [독점] (116화/완결),나이는 성인인데여주묘사가 너무 아동인데요. 합법로리타도 아니고.. 혹시 뒷부분까지 읽으면 괜찮아지나요. 쭉 읽어야할지 고민이되서요.
프란츠 공작은 이혼하고 싶다 [독점] (116화/완결),정말 21살이면 키보다 정신연령이 문제인데.
프란츠 공작은 이혼하고 싶다 [독점] (116화/완결),1화 후작의 말에 여주에 대한 답이 있네요
프란츠 공작은 이혼하고 싶다 [독점] (116화/완결),아니 그니까 그동안에 니 행동 후회하면서 왜 이혼생각 하냐고 멍청이 공작넘아
프란츠 공작은 이혼하고 싶다 [독점] (116화/완결),"여주 머저리임.,.?저능아같음"
프란츠 공작은 이혼하고 싶다 [독점] (116화/완결),정말 20살 여자가 저러면 도덕적인 남자늘 이혼하고 싶을지도
프란츠 공작은 이혼하고 싶다 [독점] (116화/완결),귀여워..
프란츠 공작은 이혼하고 싶다 [독점] (116화/완결),짧은 입덕부정기가 끝나고 둥개둥개 할줄 알았는데요..
프란츠 공작은 이혼하고 싶다 [독점] (116화/완결),ㅎㅎㅎ 찰스 철 쪼끔 들었네에~
프란츠 공작은 이혼하고 싶다 [독점] (116화/완결),어쩌다 이런 설정이?
프란츠 공작은 이혼하고 싶다 [독점] (116화/완결),전 찰스의 팬입니다. 진실의 조동아리 매력 터져요~♡
프란츠 공작은 이혼하고 싶다 [독점] (116화/완결),민테.. 혹시 마탑주?
프란츠 공작은 이혼하고 싶다 [독점] (116화/완결),남주 안쓰러워ㅋㅋㅋㅋㅋㅋㅋㅋ
프란츠 공작은 이혼하고 싶다 [독점] (116화/완결),이거 넘어온 사람은 몇화부터 보나요??
프란츠 공작은 이혼하고 싶다 [독점] (116화/완결),음.....잠만 어? 아니 잠만 아아아아아아 공작님 왜그러세요. 진정!진정 좀 해봐요
프란츠 공작은 이혼하고 싶다 [독점] (116화/완결),민트초코 아니고 민테초코 아니고 민테?
프란츠 공작은 이혼하고 싶다 [독점] (116화/완결),!?!?틀리셨습니다
프란츠 공작은 이혼하고 싶다 [독점] (116화/완결),제시. 찰스 심리 완벽 파악 ㅋㅋㅋ. 먹이주고 산책시켜주는 사람 따로있고 사랑받는 사람 따로있고 ㅋㅋㅋ
프란츠 공작은 이혼하고 싶다 [독점] (116화/완결),민테?
프란츠 공작은 이혼하고 싶다 [독점] (116화/완결),너무 귀여워서 너무 사랑스러워서이혼하자고...??!! 허.........
프란츠 공작은 이혼하고 싶다 [독점] (116화/완결),여주...달라지겠죠?
프란츠 공작은 이혼하고 싶다 [독점] (116화/완결),엌
프란츠 공작은 이혼하고 싶다 [독점] (116화/완결),아 성장이 덜한게 찐부모의 사랑이나 글구 갓난 애들은 음..어...엄마 모유룰 먹어어할텐데..
프란츠 공작은 이혼하고 싶다 [독점] (116화/완결),사실 알고보니 장애아거나 생각보다 늦게 태어난건데 자기 죽어서 딸 못 돌봐주기 전에 릴리 시집 보내려고 일부로 거짓말한걸수도..
프란츠 공작은 이혼하고 싶다 [독점] (116화/완결),로리타 남주를 그리고싶으셨나.. 설정상 여자 성인이라고는 해놨으니 면피용 구색은 만들어놨고.
프란츠 공작은 이혼하고 싶다 [독점] (116화/완결),보다가 그냥 또 보다가 다봤네!! 지금편까지!! 무슨내용으로 이어갈까? 궁금하구만!!
프란츠 공작은 이혼하고 싶다 [독점] (116화/완결),"ㅇㅇㄴ, ㅁ ㅈㅈ ㄷ ㅇ"
프란츠 공작은 이혼하고 싶다 [독점] (116화/완결),아직까지 진전이 ㅠ
프란츠 공작은 이혼하고 싶다 [독점] (116화/완결),그럼 둘이 키차이가 얼마나 나는거?
프란츠 공작은 이혼하고 싶다 [독점] (116화/완결),여주 정신연령 좀만 높여주세요...
프란츠 공작은 이혼하고 싶다 [독점] (116화/완결),아직도 이러고 있구나...5화까지 보다가 건너뛰고 와봤더니.. 여전히 저러고 있구나ㅋㅋㅋㅋㅋ
프란츠 공작은 이혼하고 싶다 [독점] (116화/완결),걱정된다...
프란츠 공작은 이혼하고 싶다 [독점] (116화/완결),우리의 마님은 역시 순수 그 자체군요. 공작은 귀엽구 ㅎ
프란츠 공작은 이혼하고 싶다 [독점] (116화/완결),나만 자꾸 노코가 코노로 읽혀..?ㅠㅠㅋㅋㄱㅋㅋㅋㅋㅋ
프란츠 공작은 이혼하고 싶다 [독점] (116화/완결),음.. 설정이 난감한부분이 있긴해요. 이러다 둘을 어떻게 엮어주실지. .
프란츠 공작은 이혼하고 싶다 [독점] (116화/완결),미치겠다..뭘 할수 없어ㅋㅋㅋㅋ
프란츠 공작은 이혼하고 싶다 [독점] (116화/완결),여주 ㅋㅋㅋㅋ답답하고매력도없음 하차함
프란츠 공작은 이혼하고 싶다 [독점] (116화/완결),ㅋㅋ
프란츠 공작은 이혼하고 싶다 [독점] (116화/완결),21살이라는데 하는 말이나 행동을 보면 10살임.
프란츠 공작은 이혼하고 싶다 [독점] (116화/완결),순진히고 귀여운 21이 아니라 무슨 4살 5살 보는것같아요
프란츠 공작은 이혼하고 싶다 [독점] (116화/완결),사고이후 몸도정신도 자라는게 멈춘듯하네요..사랑에빠진후 마법에풀려 자난다? 이런 설정인가요?ㅋㅋ
프란츠 공작은 이혼하고 싶다 [독점] (116화/완결),여주 말투가 정말... 초등학생도 저렇게는 말 안하겠네... 설정이 너무 과해서 거부감 들어요ㅠ
프란츠 공작은 이혼하고 싶다 [독점] (116화/완결),검은연기 ㅋㅋㅋ
프란츠 공작은 이혼하고 싶다 [독점] (116화/완결),ㅋㅋㅋㅋ 진짜 웃겨요
프란츠 공작은 이혼하고 싶다 [독점] (116화/완결),ㄹㅇ 21살도 충분히 어리다만 이건 로리콘 아닌가. 진짜 소재 존나 역겹네
프란츠 공작은 이혼하고 싶다 [독점] (116화/완결),여주 저정도면 11살임. 작가의 21살은 너무 먼 과거라 기억을 못 하는 거임?
프란츠 공작은 이혼하고 싶다 [독점] (116화/완결),아껴서 세상물정 모르게 키우는거랑 뇌청순은 다른건데 심하게 뇌청순이네 귀여운게 아니라 어딘가 정신적으로 문제 있어 보이는 여주네요
프란츠 공작은 이혼하고 싶다 [독점] (116화/완결),"24화까지 읽고 난 뒤 느낀 건, 일단 이 작품은 네이버보다 차라리 카카페갔으면 좋았을 걸. 초반에 로리콘 같은 구도가 거부반응 일으키긴 하지만, 남주가 혼자 내면 갈등 일으키며 북치고장구치고 하는데 여주는 아무것도 몰라요 하며 해맑은게 관전 포인트 같고. 글고 그게 하필 묵직한 로설 많은 네이버에서 나오니, 더 거북한듯 싶음. 좀 더 깨발랄 유쾌 통통으로 카카페 갔으면(부부설정은 좀 지우고) 그냥 육아물로 귀여운 소설로 보였을 거 같기도 하고 그럼. 어쨌든 여주가 거북하긴한데 초반만 좀 넘기고 보면, 남주도 여주에게 마음 느끼는 거 스스로 죄책감? 그런거 느껴서 혼자 북치고장구치고 안절부절못하는게 웃김."
프란츠 공작은 이혼하고 싶다 [독점] (116화/완결),ㅋㅋㅋㅋ아니 근데 다이슼ㅋㅋㅋㅋ 난 쟤가 왜케 웃기짘ㅋㅋㅋㅋ 말투 뭐냐고요 ㅋㅋㅋㅋㅋㅋ
프란츠 공작은 이혼하고 싶다 [독점] (116화/완결),뜻밖의 능력자여주!!!
프란츠 공작은 이혼하고 싶다 [독점] (116화/완결),알겠다. 이건 웹툰으로 만들어졌어야해. 글 말고.
프란츠 공작은 이혼하고 싶다 [독점] (116화/완결),ㅋㅋㅋㅋㅋ악ㅋㅋㅋㅋ
프란츠 공작은 이혼하고 싶다 [독점] (116화/완결),조연들이 찰지네요
프란츠 공작은 이혼하고 싶다 [독점] (116화/완결),차라리 남편+아내 조합말고 그냥 키다리 아저씨처럼 후견인+피후견인 조합으로 하고 대신 그것도 자칫하면 남주를 로리콘 혹은 미성년자 건드리는 모럴리스로 보이기 쉬우니 로맨스 죽이고 우쭈쭈해주는 육아물이었으면 어땠을까 방금 생각해봤는데 쨌든 작가님 다른 작품은 없나 궁금함. 21살이라고 명시를 했다지만 여주캐릭이 도저히 성인간의 로맨스처럼 안 읽혀서 난 결국 잠시 읽기 보류하긴하지만 이 작가 글 읽히기는 편하게 읽혀서 아주 아쉬움. 필력봐선 신인은 아닌 거 같은디
프란츠 공작은 이혼하고 싶다 [독점] (116화/완결),할수없다뉰ㅋㅋㅋㅋ
프란츠 공작은 이혼하고 싶다 [독점] (116화/완결),부모님 돌아가신 후부터 저랬다고 시녀가 얘기했는데요?
프란츠 공작은 이혼하고 싶다 [독점] (116화/완결),"이게 참 묘한게... 다른 댓 말대로 여주가 애같아서 이질감이 드는데 거기다 남주가 죄책감을 갖는 심리가 비추니까 더 로리콘 느낌이 들면서 거부감까지 들랑말랑 하는데, 또 한편으로는 작가님이 필력이 엉망인건 아니라 무슨 생각이 있으니 이렇게 앞부분에 풀어놓는 거 아닐까 싶으면서 이걸 어케 풀어가실까 궁금하기도 함.. 근데 여주 말투는 좀 항마력 딸리긴 함."
프란츠 공작은 이혼하고 싶다 [독점] (116화/완결),귀여워 ㅋㅋㅋㅋㅋ
프란츠 공작은 이혼하고 싶다 [독점] (116화/완결),그냥 찰스랑 프란시아랑 커플 하면 안됨? 릴리+프란시아 조합보다 프란시아+찰스가 더 좋다 둘이 캐미가 잘맞아서 개그 브로맨스로 괜찮을 거 같은디
프란츠 공작은 이혼하고 싶다 [독점] (116화/완결),이거 장르가 육아물같다..
프란츠 공작은 이혼하고 싶다 [독점] (116화/완결),"느낌표가 안티야 진짜로.... 하 뭐지 이 안타까운 느낌은. 작가님 필력 절대 엉망인 느낌 아닌데, 여주 캐릭터 설정이 너무 안티라서 하 계속 가 말아"
프란츠 공작은 이혼하고 싶다 [독점] (116화/완결),느낌표가 안티다.... 어쩌지 궁금은 한데 여주 말투가 너무 거슬림. 작가님 왜 그러셨어요..! 문장 깔끔하고 묘사도 안정적인 거 같은데 하 어쩌지 아쉬움 술술 읽힘 여주 대사 빼고... 여주 대사가 안티다 정말
프란츠 공작은 이혼하고 싶다 [독점] (116화/완결),으음. 댓글 평 보고 별로일거라 생각하고 들어왔는데 생각보단 문장이 깔끔하고 남주도 괜찮음. 근데 여주는 확실히 좀 음... 일단 고 해보지
프란츠 공작은 이혼하고 싶다 [독점] (116화/완결),남주가 안타까워지는 소설은 처음이네요 ㅌㅋㅋㅋㅋㅋㅋㅋㅋㅋ
프란츠 공작은 이혼하고 싶다 [독점] (116화/완결),ㅠ감...
프란츠 공작은 이혼하고 싶다 [독점] (116화/완결),재미있어요 ~♡
프란츠 공작은 이혼하고 싶다 [독점] (116화/완결),ㅋㅋㅋㅋㅋㅋㅋㅋㅋㅋㅋㅋㅋㅋㅋㅋㅋㅋㅋㅋㅋㅋㅋ
프란츠 공작은 이혼하고 싶다 [독점] (116화/완결),어이쿠 저런... ㅋㅋㅋㅋㅋㅋㅋㅋㅋㅋㅋㅋㅋㅋㅋ 꼭 껴안고 사랑해요 했는데 애기가 안생기면 실망하겄네ㅋㅋㅋㅋㅋㅋㅋ 세상 졸귀탱
프란츠 공작은 이혼하고 싶다 [독점] (116화/완결),너무 여주가 여섯살 같다
프란츠 공작은 이혼하고 싶다 [독점] (116화/완결),"작가님 ,, 21살인데 저정도인건 조금 심각한거 아닐까요 ..? 무슨 느낌으로 쓰신건지 이해가 가면서 안가는 느낌 ,,, 무슨 사건 때문에 저런거면 모를까 계속 저런 성향이면 보기 조금 힘들 것 같아요 ㅠㅠ"
프란츠 공작은 이혼하고 싶다 [독점] (116화/완결),부인이 아니라 3살짜리 딸키우는느낌?
프란츠 공작은 이혼하고 싶다 [독점] (116화/완결),남주가 주인공인 로판은 새롭네요...?!? ! 귀염뽀쟉한 표지에 이끌려 들어왔습니다만..... 함가 달려보겠습니다 작가님 화이팅 !!!!!!!!
프란츠 공작은 이혼하고 싶다 [독점] (116화/완결),릴리는 책도 안읽었나요?
프란츠 공작은 이혼하고 싶다 [독점] (116화/완결),남주에 빙의해 보기도 하네
프란츠 공작은 이혼하고 싶다 [독점] (116화/완결),야 너도 연병장 뛰면 어쩌려고 그려?
프란츠 공작은 이혼하고 싶다 [독점] (116화/완결),7살 아이도 이렇게 얘기를 하지 않는데정신연령이 4살이 맞을것 같네요 하차 합니다
프란츠 공작은 이혼하고 싶다 [독점] (116화/완결),첫눈에 반한거야? 어떡해 밤마다 사리를 쌓아야 할텐데
프란츠 공작은 이혼하고 싶다 [독점] (116화/완결),귀엽다 근데 진짜 밤일 어떡하냐? 정신연령이 어린앤데
프란츠 공작은 이혼하고 싶다 [독점] (116화/완결),답답하다 80화까지 진전이 1도 없네
프란츠 공작은 이혼하고 싶다 [독점] (116화/완결),"답글
1"
프란츠 공작은 이혼하고 싶다 [독점] (116화/완결),이건 장르가 로맨스가 아니라 개그임...
프란츠 공작은 이혼하고 싶다 [독점] (116화/완결),너무 백치 느낌이라 포기 ;;
프란츠 공작은 이혼하고 싶다 [독점] (116화/완결),사기결혼이면서 시녀도 당당하구만남주가 다른 남자옇으면 구박소박바람..
프란츠 공작은 이혼하고 싶다 [독점] (116화/완결),여주랑 남주 덩치차 생각하고 시작했는데 여주 정신연령이 너무 어려서 로리콘 느낌이 나요...ㅠㅠㅠ.... 내용 진행되면 괜찮으려나요
프란츠 공작은 이혼하고 싶다 [독점] (116화/완결),80화까지 이상무?
프란츠 공작은 이혼하고 싶다 [독점] (116화/완결),진짜 아찔하다 ...소중하게 키운 것은 좋으나...너무 아무것도 모르면 어떡해ㅠㅠㅠ
프란츠 공작은 이혼하고 싶다 [독점] (116화/완결),ㅋㅋㅋㅋㅋㅋㅋㅋㅋㅋㅋㅋㅋㅋㅋㅋㅋㅋㅋㅋㅋㅋㅋㅋㅋ
프란츠 공작은 이혼하고 싶다 [독점] (116화/완결),21살치고 말투나 행동이 너무 어린애 같은데... 진짜 뭔 문제가 있는건가요ㅠㅜㅜ
프란츠 공작은 이혼하고 싶다 [독점] (116화/완결),시험관 시술을 해야하나
프란츠 공작은 이혼하고 싶다 [독점] (116화/완결),"여기까지만 봐서는 여주 매력을 못 느끼겠어요 언행이 전혀 성인여자가 아니고 그냥 아동인데.,;; 저런 모습에 감정이 싹트는거면 남주는 대체 무슨... 일단 더 봐보겠음..."
프란츠 공작은 이혼하고 싶다 [독점] (116화/완결),찰스민테 케미 넘 좋다ㅠㅠ
프란츠 공작은 이혼하고 싶다 [독점] (116화/완결),진잨ㅋ
프란츠 공작은 이혼하고 싶다 [독점] (116화/완결),마지막ㅋㅋㅋ 음란마귀가 꼇나봨ㅋㅋㅋ...
프란츠 공작은 이혼하고 싶다 [독점] (116화/완결),뭘 할 수 없다는게야?!ㅋ
프란츠 공작은 이혼하고 싶다 [독점] (116화/완결),사고이후 몸도정신도 자라는게 멈춘듯하네요..사랑에빠진후 마법에풀려 자난다? 이런 설정인가요?ㅋㅋ
프란츠 공작은 이혼하고 싶다 [독점] (116화/완결),여주 말투가 정말... 초등학생도 저렇게는 말 안하겠네... 설정이 너무 과해서 거부감 들어요ㅠ
프란츠 공작은 이혼하고 싶다 [독점] (116화/완결),검은연기 ㅋㅋㅋ
프란츠 공작은 이혼하고 싶다 [독점] (116화/완결),ㅋㅋㅋㅋ 진짜 웃겨요
프란츠 공작은 이혼하고 싶다 [독점] (116화/완결),ㄹㅇ 21살도 충분히 어리다만 이건 로리콘 아닌가. 진짜 소재 존나 역겹네
프란츠 공작은 이혼하고 싶다 [독점] (116화/완결),여주 저정도면 11살임. 작가의 21살은 너무 먼 과거라 기억을 못 하는 거임?
프란츠 공작은 이혼하고 싶다 [독점] (116화/완결),아껴서 세상물정 모르게 키우는거랑 뇌청순은 다른건데 심하게 뇌청순이네 귀여운게 아니라 어딘가 정신적으로 문제 있어 보이는 여주네요
프란츠 공작은 이혼하고 싶다 [독점] (116화/완결),"24화까지 읽고 난 뒤 느낀 건, 일단 이 작품은 네이버보다 차라리 카카페갔으면 좋았을 걸. 초반에 로리콘 같은 구도가 거부반응 일으키긴 하지만, 남주가 혼자 내면 갈등 일으키며 북치고장구치고 하는데 여주는 아무것도 몰라요 하며 해맑은게 관전 포인트 같고. 글고 그게 하필 묵직한 로설 많은 네이버에서 나오니, 더 거북한듯 싶음. 좀 더 깨발랄 유쾌 통통으로 카카페 갔으면(부부설정은 좀 지우고) 그냥 육아물로 귀여운 소설로 보였을 거 같기도 하고 그럼. 어쨌든 여주가 거북하긴한데 초반만 좀 넘기고 보면, 남주도 여주에게 마음 느끼는 거 스스로 죄책감? 그런거 느껴서 혼자 북치고장구치고 안절부절못하는게 웃김."
프란츠 공작은 이혼하고 싶다 [독점] (116화/완결),ㅋㅋㅋㅋ아니 근데 다이슼ㅋㅋㅋㅋ 난 쟤가 왜케 웃기짘ㅋㅋㅋㅋ 말투 뭐냐고요 ㅋㅋㅋㅋㅋㅋ
프란츠 공작은 이혼하고 싶다 [독점] (116화/완결),뜻밖의 능력자여주!!!
프란츠 공작은 이혼하고 싶다 [독점] (116화/완결),알겠다. 이건 웹툰으로 만들어졌어야해. 글 말고.
프란츠 공작은 이혼하고 싶다 [독점] (116화/완결),ㅋㅋㅋㅋㅋ악ㅋㅋㅋㅋ
프란츠 공작은 이혼하고 싶다 [독점] (116화/완결),조연들이 찰지네요
프란츠 공작은 이혼하고 싶다 [독점] (116화/완결),차라리 남편+아내 조합말고 그냥 키다리 아저씨처럼 후견인+피후견인 조합으로 하고 대신 그것도 자칫하면 남주를 로리콘 혹은 미성년자 건드리는 모럴리스로 보이기 쉬우니 로맨스 죽이고 우쭈쭈해주는 육아물이었으면 어땠을까 방금 생각해봤는데 쨌든 작가님 다른 작품은 없나 궁금함. 21살이라고 명시를 했다지만 여주캐릭이 도저히 성인간의 로맨스처럼 안 읽혀서 난 결국 잠시 읽기 보류하긴하지만 이 작가 글 읽히기는 편하게 읽혀서 아주 아쉬움. 필력봐선 신인은 아닌 거 같은디
프란츠 공작은 이혼하고 싶다 [독점] (116화/완결),할수없다뉰ㅋㅋㅋㅋ
프란츠 공작은 이혼하고 싶다 [독점] (116화/완결),부인이 아니라 3살짜리 딸키우는느낌?
프란츠 공작은 이혼하고 싶다 [독점] (116화/완결),남주가 주인공인 로판은 새롭네요...?!? ! 귀염뽀쟉한 표지에 이끌려 들어왔습니다만..... 함가 달려보겠습니다 작가님 화이팅 !!!!!!!!
프란츠 공작은 이혼하고 싶다 [독점] (116화/완결),릴리는 책도 안읽었나요?
프란츠 공작은 이혼하고 싶다 [독점] (116화/완결),남주에 빙의해 보기도 하네
프란츠 공작은 이혼하고 싶다 [독점] (116화/완결),야 너도 연병장 뛰면 어쩌려고 그려?
프란츠 공작은 이혼하고 싶다 [독점] (116화/완결),7살 아이도 이렇게 얘기를 하지 않는데정신연령이 4살이 맞을것 같네요 하차 합니다
프란츠 공작은 이혼하고 싶다 [독점] (116화/완결),첫눈에 반한거야? 어떡해 밤마다 사리를 쌓아야 할텐데
프란츠 공작은 이혼하고 싶다 [독점] (116화/완결),귀엽다 근데 진짜 밤일 어떡하냐? 정신연령이 어린앤데
프란츠 공작은 이혼하고 싶다 [독점] (116화/완결),답답하다 80화까지 진전이 1도 없네
프란츠 공작은 이혼하고 싶다 [독점] (116화/완결),"답글
1"
프란츠 공작은 이혼하고 싶다 [독점] (116화/완결),이건 장르가 로맨스가 아니라 개그임...
프란츠 공작은 이혼하고 싶다 [독점] (116화/완결),너무 백치 느낌이라 포기 ;;
프란츠 공작은 이혼하고 싶다 [독점] (116화/완결),사기결혼이면서 시녀도 당당하구만남주가 다른 남자옇으면 구박소박바람..
프란츠 공작은 이혼하고 싶다 [독점] (116화/완결),여주랑 남주 덩치차 생각하고 시작했는데 여주 정신연령이 너무 어려서 로리콘 느낌이 나요...ㅠㅠㅠ.... 내용 진행되면 괜찮으려나요
프란츠 공작은 이혼하고 싶다 [독점] (116화/완결),80화까지 이상무?
프란츠 공작은 이혼하고 싶다 [독점] (116화/완결),진짜 아찔하다 ...소중하게 키운 것은 좋으나...너무 아무것도 모르면 어떡해ㅠㅠㅠ
프란츠 공작은 이혼하고 싶다 [독점] (116화/완결),ㅋㅋㅋㅋㅋㅋㅋㅋㅋㅋㅋㅋㅋㅋㅋㅋㅋㅋㅋㅋㅋㅋㅋㅋㅋ
프란츠 공작은 이혼하고 싶다 [독점] (116화/완결),21살치고 말투나 행동이 너무 어린애 같은데... 진짜 뭔 문제가 있는건가요ㅠㅜㅜ
프란츠 공작은 이혼하고 싶다 [독점] (116화/완결),시험관 시술을 해야하나
프란츠 공작은 이혼하고 싶다 [독점] (116화/완결),"여기까지만 봐서는 여주 매력을 못 느끼겠어요 언행이 전혀 성인여자가 아니고 그냥 아동인데.,;; 저런 모습에 감정이 싹트는거면 남주는 대체 무슨... 일단 더 봐보겠음..."
프란츠 공작은 이혼하고 싶다 [독점] (116화/완결),찰스민테 케미 넘 좋다ㅠㅠ
프란츠 공작은 이혼하고 싶다 [독점] (116화/완결),진잨ㅋ
프란츠 공작은 이혼하고 싶다 [독점] (116화/완결),마지막ㅋㅋㅋ 음란마귀가 꼇나봨ㅋㅋㅋ...
프란츠 공작은 이혼하고 싶다 [독점] (116화/완결),뭘 할 수 없다는게야?!ㅋ
"작가, 천재 영화감독 되다 (239화/완결)",주인공 드럽게 소극적이고 주관이란것도 없고 본인이 천재작가라는 자각이 1도 없음. 가진것을 활용하지 않고 말도 안되는 개연성의 작위적인 상황에 의해 진행이 됌.
"작가, 천재 영화감독 되다 (239화/완결)","주인공은 본인 생각이란게 없습니다. 자기가 이뤄놓은 일들에 대해 소극적자세와 자신감결여 그래서 자신만의 신념,줏대가 없어 남들한테 휘둘리는 팔랑귀가 되어버렸고 타인의 의견에 모두 맞춰줍니다."
"작가, 천재 영화감독 되다 (239화/완결)",감독판은 찐할거야
"작가, 천재 영화감독 되다 (239화/완결)",대표의를 향해 대표를
"작가, 천재 영화감독 되다 (239화/완결)",나중에 따라 따로
"작가, 천재 영화감독 되다 (239화/완결)",중간에 내가가 아니라 네가가 매끄러울 것 같습니다.
"작가, 천재 영화감독 되다 (239화/완결)",좀 잡설이긴데? 돈아깝네.
"작가, 천재 영화감독 되다 (239화/완결)",매회 내용이 반복 반복 새의여행 ㅜㅡㅜ 작가님 건필하세요 전 이만
"작가, 천재 영화감독 되다 (239화/완결)",ㅡㅡ 왠지 점점 글이 …..
"작가, 천재 영화감독 되다 (239화/완결)",잘보고 있어요
"작가, 천재 영화감독 되다 (239화/완결)",hmm
"작가, 천재 영화감독 되다 (239화/완결)",ㅋㅋ. 구라는...지도 긴장 될텐데 ㅎㅎ
"작가, 천재 영화감독 되다 (239화/완결)",ㅋㅋㅋ 낚엿네
"작가, 천재 영화감독 되다 (239화/완결)",헠 들켰다! 어떻게 알았지...?
"작가, 천재 영화감독 되다 (239화/완결)",역시~
"작가, 천재 영화감독 되다 (239화/완결)",조아조아
"작가, 천재 영화감독 되다 (239화/완결)",이렇게 만나네요
"작가, 천재 영화감독 되다 (239화/완결)",음....새로운 시작~~~
"작가, 천재 영화감독 되다 (239화/완결)",오 기대됩니다
"작가, 천재 영화감독 되다 (239화/완결)",재밌는데 글이 점점 느려지는거 같아요 그래서 재미가 반감 되는듯한 ㅜㅡㅜ
"작가, 천재 영화감독 되다 (239화/완결)",ㅡㅡ 연참
"작가, 천재 영화감독 되다 (239화/완결)",아몰랑 정주행 완료
"작가, 천재 영화감독 되다 (239화/완결)",엄청 짧네
"작가, 천재 영화감독 되다 (239화/완결)",떡밥만 깔고 해결은 없다 고구마판이네요 다 읽긴했는데 투자이야기만 나오면 고구마네
"작가, 천재 영화감독 되다 (239화/완결)",과연!
"작가, 천재 영화감독 되다 (239화/완결)",글로 낚시를... 강태공일세.
"작가, 천재 영화감독 되다 (239화/완결)",아니 주인공이 능력을 얻자마자 평소와 다르게 이런 일이 연속으로 벌어지는건..개연성이 너무..
"작가, 천재 영화감독 되다 (239화/완결)",전개가 너무 억지스러운데...평소에 그런게 아닌데 기다렸다는듯이...
"작가, 천재 영화감독 되다 (239화/완결)",어휴 빽이 뭔지
"작가, 천재 영화감독 되다 (239화/완결)",위대근보다 위대하다
"작가, 천재 영화감독 되다 (239화/완결)",오오미
"작가, 천재 영화감독 되다 (239화/완결)",재미있네요!
"작가, 천재 영화감독 되다 (239화/완결)",보고있는 분들 하렘삘나는지 주위여자들이 또 금사빠 되는지 알려주세요 워낙 요새 금사빠들이 많아서 고자주인공이면 보고 하렘삘이면 안보게
"작가, 천재 영화감독 되다 (239화/완결)",출발
"작가, 천재 영화감독 되다 (239화/완결)",●_____________● !!! 어떻게 알았지???
"작가, 천재 영화감독 되다 (239화/완결)",편집장은 개인정보를 변호사라도 함부로 막 넘기나? 저러면 글을 다시 써도 저사람이랑 일하겠어?
"작가, 천재 영화감독 되다 (239화/완결)",우연인가요?
"작가, 천재 영화감독 되다 (239화/완결)",작가물이 좋은데...
