titles,comments
어느 날 악녀가 말했다 (97화/완결),황제가 외동이라면 대공은?
어느 날 악녀가 말했다 (97화/완결),엠마가 편지를 빼돌려 멍청하고 욕심많은 오빠에게 가져다 주겠지 옆에 배신자를 두고 있구나
적(敵) [독점] (260화/완결),참...아버지가 존대하는 사람한테 너라고 하고 그걸 또 듣고 그냥 대화 이어가는 주인공도...더 볼라니 겁난다.
적(敵) [독점] (260화/완결),상식적인 선에서 맞지않는 -특히 반말- 여러 상황의 언밸런스가 불편합니다. 작품호감도가 확 떨어집니다.
적(敵) [독점] (260화/완결),여기저기 무공알려주고 재능뿌리고 다니는 스토리 싫다 리얼 바로 하차한다
적(敵) [독점] (260화/완결),존나 또 여기저기 다알려주고 가르쳐주고 무공뿌리는 스토리 바로 하차 한다 ㅅㄱ
적(敵) [독점] (260화/완결),며칠이 벌써 세달 되가는데 며칠이라니;;
적(敵) [독점] (260화/완결),왜 안올라와요 본편 완결은 ;;;
적(敵) [독점] (260화/완결),안녕하세요. 시즈닝북스입니다. 완결고에 시간이 좀더 지체되는 관계로. 오늘 마지막 연재가 내일로 미뤄지게 되었습니다. 내일 확인을 부탁드립니다!!
적(敵) [독점] (260화/완결),"안녕하세요, 시즈닝북스입니다. 오늘은 작가님 사정으로 인해 휴재하게 되었습니다. 양해 부탁드리겠습니다."
적(敵) [독점] (260화/완결),왜 안올라어ㅏ…
적(敵) [독점] (260화/완결),으아 흑호할매 죽으면 안돼요....ㅠㅠ
적(敵) [독점] (260화/완결),아... 여제와 여산ㅠㅠ
적(敵) [독점] (260화/완결),"떡밥은 계속 나오는데 정리가, 안됨암튼 주인공 들 다 먼치킨"
적(敵) [독점] (260화/완결),"소재가 참신.. 아직 모가몬지 모르, . 주인공 먼치킨 ㅋㄱ"
적(敵) [독점] (260화/완결),치우검? 조선인+치우검+검과 활? 치우천황이 스승님? 아니겠지? 조선인에 그러면 이성계 생각했었는데
적(敵) [독점] (260화/완결),오오오 도군이 멋졍
적(敵) [독점] (260화/완결),뭐지 여산이 편이 되는건가? 보니까 방여산은 절대 착한 인물은 아닌거같네요 쫄들한테도 막 좋은 상관은 아니엇나봄
적(敵) [독점] (260화/완결),남궁제! 와 쫄따구가 남궁가주네 ㅎㄷㄷㄷ
적(敵) [독점] (260화/완결),글이 짧다 ㅠㅠㅠ 몰입이 잘 되는건가 ㅠㅠ
적(敵) [독점] (260화/완결),위지승량??? 위지태 위지승??? 겁에서 무진이 원래이름이 위지승인데 관련있는건가??? 그러고보니 무진이 할아버지인데 여산이는 왜 방씨이고.......
적(敵) [독점] (260화/완결),굿굿 a
적(敵) [독점] (260화/완결),재밌습니다:)
적(敵) [독점] (260화/완결),겁을 쓰실 당시 베스트에 있을때부터 봤던애독자입니다 문체도 더 깔끔해진것 같고 읽기 편해진 느낌입니다 전부터 글은 정말 잘쓰신다 생각했지만.. 18회까지본소감이라면 아직 회차수가 짧은게 흠이라할만큼 재밌습니다 겁에서 나온 인물들도 보이고 개인적으로는 겁보다 읽기 편하고 재밌어진거 같습니다 감사합니다 앞으로도 건강 관리 잘하셔서 좋은글많이 남겨주셨으면좋겠습니다
적(敵) [독점] (260화/완결),이게 무협이냐??
적(敵) [독점] (260화/완결),겁 끝나지도않았는데 적 ㅋㅋㅋ
적(敵) [독점] (260화/완결),남궁제 대신 자식들 참교육인가ㅋㅋ
적(敵) [독점] (260화/완결),전부터 미리 써두신거구나~~ 오해할뻔했어욤 이번 신작도 잘 보고 있어요!!! 작가님 건강도 잘 챙기시길~
적(敵) [독점] (260화/완결),해명글 감사합니다 ^^♥
적(敵) [독점] (260화/완결),"안녕하세요 독자님들.미처 인사가 늦었습니다. 본의 아니게 제가 런칭일자까지 받아뒀음에도 몸이 아파 먼저 인사 드리지 못했습니다. <적>은 전작 <겁>의 전시대이자, 주인공 혁무진의 조부인 방여산의 이야기입니다. 1년전부터 준비하고 있던 소설이나, 제 건강이 미처 따라주지 못해 미루고 밀어 이제나마 오픈하게 되었습니다! 그간 고생하신 저희 담당자님께 감사드리고, 항상 기다려주시고 즐겨 봐주시는 모든 독자분들께 고맙고 또 고맙습니다. <적>은 1년전부터 준비된 작품이다 보니 전작과 달리 꽤 세심한 스토리와 보다 개성있는 캐릭터들이 준비되어 있다 자신있게 말씀 드릴 수 있습니다. 재밌게 봐주셨으면 좋겠습니다. 쓴소리 칭찬 모두 다 겸허히 받아들이겠습니다. 항상 감사합니다."
적(敵) [독점] (260화/완결),맞네 그 방여산
적(敵) [독점] (260화/완결),저기 겁에서 혁무진의 조부가 방여산이라고 나오는데 여기있는 방여산이랑 동일인물인가요?
적(敵) [독점] (260화/완결),"독자들 개무시하는 것도 아니고, 한달 가까이 무단 연중에 이제는 완결도 안 짓고 신작까지 쓰시네 ㅋㅋㅋ 겁 결제했던 독자들은 연중작 읽으려고 결제했겠어요? 제발 개념 좀 지킵시다 작가님..."
적(敵) [독점] (260화/완결),아 씨바 이런거 존나싫어 씨바아아발
적(敵) [독점] (260화/완결),작가님 겁 작품도 신경써주세요!!!!
적(敵) [독점] (260화/완결),이제 겁은 안써요?
적(敵) [독점] (260화/완결),쓰던건 마무리 짓고 다른작품을 쓰시지
적(敵) [독점] (260화/완결),볼 만함 아직은
적(敵) [독점] (260화/완결),계속 등장하는 점마들은 뭐임
적(敵) [독점] (260화/완결),두두등장
적(敵) [독점] (260화/완결),뭐지. 황궁인가.
적(敵) [독점] (260화/완결),뭐지 여산이 편이 되는건가? 보니까 방여산은 절대 착한 인물은 아닌거같네요 쫄들한테도 막 좋은 상관은 아니엇나봄
적(敵) [독점] (260화/완결),남궁제! 와 쫄따구가 남궁가주네 ㅎㄷㄷㄷ
적(敵) [독점] (260화/완결),글이 짧다 ㅠㅠㅠ 몰입이 잘 되는건가 ㅠㅠ
적(敵) [독점] (260화/완결),위지승량??? 위지태 위지승??? 겁에서 무진이 원래이름이 위지승인데 관련있는건가??? 그러고보니 무진이 할아버지인데 여산이는 왜 방씨이고.......
적(敵) [독점] (260화/완결),굿굿 a
적(敵) [독점] (260화/완결),재밌습니다:)
적(敵) [독점] (260화/완결),겁을 쓰실 당시 베스트에 있을때부터 봤던애독자입니다 문체도 더 깔끔해진것 같고 읽기 편해진 느낌입니다 전부터 글은 정말 잘쓰신다 생각했지만.. 18회까지본소감이라면 아직 회차수가 짧은게 흠이라할만큼 재밌습니다 겁에서 나온 인물들도 보이고 개인적으로는 겁보다 읽기 편하고 재밌어진거 같습니다 감사합니다 앞으로도 건강 관리 잘하셔서 좋은글많이 남겨주셨으면좋겠습니다
적(敵) [독점] (260화/완결),이게 무협이냐??
적(敵) [독점] (260화/완결),겁 끝나지도않았는데 적 ㅋㅋㅋ
적(敵) [독점] (260화/완결),남궁제 대신 자식들 참교육인가ㅋㅋ
적(敵) [독점] (260화/완결),전부터 미리 써두신거구나~~ 오해할뻔했어욤 이번 신작도 잘 보고 있어요!!! 작가님 건강도 잘 챙기시길~
적(敵) [독점] (260화/완결),해명글 감사합니다 ^^♥
적(敵) [독점] (260화/완결),"안녕하세요 독자님들.미처 인사가 늦었습니다. 본의 아니게 제가 런칭일자까지 받아뒀음에도 몸이 아파 먼저 인사 드리지 못했습니다. <적>은 전작 <겁>의 전시대이자, 주인공 혁무진의 조부인 방여산의 이야기입니다. 1년전부터 준비하고 있던 소설이나, 제 건강이 미처 따라주지 못해 미루고 밀어 이제나마 오픈하게 되었습니다! 그간 고생하신 저희 담당자님께 감사드리고, 항상 기다려주시고 즐겨 봐주시는 모든 독자분들께 고맙고 또 고맙습니다. <적>은 1년전부터 준비된 작품이다 보니 전작과 달리 꽤 세심한 스토리와 보다 개성있는 캐릭터들이 준비되어 있다 자신있게 말씀 드릴 수 있습니다. 재밌게 봐주셨으면 좋겠습니다. 쓴소리 칭찬 모두 다 겸허히 받아들이겠습니다. 항상 감사합니다."
적(敵) [독점] (260화/완결),맞네 그 방여산
적(敵) [독점] (260화/완결),저기 겁에서 혁무진의 조부가 방여산이라고 나오는데 여기있는 방여산이랑 동일인물인가요?
적(敵) [독점] (260화/완결),"독자들 개무시하는 것도 아니고, 한달 가까이 무단 연중에 이제는 완결도 안 짓고 신작까지 쓰시네 ㅋㅋㅋ 겁 결제했던 독자들은 연중작 읽으려고 결제했겠어요? 제발 개념 좀 지킵시다 작가님..."
적(敵) [독점] (260화/완결),아 씨바 이런거 존나싫어 씨바아아발
적(敵) [독점] (260화/완결),작가님 겁 작품도 신경써주세요!!!!
적(敵) [독점] (260화/완결),이제 겁은 안써요?
적(敵) [독점] (260화/완결),쓰던건 마무리 짓고 다른작품을 쓰시지
적(敵) [독점] (260화/완결),볼 만함 아직은
적(敵) [독점] (260화/완결),계속 등장하는 점마들은 뭐임
적(敵) [독점] (260화/완결),두두등장
적(敵) [독점] (260화/완결),뭐지. 황궁인가.
