titles,comments
삼국지 여공전 (166화/미완결),괜찮구만 왜들 난리인지 처음 부터다알려주면 소설을 왜읽습니까? 그냥 설명문읽으세요 작가님한테 부담주지말고 이해할수가없네. 자기맘에안들면 안읽으면되지 감정만 싸지르고있네
삼국지 여공전 (166화/미완결),언제까지 기다려야하는지
삼국지 여공전 (166화/미완결),처음 쓸거면 환생인지 빙의인지 좀 설명을 좀 해라.......어떻게 된건지 알아야 이해가 될거 아니냐.....시작하자마자 무슨 시를 쓰면 누가 이해가 되겠냐? 작가야.......
삼국지 여공전 (166화/미완결),뭔가 쓸데없이 글을 겉멋으로 포장하려고 은유적 표현 엄청 쓰고 재미는 하나도 없네..... 무슨 대하소설 노벨문학상 쓰냐? 무게잡으려고 가독성을 버린 글이다. 뭔 이야기인지 모르겠음. 작가가 시인인가? 소설쓰랬더니 시를 쓰고 있네
삼국지 여공전 (166화/미완결),함진영. 고순
삼국지 여공전 (166화/미완결),전풍이 두명인가. 작가 갑자기 왜이래..
삼국지 여공전 (166화/미완결),이정도 잠수면....돈 받고 판 놈이 책임져야는거 아니냐....보다 말면 얼마나 찜찜한데.....봤던 쿠키 물어내
삼국지 여공전 (166화/미완결),작가 1달 반동안 잠수네
삼국지 여공전 (166화/미완결),첨부터 어떤설명도없이 갑자기 전쟁에 중간까지 여공이누군지도안나오고 걍 재미도없고 몰입도안되고 이해도안되네
삼국지 여공전 (166화/미완결),어허 실수하네
삼국지 여공전 (166화/미완결),조건달
삼국지 여공전 (166화/미완결),크흠
삼국지 여공전 (166화/미완결),드디어 DIE
삼국지 여공전 (166화/미완결),원소가 서주로? 맨날 기주에 있는것만 봤는데. 신선하네요 ㅎㅎ
삼국지 여공전 (166화/미완결),폭풍전야
삼국지 여공전 (166화/미완결),소설 읽으면서 처음 써보는 댓글이네요여포전 관우전 유비전 등 많이 봐왔지만 여포의 형?? 친형같은데 특이하고 끌리네요 ㅎㅎ
삼국지 여공전 (166화/미완결),여포는 누구고 여공는 누구지''헛갈리는 망작
삼국지 여공전 (166화/미완결),조운을 낚아채가네
삼국지 여공전 (166화/미완결),님만 이해가 안되는거 맞습니다~
삼국지 여공전 (166화/미완결),나두 몬말인지 ...
삼국지 여공전 (166화/미완결),나만 이해가 안 되나?
삼국지 여공전 (166화/미완결),출발
