titles,comments
곧 살해당할 악마의 계모랍니다 (177화/완결),아 너무 좋다 ㅠㅠ
곧 살해당할 악마의 계모랍니다 (177화/완결),문체가 다소 유치하고 인물들은...음...대체로 평면적입니다. 반말엔 맞반말로 받아치는거 빼곤 약도 없는 천사병 여주의 현대적 지식을 기반으로 한 행보에 부둥부둥하는거 흥미롭진 않아서 이만.. 황태자가 최애라고 테오 손놓고 좋아서 환장하더니 급 태도돌변해서 테오를 자기가 낳은 애 마냥 건강과 안전과 교육에 열올리며 사랑으로 보살핀다는게 너무 무리수 같아서 몰입도 안되고요..
곧 살해당할 악마의 계모랍니다 (177화/완결),아부성 멘트 굿 목이 얼마나 답답했으면 점점 늘고 있엉~~^^
곧 살해당할 악마의 계모랍니다 (177화/완결),글이 좀 산만해요조금만 다듬으면 괜찮을것 같은데 계속 읽어야하나 고민되네
곧 살해당할 악마의 계모랍니다 (177화/완결),아 정말이고비는 너무 힘들다 내가 젤 싫어하는 설정이네
곧 살해당할 악마의 계모랍니다 (177화/완결),흠........좀...아쉬움이 많이 남는....저는 재탕하지는 않을것같은 그냥 그랬어요
곧 살해당할 악마의 계모랍니다 (177화/완결),계모라...틀린말은 아니지만...엄마라고 해주지 ㅠ
곧 살해당할 악마의 계모랍니다 (177화/완결),올지! 잘한다!! 그거야!!
곧 살해당할 악마의 계모랍니다 (177화/완결),임신 3개월부터 안정기이고 3개월이면 6개월이 아닌 7개월뒤 아이가 나오는데;
곧 살해당할 악마의 계모랍니다 (177화/완결),"컨셉은 신선하나, 내용을 으...음...?.. 하고 읽게되네요.테오의 귀여움에 참고 계속보려했으나.."
곧 살해당할 악마의 계모랍니다 (177화/완결),캐릭들이 원작이랑 다 다른데 황태자는 같을꺼라고 생각하지 왜?
곧 살해당할 악마의 계모랍니다 (177화/완결),흠....더 봐야하나....보기 시작했으니 끝은 내야겠는데...
곧 살해당할 악마의 계모랍니다 (177화/완결),아니 아기상어 노래가 이렇게 슬플일이냐고 ㅠㅠㅠ
곧 살해당할 악마의 계모랍니다 (177화/완결),중세시대인데 광견병 주사는 어떻게 있져...
곧 살해당할 악마의 계모랍니다 (177화/완결),유모가 한건저지르겠네
곧 살해당할 악마의 계모랍니다 (177화/완결),세상에... 내가 다 황당하고 심장이 벌렁벌렁함.....ㅠㅠㅜㅜ 아니 뭐 이런 풍습이 다있어
곧 살해당할 악마의 계모랍니다 (177화/완결),클린봇이 부적절한 표현을 감지한 댓글입니다.
곧 살해당할 악마의 계모랍니다 (177화/완결),147화148화가 내용이 같아요작가님 확인해주세요
곧 살해당할 악마의 계모랍니다 (177화/완결),제랄드 놈 감정선을 이해를 못하겠네 이랬다 저랬다
곧 살해당할 악마의 계모랍니다 (177화/완결),남주가 너무 재수없어서 안설레
곧 살해당할 악마의 계모랍니다 (177화/완결),앜 테오 진짜 천재니 ㅋㅋㅋㅋㅋ 말빨 진짜 오진다
곧 살해당할 악마의 계모랍니다 (177화/완결),올라온거 보고 봤더만 반복이네ㅡㅡ
곧 살해당할 악마의 계모랍니다 (177화/완결),전화 반복이네요
곧 살해당할 악마의 계모랍니다 (177화/완결),소장! 이번회는 소장해야해~~~
곧 살해당할 악마의 계모랍니다 (177화/완결),미쳐 ♥
곧 살해당할 악마의 계모랍니다 (177화/완결),보다보니 감질맛나네요.ㅎㅎㅎ 한꺼번에 쫘르르 보고 시퍼요 재밌어요!
곧 살해당할 악마의 계모랍니다 (177화/완결),어우야 밉상이야
곧 살해당할 악마의 계모랍니다 (177화/완결),성녀 왜 알몸이냐? 그 와중에...?
곧 살해당할 악마의 계모랍니다 (177화/완결),우와 재밌어요 분량 대박 👍 개꿀!!!!작가님 수고하셨습니다~
곧 살해당할 악마의 계모랍니다 (177화/완결),대박 이거 2회분량인데 저는 감사합니다만 ㅎㅎㅎ 쿠키 절약 깜짝 이벤트인가요? ㅎㅎ 더운날 작가님 계속 열심히 써주세요 ㅋ
곧 살해당할 악마의 계모랍니다 (177화/완결),뭐야ㅜㅜ
곧 살해당할 악마의 계모랍니다 (177화/완결),아 커티스 악마지만 너무 불쌍하다
곧 살해당할 악마의 계모랍니다 (177화/완결),꺄아악 다섯살이라면서!
곧 살해당할 악마의 계모랍니다 (177화/완결),테오 귀엽쥬😍남편님 어지간하면 믿어주시죠?
곧 살해당할 악마의 계모랍니다 (177화/완결),태오네 ㅋㅋㅋ
곧 살해당할 악마의 계모랍니다 (177화/완결),진짜 죽은거예요??!!! 으잉??!!
곧 살해당할 악마의 계모랍니다 (177화/완결),이런 귀여움 첨이다~~
곧 살해당할 악마의 계모랍니다 (177화/완결),쿠키 아깝다 별 내용도 없이 ㅜㅜ 허무 허무 딸랑 한회 올리는데 재밌는 내용도 없고 임팩트도 없고 ㅜㅜ
곧 살해당할 악마의 계모랍니다 (177화/완결),개굴 ㅋ
곧 살해당할 악마의 계모랍니다 (177화/완결),어머머머 ㅎ
곧 살해당할 악마의 계모랍니다 (177화/완결),꿈과 희망이 재미로 가득한데
곧 살해당할 악마의 계모랍니다 (177화/완결),그래도 행복해보인당 ㅋㅋ
곧 살해당할 악마의 계모랍니다 (177화/완결),테오도르의 귀염을 많이 보고 싶은데 이야기 진행이 넘 느려요ㅜㅜ
곧 살해당할 악마의 계모랍니다 (177화/완결),줘터졋어?ㅋㅋㅋㅋㅋㅋㅋㅋ
곧 살해당할 악마의 계모랍니다 (177화/완결),ㅋㅋㅋㅋㅋ
곧 살해당할 악마의 계모랍니다 (177화/완결),ㅋㅋㅋㅋㅋㅋ ㅁㅈ 여주언냐 그ㅆㄲ말고 나랑결혼할래???????!!!!!!!
곧 살해당할 악마의 계모랍니다 (177화/완결),ㅋㅋㅋㅋㅋ 중복이라도 어쩔수 없음 ㅋㅋㅋㅋ
곧 살해당할 악마의 계모랍니다 (177화/완결),감정묘사 필력 정말 좋네요. 알프레드 넘 짠하다...
곧 살해당할 악마의 계모랍니다 (177화/완결),음..작가님의 그 머릿속에서 그려진 장면의 편집점은 알겠는데 그 편집점이 중요한 부분은 아닌데 없으면 허전한.. 상영시간 관계상 뭉텅뭉텅 잘라낸 영화필름 보는 느낌이에요. 거기다가 묘사는 상세하게 하고싶은데 내머리속에 떠오른 장면만큼 필력이 못따라가는 느낌? 가볍지 않게 보이기 위해 화학기호도 넣고 고급단어도 잘 쓰시는데 그게 상황에 맞지않고 오히려 있어보이려고 억지로 끼운거 같은 느낌이에요. 감정선도 훌륭하고 소재도 좋고 재밌는데 그부분이 덜컥덜컥 자꾸 걸리니까 가독성도 떨어지고 흥미를 떨어지게 만들어요. 차라리 아예 엉망이였으면 말없이 탈주할텐데 조금만더 다듬으면 너무 좋은 소설이라 아쉬워서 댓남겨요. 부디 뒤쪽으로 갈수록 잘 다듬어진 글들 보고 싶네요^^
곧 살해당할 악마의 계모랍니다 (177화/완결),그냥 남주는 고구마먹고 혼자 구덩이 파는 사이에 일단 서브캐랑 잠시라도 티키타카하잨ㅋㅋㅋㅋㅋ
곧 살해당할 악마의 계모랍니다 (177화/완결),뭔소린지 뭐를 묘사하는건지 잘 모르겠슴;;;;;;
곧 살해당할 악마의 계모랍니다 (177화/완결),OOO.야. 열등감 쩌는 황제가 원흉이지 나라 구한다고 하다가 저주를 떠안은 5살 쩌리가 원흉이겠냐. 강약약강 하느라 애먼 애한테나 화풀이하는 못난 지꺼리하면서 기사는 뮤슨. 꺼져라.
곧 살해당할 악마의 계모랍니다 (177화/완결),여주 진짜 대인배네. 저런 소갈딱지 모자란 소인배를 황태자 측근이라는 이유만으로 갱생시키려 하다니.. 덕질은 무서워.
곧 살해당할 악마의 계모랍니다 (177화/완결),어미라는 게.. ㅉㅉ
곧 살해당할 악마의 계모랍니다 (177화/완결),앞전에 테오가 계란 노른자 알레르기 있다고 하지 않았나? 게다가 부풀리는 기법은 주로 흰자 머랭치기로 하는데 작가님 이거 뭐예요?
곧 살해당할 악마의 계모랍니다 (177화/완결),ㅋㅋㅋ
곧 살해당할 악마의 계모랍니다 (177화/완결),황제 개막장이네
곧 살해당할 악마의 계모랍니다 (177화/완결),크 남주 이제 점점 맘에 든다 야!
곧 살해당할 악마의 계모랍니다 (177화/완결),오를레시온의 가호라니 오를레시온은 마물이다 어떤신이 사람을 죽이고 그 목숨으로 살아가니...
곧 살해당할 악마의 계모랍니다 (177화/완결),아이고 ㅠㅠ
곧 살해당할 악마의 계모랍니다 (177화/완결),모리 너 아무짓도 안했겠지? 모리밖에 의심 가는 인간이 없다.
곧 살해당할 악마의 계모랍니다 (177화/완결),우앙 첫날밤이다!
곧 살해당할 악마의 계모랍니다 (177화/완결),음....여주좀 이해 못하겠음 지금 죽을 상황인데 저러는게
곧 살해당할 악마의 계모랍니다 (177화/완결),글이 좀 어수선하긴 하네요...
곧 살해당할 악마의 계모랍니다 (177화/완결),너 대공 아니지?
곧 살해당할 악마의 계모랍니다 (177화/완결),?
곧 살해당할 악마의 계모랍니다 (177화/완결),우오아우와우와😍😍😍 너무 재밌네요!
곧 살해당할 악마의 계모랍니다 (177화/완결),점점 육아물과 요리하는 스토리가 되네요
곧 살해당할 악마의 계모랍니다 (177화/완결),축제시작~~~~~
곧 살해당할 악마의 계모랍니다 (177화/완결),실제 유렵 중세시대 왕족들 첫날밤에는 이렇게 친인척들이 직접 봤습니다 .
곧 살해당할 악마의 계모랍니다 (177화/완결),아기두더지라해도 두더지에게 인공호흡을...ㅡㆍㅡ
곧 살해당할 악마의 계모랍니다 (177화/완결),테오 넘 좋아ㅜㅜㅜㅜ
곧 살해당할 악마의 계모랍니다 (177화/완결),알프레드가 참 불쌍하네요.. 어린아이들이 무슨죄라고.. 어미란것도 참 애비만큼 모지네요..
곧 살해당할 악마의 계모랍니다 (177화/완결),제랄드 이제 사이다만 다오
곧 살해당할 악마의 계모랍니다 (177화/완결),얀을 굳이 봐줘야 하나...가족이지만 이미 여주에게 한 게 있는데 여주가 대인배네..대공령 자치 공국 세우고 저 나라에 관심 끊는 게 더 나아 보이는데.. 저주는 어차피 해결 방법 아무도 모르는 거고..여주가 풀게 되리라 믿는데..
곧 살해당할 악마의 계모랍니다 (177화/완결),랄드야 더 다가가버려!!!
곧 살해당할 악마의 계모랍니다 (177화/완결),왤케 재밌냐ㅜㅜㅜ
곧 살해당할 악마의 계모랍니다 (177화/완결),이 전개를 어떻게 따라가야 할지 모르겠다.
곧 살해당할 악마의 계모랍니다 (177화/완결),갑자기?
곧 살해당할 악마의 계모랍니다 (177화/완결),겁나 재밌다.담편을 달라.
곧 살해당할 악마의 계모랍니다 (177화/완결),"미역과 다시마를 사러면 암시장에 가야하나요, ㅋㅋ?"
곧 살해당할 악마의 계모랍니다 (177화/완결),화학식 자비 좀... 여주 화교과라 했잖아요... 저렇게 쓰면 누가 알아봐... 첨자 제대로 넣어주세요ㅠㅠ
곧 살해당할 악마의 계모랍니다 (177화/완결),아 짜릿하다ㅠㅠ 여러분 이 편 보시고 애거서 크리스티의 다섯마리 아기돼지 읽어보세요ㅠㅠ 스포라 자세한건 못 말하지만 여기서 모티프 따오신거 맞는거 같아요!! 읽기 귀찮으시면 1화 참고문헌에 적힌 죽이는 화학이라도 읽어주세요 그 책 인용 겁나 많이 하셨어ㅠㅠ 애거서 크리스티가 독극물로 사람을 어떻게 죽이는지에 대한 책입니다 진짜 찐으로 애거서 크리스티 소설 단 1권도 안 읽었어도 재밌습니다ㅠㅠ
곧 살해당할 악마의 계모랍니다 (177화/완결),오 첫화부터 제 취향인데 참고문헌에 최애 도서까지 있네요 달리라는 신의 계시로구나!!!!
곧 살해당할 악마의 계모랍니다 (177화/완결),쟤 왜 저래;
곧 살해당할 악마의 계모랍니다 (177화/완결),아 ㅠㅠ
곧 살해당할 악마의 계모랍니다 (177화/완결),아ㅋㅋㅋㄱㅋㅋㅋㅋㅋ
곧 살해당할 악마의 계모랍니다 (177화/완결),ㅋㅋㅋㅋ 아 재밌어
곧 살해당할 악마의 계모랍니다 (177화/완결),역시 우리 랄드!!!
곧 살해당할 악마의 계모랍니다 (177화/완결),테오의 귀여움...👍빨리 글이 나왔으면 좋겠네요 ㅋㅋ 쿠키 얼른 구워서 보게요❣
곧 살해당할 악마의 계모랍니다 (177화/완결),남주 때문에 답답해서 보지를 못하겠음 어휴
곧 살해당할 악마의 계모랍니다 (177화/완결),남주가 제일 매력 없어. ㅋ
곧 살해당할 악마의 계모랍니다 (177화/완결),아니 뭐 그 첫날밤을 치르는데 세신까지는 뭐 어케 알겠다만 이건 좀....
곧 살해당할 악마의 계모랍니다 (177화/완결),얀너 하녀들에게 화풀이하다 그시간에 황태자가 다친다 정신차려라
곧 살해당할 악마의 계모랍니다 (177화/완결),싱클레어....ㅜㅜ 너의 삶이 얼마나 고단하고 힘들었을지 감히 상상이 되지 않아...ㅜㅜ
곧 살해당할 악마의 계모랍니다 (177화/완결),크으👍🏻👍🏻👍🏻👍🏻
곧 살해당할 악마의 계모랍니다 (177화/완결),오 1등!!! 너무 재밌게 보느라 댓글은 못 달았는데 다들 같은마음???
곧 살해당할 악마의 계모랍니다 (177화/완결),참고문헌에서 깨달았어야 했는데...이 소설이 논문만큼 불친절할 것을...;;재미있는데 이야기 진행이 두서가 없어서 그 재미를 깎아 먹네요ㅠㅠ
곧 살해당할 악마의 계모랍니다 (177화/완결),나도 음란마귀🤣🤣
곧 살해당할 악마의 계모랍니다 (177화/완결),난 지금도 존잼인데ㅋㅋㅋㅋ
곧 살해당할 악마의 계모랍니다 (177화/완결),궁디 팡팡 ㅎ
곧 살해당할 악마의 계모랍니다 (177화/완결),아뉘....뭐시여..?!?! 아버님은 조용히 짜져있으센..!!울 언니랑 테오의 꽁냥꽁냥 시간을 방해하고 앉아있어..!!!!!
곧 살해당할 악마의 계모랍니다 (177화/완결),...???
곧 살해당할 악마의 계모랍니다 (177화/완결),조리사에 급수가 없나요?다음은 2급 조리사에 대한 설명인데요. 잘못된 정보인가요? #2급 조리사 1급 조리사와 함께 생산 업무에 가담하여 전반적인 생산라인에서 최고의 음식맛을 낼 수 있는 기술을 발휘한다. 직급 면에서 1급 조리사와 같은 업무를 담당하지만 실무적으로 1급 조리사로부터 지시를 받아 상황대처 능력을 키워 나간다. 뿐만 아니라 1급 조리사 부재시 그 업무를 대행하고 때에 따라서는 3급 조리사 역할도 수행해야 하는 막중한 업무를 맡고 있다.
곧 살해당할 악마의 계모랍니다 (177화/완결),아…조리사는 급수가 없어요1급 2급은… 컴활도 아니고 식영과 복수 전공인데 마치 조리과처럼 조리에만 집중된 학과 같네요 재밌게 보고있는데 뭔가 전문적인 분야 얘기가 나오면 나도 모르게 덜그럭 거리네요ㅠ
곧 살해당할 악마의 계모랍니다 (177화/완결),당찬 여주도 좋고 귀여운 아들도 좋고 서브가 될지 모를 마족도 좋은데 왜 남주만 고구마인가. 모리부터 쫓아내라.
곧 살해당할 악마의 계모랍니다 (177화/완결),아. 좀 무셔워
곧 살해당할 악마의 계모랍니다 (177화/완결),오오 다음화가 시급합니다.빨리요
곧 살해당할 악마의 계모랍니다 (177화/완결),저나픈ㄴ대공비를 음해하다니
곧 살해당할 악마의 계모랍니다 (177화/완결),데오는?
곧 살해당할 악마의 계모랍니다 (177화/완결),공방에 진짜 온 느낌ㅎㅎ
곧 살해당할 악마의 계모랍니다 (177화/완결),저 유모 내보내라
곧 살해당할 악마의 계모랍니다 (177화/완결),마녀의 음식이라니ㅎㅎ재밌어요!
곧 살해당할 악마의 계모랍니다 (177화/완결),제랄드의 귀여운 착각ㅎ
곧 살해당할 악마의 계모랍니다 (177화/완결),황제 나쁜놈 신전새끼들도 다 똑같지 불쌍한 아이들을 ㅜㅜㅜ
곧 살해당할 악마의 계모랍니다 (177화/완결),울 여주 언니한테는 테오밖에 없써...♡
곧 살해당할 악마의 계모랍니다 (177화/완결),술 병나발로 불더니?!!! 눈뜨고 주사??!!
곧 살해당할 악마의 계모랍니다 (177화/완결),이 정도는 전개를 위한 갈등 요소아닌가ㅋㅋ 고구마는 아닌 것 같은데ㅋㅋ 작가님 저는 재밌어요ㅋㅋㅋ
곧 살해당할 악마의 계모랍니다 (177화/완결),크으😍
곧 살해당할 악마의 계모랍니다 (177화/완결),여주의 감정이 넘 잘 느껴져요 작가님ㅜㅜ
곧 살해당할 악마의 계모랍니다 (177화/완결),제랄드😍
곧 살해당할 악마의 계모랍니다 (177화/완결),다음화 또 ㄱㄱㄱㄱ
곧 살해당할 악마의 계모랍니다 (177화/완결),궁금해서 다음화ㄱㄱ
곧 살해당할 악마의 계모랍니다 (177화/완결),작가님 내 심장이 두근두근거려요~^^
곧 살해당할 악마의 계모랍니다 (177화/완결),🍪넉넉하게 구워뒀어요 작가님ㅜㅜ
곧 살해당할 악마의 계모랍니다 (177화/완결),내가봤을땐 제랄드 아빠부터가 문제시작이다 자기스스로 왕위 버리고 방계자리로 가서 아이를 낳으면 정당성 가진 방계가 되면 위험할거란 생각은 안하나 후대에 어떻게 될지 생각도 안하고 왕위 넘겨줘놓고선 아이를 낳았으면 다시 왕위를 찾던지 대공령 독립을 하던지 대책을 세워야지 자기혼자 영웅되고 죽고난뒤 후세들은 다 그 견제 감당하며 살라는거잖아
곧 살해당할 악마의 계모랍니다 (177화/완결),넌 해고야
곧 살해당할 악마의 계모랍니다 (177화/완결),술기운에 꿈꾸나
곧 살해당할 악마의 계모랍니다 (177화/완결),댕댕..??
곧 살해당할 악마의 계모랍니다 (177화/완결),구멍숭숭 손수건 쓸수는 있는건가? 제발 어디가서 펼치지는 마시길 ㅎㅎ
곧 살해당할 악마의 계모랍니다 (177화/완결),헐게다가 어린아이도 있다니 황제 OOO 진짜
곧 살해당할 악마의 계모랍니다 (177화/완결),5금 ㅋㅋㅋㅋㅋ
곧 살해당할 악마의 계모랍니다 (177화/완결),아 미친건가 황제
곧 살해당할 악마의 계모랍니다 (177화/완결),음 여담이지만 미역 같은 경우는 서양인들이 질색을 하죠 김도 그렇고...미끌미끌하고 초록빛나는거 왜 먹냐하대요 ㅋ ㅋ
곧 살해당할 악마의 계모랍니다 (177화/완결),재밌는데 요즘 스토리가 너무 애완견 위주로 가네요.
곧 살해당할 악마의 계모랍니다 (177화/완결),오오 재밌어요. 황제의 특별한 능력 ㅋ 그 흐름 참 좋을시고 ㅋ 자 어서 다음편을 주시지요
곧 살해당할 악마의 계모랍니다 (177화/완결),아이고 ㅋㅋㅋ 남주의 착각이란 ㅋㅋ
곧 살해당할 악마의 계모랍니다 (177화/완결),소피아도 좀줰ㅋㅋ
곧 살해당할 악마의 계모랍니다 (177화/완결),와! 비밀통로다!!
곧 살해당할 악마의 계모랍니다 (177화/완결),내가 테오 말 따라 읽으면 왜 북한말처럼 들리는겨? ㅋㅋㅋ
곧 살해당할 악마의 계모랍니다 (177화/완결),설렌다😍
곧 살해당할 악마의 계모랍니다 (177화/완결),크으ㅜㅜ 남주야 울어주라
곧 살해당할 악마의 계모랍니다 (177화/완결),남주는 굴러야 제맛ㅋㅋ 작가님 나중에 열심히 굴려주실거죠?
곧 살해당할 악마의 계모랍니다 (177화/완결),나도 테오한테 뽀뽀해주고 싶다아
곧 살해당할 악마의 계모랍니다 (177화/완결),말 타기 어렵지 않아요
곧 살해당할 악마의 계모랍니다 (177화/완결),존잼ㅜㅜ 돈길만 쭉쭉 걸으세요 작가님💜
곧 살해당할 악마의 계모랍니다 (177화/완결),여주 선수치기👍👍👍👍
곧 살해당할 악마의 계모랍니다 (177화/완결),ㅋㅋㅋㅋ 뼈다귀ㅠㅠ
곧 살해당할 악마의 계모랍니다 (177화/완결),앗 어디가!!
곧 살해당할 악마의 계모랍니다 (177화/완결),우리 테오 왤케 귀여운거야
곧 살해당할 악마의 계모랍니다 (177화/완결),아들은 맘에드는데 남주는 맘에 안든다.
곧 살해당할 악마의 계모랍니다 (177화/완결),테오도르의 귀여운 대사를 듣고 싶었는데 ㅜㅜ
곧 살해당할 악마의 계모랍니다 (177화/완결),도대체 뭔 말을 하고 싶은건지.. 사건 전개가 아주 뜬금없는 듯
곧 살해당할 악마의 계모랍니다 (177화/완결),이렇게 착한데 너무 악하고 악하다 ㅜ
곧 살해당할 악마의 계모랍니다 (177화/완결),작가님 쿠키 구워놨어요다음편주세요
곧 살해당할 악마의 계모랍니다 (177화/완결),진짜 이야기가 너무 정신없다 좀 매끄러우면 재밋으려만
곧 살해당할 악마의 계모랍니다 (177화/완결),아주 그냥 황후 얼굴을 물어버려라 ㅋㅋ
곧 살해당할 악마의 계모랍니다 (177화/완결),소피아도 좀 줘라 ㅋ
곧 살해당할 악마의 계모랍니다 (177화/완결),수비드...다른 방식으로 할 수 있지 않나? 한식 요리만 할 줄 아는 주인공이 수비드 식의 요리 하는걸 다른데서 본적이 있는데.
곧 살해당할 악마의 계모랍니다 (177화/완결),부부간 대화가 참 중요해...제발 대화 해라 종.
곧 살해당할 악마의 계모랍니다 (177화/완결),벚꽃엔딩(x) 사망엔딩(ㅇ)
곧 살해당할 악마의 계모랍니다 (177화/완결),매열무가 아니라 전 화 다 풀어주면 밤새 다 읽을수 있을거같아요. 넘 재밌네요
곧 살해당할 악마의 계모랍니다 (177화/완결),아.. 이렇게 깔끔한 마무리라니... 로판인생 10년에 이런 남주 사이다는 첨보는듯.. ㅎㅎ
곧 살해당할 악마의 계모랍니다 (177화/완결),테오야❤💜💙😍
곧 살해당할 악마의 계모랍니다 (177화/완결),요즘 이 웹소설이 제일 재밌어요ㅋㅋ
곧 살해당할 악마의 계모랍니다 (177화/완결),저 유모부터 내보내라. 뭔짓하겠네 꼴보니.
곧 살해당할 악마의 계모랍니다 (177화/완결),재밌으면 됐지 ㅎ
곧 살해당할 악마의 계모랍니다 (177화/완결),귀여워ㅜㅠㅠㅠㅜ
곧 살해당할 악마의 계모랍니다 (177화/완결),슬픈 내용인데 눈물이 안나긴 또 처음이네.. 뭔가 문장이 부드럽지가 못한듯한... 하지만 재미 있어서 고고!
곧 살해당할 악마의 계모랍니다 (177화/완결),이야기가 참 정신없네 자연스레 이어져야지
곧 살해당할 악마의 계모랍니다 (177화/완결),그런게.다 안듣는걸 어떻게.알앗겟어 ㅜㅜㅜㅜㅜ너무 해맑게 얘기하네
곧 살해당할 악마의 계모랍니다 (177화/완결),무슨 팔랑귀냐 귀가 드럽게 얇은가 줏대없이 이랫다 저렛다냐
곧 살해당할 악마의 계모랍니다 (177화/완결),마족이 일케 기여워도 되는거야~쓸데없이 넘 기여우면 어쩌자는건지~~
곧 살해당할 악마의 계모랍니다 (177화/완결),ㅋㅇㅋㅇㅋ
곧 살해당할 악마의 계모랍니다 (177화/완결),참고문헌보고 중요한거 신경안쓰고 이상한거 과몰입하는걸 알았어야 했는데
곧 살해당할 악마의 계모랍니다 (177화/완결),태오 말투 완전 귀욤 어린 것이 의젓한 척 하는 말투가 그대로 상상이 되네요^^
곧 살해당할 악마의 계모랍니다 (177화/완결),여주와 테오는 훈훈한데 남주 혼자 착각물을 찍고 있어ㅋㅋㅋㅋㅋㅋㅋ 깨닫고 나면 후회물이 되려나..ㅋㅋㅋ
곧 살해당할 악마의 계모랍니다 (177화/완결),그런데 자가치유가 가능한데 왜 등뒤의 상처는 흉터로 남은건가요? 특별한 도구를 사용한건가..
곧 살해당할 악마의 계모랍니다 (177화/완결),황제 이 OOO 이누무시키 저시키를 그냥 확마 !!!!! 어후
곧 살해당할 악마의 계모랍니다 (177화/완결),ㅋㅋㅋ 웃겨ㅋㅋㅋㅋㅋㅋㄱㅋ
곧 살해당할 악마의 계모랍니다 (177화/완결),생매장;;;
곧 살해당할 악마의 계모랍니다 (177화/완결),화학 얘기 나오면 묘하게 집중이 확 됩니다ㅋㅋ
곧 살해당할 악마의 계모랍니다 (177화/완결),❤
곧 살해당할 악마의 계모랍니다 (177화/완결),언니....(쥬륵ㅠ)
곧 살해당할 악마의 계모랍니다 (177화/완결),언니...ㅠㅠㅠ
곧 살해당할 악마의 계모랍니다 (177화/완결),ㅋㅋㅋㅋ
곧 살해당할 악마의 계모랍니다 (177화/완결),"어느 정도 육아물 우쭈쭈 흐린눈으로 볼 마음은 있었는데.점점 흘러갈 수록 유치한 상황들이 ... 더이상 유쾌하지하지 않고, 깝깝하네요. 저는 여기까지만 해야겠네요 ㅠ"
곧 살해당할 악마의 계모랍니다 (177화/완결),다음편 쿠키구워 말어. 내일 열시까지 기다릴 수 있을까? ㅠㅠ
곧 살해당할 악마의 계모랍니다 (177화/완결),재미있어보여서 매열무로 보고있었는데.. 성인물도 아니고 이게 뭔지.. 하차요..
곧 살해당할 악마의 계모랍니다 (177화/완결),헉~~한 벌이 일반 가정의 몇달 혹은 1년치 생활비라는 드레스를 전부 사고 또 보석까지? 씽~ 아들. 너무 잘 둔거 아냐?
곧 살해당할 악마의 계모랍니다 (177화/완결),여주 너무 멋있다~
곧 살해당할 악마의 계모랍니다 (177화/완결),마지막 문장 문법이 이상한딩
곧 살해당할 악마의 계모랍니다 (177화/완결),악 언제까지 귀여울랭 테오?!!!!
곧 살해당할 악마의 계모랍니다 (177화/완결),보냐 ㅋㅋㅋㅋㅋㅋㅋㅋ
곧 살해당할 악마의 계모랍니다 (177화/완결),뭐지 이 정리 안 된 느낌은..
곧 살해당할 악마의 계모랍니다 (177화/완결),성은 뭘이요 이름은 보냐 ㅋㅋ
곧 살해당할 악마의 계모랍니다 (177화/완결),정말 너무 사랑스럽다 우주 뿌셔!!!!저 일기장 박물관에 보관해
곧 살해당할 악마의 계모랍니다 (177화/완결),너무 기여워 계모랑 겨론한대요
곧 살해당할 악마의 계모랍니다 (177화/완결),재밌게 볼게요 작가님👍👍
곧 살해당할 악마의 계모랍니다 (177화/완결),흥미진진
곧 살해당할 악마의 계모랍니다 (177화/완결),뒤로 갈수록 더 재밌어요ㅋㅋ
곧 살해당할 악마의 계모랍니다 (177화/완결),"유모 오바 뻐렁치넼ㅋㅋㅋ 자기 눈앞에서 하녀가 당근, 토마토 등 채소들 가져왓고 직접 강판갈고 꿀타주는등 조리과정 실사해놓고 독이라고? 눈구멍이 옹이구멍이냐? 저기서 독이 나오면 재료나 강판, 컵, 포크 가져다준 이들을 의심하는게 먼저 아니냐?"
곧 살해당할 악마의 계모랍니다 (177화/완결),ㅋㅋㅋㅋㅋㅋ 씨를 던지냨ㅋㅋㅋ
곧 살해당할 악마의 계모랍니다 (177화/완결),뭐 저딴 풍습이 다 있어
곧 살해당할 악마의 계모랍니다 (177화/완결),캐릭터가 다 사랑스러워요💜
곧 살해당할 악마의 계모랍니다 (177화/완결),테오💙💜❤
곧 살해당할 악마의 계모랍니다 (177화/완결),😆
곧 살해당할 악마의 계모랍니다 (177화/완결),꺼져 유모 거슬려 아이 성장에 방해돼
곧 살해당할 악마의 계모랍니다 (177화/완결),테오 짱 기여워 ㅋㅋㅋㅋㅋㅋㅋ
곧 살해당할 악마의 계모랍니다 (177화/완결),은근 슬쩍 모리에 대해 오해 안푸는 작가의 회차늘림 기술.. 독자는 이런 부분에 좀 고구마 먹은 듯 하답니다. 뻔하겠다 싶어 점핑할 수도 있겠군요..
곧 살해당할 악마의 계모랍니다 (177화/완결),야야 제랄드 너 나중에 얼마나 구를라고 이러니??
곧 살해당할 악마의 계모랍니다 (177화/완결),와우... 세신이라니 ㅋㅋㅋㅋㅋㅋㅋ 소재가 파격적인데?
곧 살해당할 악마의 계모랍니다 (177화/완결),오해해라~~~굴러라~~!!!^0^
곧 살해당할 악마의 계모랍니다 (177화/완결),😆
곧 살해당할 악마의 계모랍니다 (177화/완결),넘 잼나요
곧 살해당할 악마의 계모랍니다 (177화/완결),테오 멋지다..ㅋㅋ나도반했어!
곧 살해당할 악마의 계모랍니다 (177화/완결),어린 딸보다 못한 엄마
곧 살해당할 악마의 계모랍니다 (177화/완결),이번 갈등은 디게 짧았네 다행이다
곧 살해당할 악마의 계모랍니다 (177화/완결),제랄드.. 남주 맞는 거죠..?
곧 살해당할 악마의 계모랍니다 (177화/완결),ㅋㅋㅋ
곧 살해당할 악마의 계모랍니다 (177화/완결),"과학 용어 이외에도 어려운 단어와 글을 어렵게 적어놓으셨네요..초반에 그저그런... 초중반부터 질러서 하루만에 여기까지 왔는데 쉽게 써도 되는 단어, 문장은 쉽게 써주시면 좋겠습니다. 카스트라토 : 변성기가 되기전 거세하여 소년의 목소리를 유지하는 남자가수. 아~주 비인간적인 짓이네요 😠😡"
곧 살해당할 악마의 계모랍니다 (177화/완결),슬퍼야 할 대목인거같은데 너무 표현을 못살렸다
곧 살해당할 악마의 계모랍니다 (177화/완결),하하하하 아이고 배야
곧 살해당할 악마의 계모랍니다 (177화/완결),둘이 경쟁..ㅋㅋ
곧 살해당할 악마의 계모랍니다 (177화/완결),테오도르 너무 귀여워 ㅋㅋㅋㅋㅋㅋㅋㅋㅋ 이번 오해는 얼마나 가려나
곧 살해당할 악마의 계모랍니다 (177화/완결),현명하게 달래네
곧 살해당할 악마의 계모랍니다 (177화/완결),그러든 말든이 러든 말든으로 되어 있네요~~ 테오 너무 귀여워 ㅎㅎ
곧 살해당할 악마의 계모랍니다 (177화/완결),테오~~~♡♡
곧 살해당할 악마의 계모랍니다 (177화/완결),zzzㅋㅋㅋㅋㅋㅋ 휴.. 드디어 오해 하나 풀려서 개운
곧 살해당할 악마의 계모랍니다 (177화/완결),ㄹㅇ 집단적 독백이네
곧 살해당할 악마의 계모랍니다 (177화/완결),ㅋㅋㅋㅋㅋㅋㅋㅋㅋ
곧 살해당할 악마의 계모랍니다 (177화/완결),갑자기요?
곧 살해당할 악마의 계모랍니다 (177화/완결),레몬탁쏴. ㅋㅋ 레몬톡도 괘안은데. 탁쏴는 좀 웃기면서도 정감이.ㅋ
곧 살해당할 악마의 계모랍니다 (177화/완결),설탕은 사랑입니다. ♡ ㅋ
곧 살해당할 악마의 계모랍니다 (177화/완결),ㅋㅋㅋㅋ방법이 좋네요. 기대되요.
곧 살해당할 악마의 계모랍니다 (177화/완결),뭔가 잘못 알고 계시는 듯. ㅆ의 영향이 아니라 ㅣ의 영향을 받아 씽을 발음하면 입술은 옆으로 벌어집니다. 입술을 오무리려면 쏭~이 되야겠죠. 쌤이 것두 믈러. 힛.
곧 살해당할 악마의 계모랍니다 (177화/완결),잼나게들 사시네.
곧 살해당할 악마의 계모랍니다 (177화/완결),오해를 얼른 풀어야하는데 비서는 뭐하니 빨리 싱클레어에게 남자가 없었다는 말을해라
곧 살해당할 악마의 계모랍니다 (177화/완결),그런데 루?? 뭐라는 악마는 귀속시킨건가?
곧 살해당할 악마의 계모랍니다 (177화/완결),?갑작스럽네요
곧 살해당할 악마의 계모랍니다 (177화/완결),웃기려고 이렇게 서사를 길게 한지는 모르겠지만읽는데 너무 처절하고 버려진게 비참해서 눈물이 나네ㅠ 버려진건지 놓친건진 모르겠지만.
곧 살해당할 악마의 계모랍니다 (177화/완결),"불필요하다 생각되리만치 자주 등장하는 화합물의 용어는 현학적으로 보이고, 그럼에도 티로신을 수식 편집기를 쓰지않고 그냥 워딩하여 말도 안되는 화학식을 써놓은 것이 오히려 헛웃음이 나게 하네요."
곧 살해당할 악마의 계모랍니다 (177화/완결),싱클레어가 마녀의 피가 섞여 죽어야한다면 마녀와 아이를 만든 마이클과 그 가문도 모두 죽어야겠지
곧 살해당할 악마의 계모랍니다 (177화/완결),오~~~~~~테오선수의 냄새가 난다잉~~~~~^^
곧 살해당할 악마의 계모랍니다 (177화/완결),로판최초화학공부되는소설
곧 살해당할 악마의 계모랍니다 (177화/완결),아...썸인가요?
곧 살해당할 악마의 계모랍니다 (177화/완결),으응???
곧 살해당할 악마의 계모랍니다 (177화/완결),이럼 소재는 널렸지만 이제까지 이런 씬은 없었다 ㅋㅋ
곧 살해당할 악마의 계모랍니다 (177화/완결),글 되게 산만하네
곧 살해당할 악마의 계모랍니다 (177화/완결),ㅎㅎㅎ개가 사탕수수 먹는 것을 테오가 뺏은 걸까?? 뼈다귀를 개 아닌 다른 생명체가 먹는 것은 생각이 안나네.
곧 살해당할 악마의 계모랍니다 (177화/완결),"마법이 안 통하는 몸이라서 결계쳐진 서재에도 들어갔고,그 마족놈이 개구리로 못 만들었고, 제랄드의 텔레포트도 통하지 않았구만.."
곧 살해당할 악마의 계모랍니다 (177화/완결),대신관: 에로비디오 감독대공. 대공비: 배우.
곧 살해당할 악마의 계모랍니다 (177화/완결),댓글에서 남혐이니 뭐니 그러는데...나는 모르겠다..어느 부분이 남혐인지... 근데 '차렷' 이부분은 좀 아니다..차렷은 뭔 차렷인지.. 남동생 거시기 차는 것이랑 기사놈 눈 찌르는 거 보니 속이 시원하네.
곧 살해당할 악마의 계모랍니다 (177화/완결),"소쟈는 흥미로운데, 쓸데 없는 남혐이 느껴져서 거부감이 드네요 . sns 약물남자 이야기등.. 필요 없는 남혐, 여자 독자들의 마음을 끌려는 건지, 아니면 작가 본인이 남혐 중이신지."
곧 살해당할 악마의 계모랍니다 (177화/완결),"조선시대 왕가, 프랑스 왕가 등풍습이 이어져온 연유야 어떻든 관음증 그 이상도 그 이하도 아닌거 같은데요. 첫날밤이면 순결한 처녀까진 아니라도 제대로 남자도 모를건데 수많은 낯선 사람들 앞에서 몸을 드러내고 씻기는걸 보여준다고? 서민들 혼례식 후에 창호지에 구멍뚫는거완 차원이 다른데... 그것도 촛불이 꺼지면 예의로 다 물러갔다고 하던데."
곧 살해당할 악마의 계모랍니다 (177화/완결),ㅋㅋㅋㅋㅋ 미챠
곧 살해당할 악마의 계모랍니다 (177화/완결),"왜 마녀와 관계해서 아이까지 낳았는지는 언제 나올까요?강력한 마녀가 어떻게 ㅆㄹㄱ애비와 잤는지, 무슨 관계였던건지가 궁금하네요. 사랑하는 사이였으면 딸을 그런 식으로 취급하진 않았을거고 어떤 엄마였는지가 궁금한데"
곧 살해당할 악마의 계모랍니다 (177화/완결),오.연극 시작
곧 살해당할 악마의 계모랍니다 (177화/완결),제 발 앞에 황제가 던져진 마물의 목발 앞에 황제가 던진 마물의 목이든지 발 앞에 던져진 마물의 목 이어야 합니다 비문때문에 읽기가 힘드네요
곧 살해당할 악마의 계모랍니다 (177화/완결),서사는 재미있는데 문장이 산으로 간다
곧 살해당할 악마의 계모랍니다 (177화/완결),밑창 너머 느껴지는 가벼운 흙의 떨림은 도대체 뭐냐.... 밑창이 양말보다 못한 불량인가
곧 살해당할 악마의 계모랍니다 (177화/완결),이 뜬금없는 전개는 무엇인가
곧 살해당할 악마의 계모랍니다 (177화/완결),테오~~ 내아들 하자~~~~
곧 살해당할 악마의 계모랍니다 (177화/완결),그래서..뭐.. 마녀가 마이클을 겁탈이라도 했어? 임신해서 낳기만 하고 도망간거야? 그럴 경우에만 인정. 그것도 반에 반에 반만 인정. 그게 아니고 애비가 어쩌구저쩌구해서 어째저째 싱클레어가 태어나고 엄마는 사망하거나 사라졌을 경우다. 그러면 가족이란것들 전부 🦎나 되버려라
곧 살해당할 악마의 계모랍니다 (177화/완결),웹소에서 읽는 새로운장면 ㅎㅎㅎ 세신씬
곧 살해당할 악마의 계모랍니다 (177화/완결),허업! 듁었니?살았니?래요!심쿵사로 죽었어요!♡~♡
곧 살해당할 악마의 계모랍니다 (177화/완결),으응~~
곧 살해당할 악마의 계모랍니다 (177화/완결),유모 아웃!
곧 살해당할 악마의 계모랍니다 (177화/완결),귀여워 귀여운맛
곧 살해당할 악마의 계모랍니다 (177화/완결),카카오로는 초콜릿을 만들수 있지요~~
곧 살해당할 악마의 계모랍니다 (177화/완결),재밌게 잘 보고 있었는데 갑자기 왜 이러시는?
곧 살해당할 악마의 계모랍니다 (177화/완결),미친.. 세신이라니...;;; 아니 구경꺼리..
곧 살해당할 악마의 계모랍니다 (177화/완결),귀욥
곧 살해당할 악마의 계모랍니다 (177화/완결),저런 의식이 이세상에 존재하면 욕 오지게 먹을듯
곧 살해당할 악마의 계모랍니다 (177화/완결),슬프잖아ㅜㅜㅜㅜ
곧 살해당할 악마의 계모랍니다 (177화/완결),제랄드! 와줄거라고 믿었어ㅠㅠ
곧 살해당할 악마의 계모랍니다 (177화/완결),안돼에ㅠㅠㅜ
곧 살해당할 악마의 계모랍니다 (177화/완결),작가님 엔딩 끊기 신공ㅋㅋㅋ 쩔어요
곧 살해당할 악마의 계모랍니다 (177화/완결),ㅋㅋ 테오 플렉스~
곧 살해당할 악마의 계모랍니다 (177화/완결),이 계모 못 믿어?ㅋㅋㅋㅋㅋㅋㅋ
곧 살해당할 악마의 계모랍니다 (177화/완결),처음엔 어이가 없어서 읽어나보자 했는데 스며들었나 계속 결제하고 있네요... 이번 편만 읽자 다짐했는데 테오 너무 귀여워서 다음 편도 갑니다!!
곧 살해당할 악마의 계모랍니다 (177화/완결),좀 많이 어수선
곧 살해당할 악마의 계모랍니다 (177화/완결),너무 사랑스러워용
곧 살해당할 악마의 계모랍니다 (177화/완결),심툭!
곧 살해당할 악마의 계모랍니다 (177화/완결),여주야ㅠㅠㅠㅠㅜㅜ
곧 살해당할 악마의 계모랍니다 (177화/완결),뭐지 뭐지
곧 살해당할 악마의 계모랍니다 (177화/완결),손으로 열었다 이게 왜케웃기죠? ㅋ
곧 살해당할 악마의 계모랍니다 (177화/완결),내용이 좀 산으로 가는 느낌.
곧 살해당할 악마의 계모랍니다 (177화/완결),눈물나네. ㅜㅜ
곧 살해당할 악마의 계모랍니다 (177화/완결),남주 너무 새대가리인 듯. 생각 좀 하라규
곧 살해당할 악마의 계모랍니다 (177화/완결),테오너무귀여워~~~
곧 살해당할 악마의 계모랍니다 (177화/완결),재미있어요~!!!
곧 살해당할 악마의 계모랍니다 (177화/완결),제하다 추랄드랴
곧 살해당할 악마의 계모랍니다 (177화/완결),오호~계략의 시작!
곧 살해당할 악마의 계모랍니다 (177화/완결),성공하면 물부터 팔자ㅋㅋ웃겨요
곧 살해당할 악마의 계모랍니다 (177화/완결),아기땐 다 그래여..ㅋㅋ나두 어릴땐 아빠랑 결혼 한다고 했음..ㅋㅋ
곧 살해당할 악마의 계모랍니다 (177화/완결),아들 둘 키우게될 예정인 여주님..ㅋㅋ
곧 살해당할 악마의 계모랍니다 (177화/완결),아..너무 귀여워♡
곧 살해당할 악마의 계모랍니다 (177화/완결),할 일이 많을 뿐이다!
곧 살해당할 악마의 계모랍니다 (177화/완결),ㅋㅋㅋㅋㅋ 상황 개웃겨다 따로 노는데 묘하게 들어 맞아
곧 살해당할 악마의 계모랍니다 (177화/완결),보냐 뭘 보냐ㅋㅋㅋㅋㅋㅋㅋㅋ
곧 살해당할 악마의 계모랍니다 (177화/완결),여주가 화학 얘기하는 부분 왤케 좋지ㅋㅋ
곧 살해당할 악마의 계모랍니다 (177화/완결),순진한 총각하나보네네.. ㅋㅋ 오빠에 가부렀네그려...
곧 살해당할 악마의 계모랍니다 (177화/완결),제럴드는 맘이 널뛰기니 언제까지 널뛰려나
곧 살해당할 악마의 계모랍니다 (177화/완결),뻔한 육아물이 아니라 더 좋아효😍😍
곧 살해당할 악마의 계모랍니다 (177화/완결),글이 불친절하군요 아 주인공머리속만큼 엉켜있어서 주석달고프네요
곧 살해당할 악마의 계모랍니다 (177화/완결),오오..우는남자!
곧 살해당할 악마의 계모랍니다 (177화/완결),존잼
곧 살해당할 악마의 계모랍니다 (177화/완결),상관으로는 최악 아닌가 이래도 흥 저래도 흥 속내는 안 밝히고
곧 살해당할 악마의 계모랍니다 (177화/완결),아아..ㅈㅇㄹ에서 본것같다..ㅋㅋㅋ
곧 살해당할 악마의 계모랍니다 (177화/완결),테오야....테오야...
곧 살해당할 악마의 계모랍니다 (177화/완결),ㅋㅋㅋㅋㅋ 몸에 벤 직업병
곧 살해당할 악마의 계모랍니다 (177화/완결),정말 휙휙휙...
곧 살해당할 악마의 계모랍니다 (177화/완결),그래 가지마ㅠㅠㅠㅠ
곧 살해당할 악마의 계모랍니다 (177화/완결),유모😡🤬ㅂㄷㅂㄷ
곧 살해당할 악마의 계모랍니다 (177화/완결),우리 테오 귀여워♡
곧 살해당할 악마의 계모랍니다 (177화/완결),아~~♡♡ 테오 귀여워뜌금
곧 살해당할 악마의 계모랍니다 (177화/완결),착각이었어. 다음화는 내일이었어 ㅠㅠ
곧 살해당할 악마의 계모랍니다 (177화/완결),ㅋㄱㄱㅋㄱㄱ이게무슨개족보여ㅋㄱㄱㄱㄱㅋ
곧 살해당할 악마의 계모랍니다 (177화/완결),10시가 다가오고 있다아...
곧 살해당할 악마의 계모랍니다 (177화/완결),소피아를 먼저 챙겨야 쥐. 쥔장이 왜 저리 심술.ㅋ
곧 살해당할 악마의 계모랍니다 (177화/완결),죽을 마당에 마녀라고 하지 그냥 도와달라고 하지
곧 살해당할 악마의 계모랍니다 (177화/완결),떼미는게아니라 그냥 씻겨주는거아님...?스펀지타올로닦아주는거지...우리 떼밀이를 생각하지마쇼..
곧 살해당할 악마의 계모랍니다 (177화/완결),아 작가님 빨리 다음화 주세요. 다른 작품에 비해 느린거 아닌가요? ㅠㅠ
곧 살해당할 악마의 계모랍니다 (177화/완결),아. 다음 화도 좀... 빨리...
곧 살해당할 악마의 계모랍니다 (177화/완결),음... 근데 실제로 1700년대였던가? 하여튼간 마리 앙투아네트 왕비가 살던 시절에는 프랑스 왕궁 첫날밤 의식이 저랬다고 하네요. 물론 하객들은 침대에서 2미터 거리밖에 안 떨어져 있었다고 하구요. 그래서인지 이 글이 그렇게 이상하게 느껴지지는 않아요.
곧 살해당할 악마의 계모랍니다 (177화/완결),별사탕 쿠키 ㅋㅋㅋㅋ
곧 살해당할 악마의 계모랍니다 (177화/완결),ㅋㅋ 갑자기 대결이레
곧 살해당할 악마의 계모랍니다 (177화/완결),이건 좀 마니 에반데.
곧 살해당할 악마의 계모랍니다 (177화/완결),대공도 헛똑똑이네.
곧 살해당할 악마의 계모랍니다 (177화/완결),뭐야? 다 알잖아? 저 남자 아이 아닌 거? 새삼 왜 저래?
곧 살해당할 악마의 계모랍니다 (177화/완결),아이. 조아~넘흐 조아
곧 살해당할 악마의 계모랍니다 (177화/완결),제기랄드!!!!!
곧 살해당할 악마의 계모랍니다 (177화/완결),부끄러움은 독자의몫
곧 살해당할 악마의 계모랍니다 (177화/완결),이건... 야한 것도 아니고 로맨틱한것도 아니고 그렇다고 진지하게 다른 세계의 신성한 의식을 보여주려는 것도 아니고. 계속 응?! 응?! 하면서 보고 있는데. 그냥 이상해. 세신제인가 부터 계속 갸웃거리면 보는데 계속 계속 이상한데 ㅋㅋㅋㅋ좀 어이 없어서 웃기기도 ㅋㅋㅋ 저 아래 댓도 있지만 여주 반응도 뭔가 놀라면서 좋아하는 건지 당황하는 건지 진지한건 또 아닌거 같고. 반응도 애매...
곧 살해당할 악마의 계모랍니다 (177화/완결),ㅋㅋㅋㅋㅋ 올만에 잼난다. 역쉬 걸크러쉬가 내 타입.
곧 살해당할 악마의 계모랍니다 (177화/완결),로판보단 일본 라이트노벨에 가까운듯한데...흠...
곧 살해당할 악마의 계모랍니다 (177화/완결),궁금해서 또 쿠키 구우러갑니다~~~
곧 살해당할 악마의 계모랍니다 (177화/완결),내 심장도 후끈♡
곧 살해당할 악마의 계모랍니다 (177화/완결),왜 굳이 이런걸 넣은건지 묻고싶다..기분만 나쁘고 재미도 없고
곧 살해당할 악마의 계모랍니다 (177화/완결),오1 드디어 제국을 홀릴 설탕 등장? 다음화가 필요해요.
곧 살해당할 악마의 계모랍니다 (177화/완결),네 아가리나 죽여라쯧
곧 살해당할 악마의 계모랍니다 (177화/완결),과학선생이라는 설정을 보여주려는 의도인지 계속 온갖 화학 용어는 다 쓰고 있지만 그게 꼭 필요한 묘사인가.. 오히려 과하게 느껴져요. 중2병 세게 걸린 사람 같은 느낌.
곧 살해당할 악마의 계모랍니다 (177화/완결),외부인이 참관하는 첫날밤 소재가 없는 건 아닌데.. 여주는 이거 이상한데? 섹텐인데? 하면서 엄청 긴장하고 거부감 느끼는 대사는 치면서 행동은 부끄러움 말고는 거부하는 행동이 거의 없고 묘사도 신체부위 강조만 몇번인지..로판이 아니라 코믹야설같아요;
곧 살해당할 악마의 계모랍니다 (177화/완결),도대체 어떻게 하면 엉겁결에 남의 허리를 다리로 꼭 붙잡는 자세를 할 수 있는거임ㅋㅋㅋ; 일본 만화 서비스신인줄….
곧 살해당할 악마의 계모랍니다 (177화/완결),그거슨바로 직업병..ㅋㅋㅋ
곧 살해당할 악마의 계모랍니다 (177화/완결),뭘까...?
곧 살해당할 악마의 계모랍니다 (177화/완결),제럴드 무서운 사람이었구나. 모리 이제 굿바이여서 좋다
곧 살해당할 악마의 계모랍니다 (177화/완결),그냥 혼자 살아라 싱클레어 무인도에서도 맛집으로 소문나겠구나
곧 살해당할 악마의 계모랍니다 (177화/완결),애기새 괴롭히는거 구해줬나
곧 살해당할 악마의 계모랍니다 (177화/완결),보냐
곧 살해당할 악마의 계모랍니다 (177화/완결),대화 좀 해라
곧 살해당할 악마의 계모랍니다 (177화/완결),유모 먼저 갈아야할것같고.. 주방은.. 갱생이 가능했으면 좋겠네
곧 살해당할 악마의 계모랍니다 (177화/완결),황국이 문제네
곧 살해당할 악마의 계모랍니다 (177화/완결),슬프다..ㅜㅜ
곧 살해당할 악마의 계모랍니다 (177화/완결),딱히 없는 이야기를 가져다 쓴건 아니라서 난 스토리 자체는 상관이 없다고 생각하고는 있음다만.. 인물 참... 가볍죠...?
곧 살해당할 악마의 계모랍니다 (177화/완결),저 힘든 상황에서도 씩씩한 울여주님..대박.!
곧 살해당할 악마의 계모랍니다 (177화/완결),나중에 얼마나 구르려고 ㅎㅎ
곧 살해당할 악마의 계모랍니다 (177화/완결),아가한테 앙마라고 부르지 말자..ㅜㅜ아무리 혼자 속으로 부르는거라도..아이는 죄가없다. 작가가 나쁜넘이여~
곧 살해당할 악마의 계모랍니다 (177화/완결),울아가 착하네..ㅎㅎ
곧 살해당할 악마의 계모랍니다 (177화/완결),헝..여주님 너무해..ㅠㅠ
곧 살해당할 악마의 계모랍니다 (177화/완결),난 귀엽기만한데..혀짧은 발음 넘넘 귀엽..재밌게 읽고있어요!
곧 살해당할 악마의 계모랍니다 (177화/완결),아이코!ㅋㅋ
곧 살해당할 악마의 계모랍니다 (177화/완결),우주의 기운 드립ㅋㅋㅋㅋㅋ
곧 살해당할 악마의 계모랍니다 (177화/완결),참고문헌이라니!! 응원합니다아^^9
곧 살해당할 악마의 계모랍니다 (177화/완결),응? ?? 니들 뭐하니?
곧 살해당할 악마의 계모랍니다 (177화/완결),ㅋㅋㅋㅋ진짜 어디까지 하고싶은건가 궁금 ㅋㅋㅋㅋ 뭘로 골띵하게 하나 궁금해서 매열무로 꼬박 하나씩만 본다 ㅋㅋㅋ
곧 살해당할 악마의 계모랍니다 (177화/완결),뭐야?....
곧 살해당할 악마의 계모랍니다 (177화/완결),? 뭐지.갑자기 순간이동했나ㅡ 내용이 휙 ㅡ 바뀐것 같은 느낌..........
곧 살해당할 악마의 계모랍니다 (177화/완결),"앗 , 혹시나 마법이 통하지 않는 체질인건가??"
곧 살해당할 악마의 계모랍니다 (177화/완결),월권 아닌가
곧 살해당할 악마의 계모랍니다 (177화/완결),아무 생각없이 지나가다 들렸는데.. 날 새겠네으메~ 으쪄유~~ 날뱀 새겠어유
곧 살해당할 악마의 계모랍니다 (177화/완결),암만 5살이지만 맞춤법까지 저렇게 쓸필욘... 뭔가 집중안되고 자꾸 거슬리는ㅋㅋㅋㅋㅋㅋ 아효 이것도 병이닼ㅋㅋ
곧 살해당할 악마의 계모랍니다 (177화/완결),이상타 나는 재밌는데 ㅎㅎㅎ앞으로가 더 궁금해요~~
곧 살해당할 악마의 계모랍니다 (177화/완결),... 내가 이걸 왜 보는지 모르겠어서... 하차요
곧 살해당할 악마의 계모랍니다 (177화/완결),뭐가 이리 정신이 없어
곧 살해당할 악마의 계모랍니다 (177화/완결),로판 너무 읽었나...원작의 얀이 실제론 앞뒤가 다른sns 셀럽같았다면 원작의 남주황태자 인성도 의심부터 들거 같은데 여주는 대놓고 좋아라... 살짝 기대치가 훅 떨어지네요
곧 살해당할 악마의 계모랍니다 (177화/완결),개그야??
곧 살해당할 악마의 계모랍니다 (177화/완결),논문 좀 써보셨나보다 ^^
곧 살해당할 악마의 계모랍니다 (177화/완결),재미있어요 감동
곧 살해당할 악마의 계모랍니다 (177화/완결),마법아니냨ㅋㅋㅋㅋ
곧 살해당할 악마의 계모랍니다 (177화/완결),안데려간게 아니라 못데려간거라고해줘 안통해서 안그럼 재수없어죽을거같으니까아악
곧 살해당할 악마의 계모랍니다 (177화/완결),결혼식 후에 때를 밀다니....결혼식을 위해 얼마나 치장을 했는데 너무 억지스러운것 같아요
곧 살해당할 악마의 계모랍니다 (177화/완결),이런 의식은 진짜 최악인데..
곧 살해당할 악마의 계모랍니다 (177화/완결),ㅋㅋㅋㅋㅋㅋ 다들 귀엽다
곧 살해당할 악마의 계모랍니다 (177화/완결),우리애기가 5살이라 잘 이입되네요 귀여운것들♥
곧 살해당할 악마의 계모랍니다 (177화/완결),사랑해요 씽❤️❤️❤️❤️❤️
곧 살해당할 악마의 계모랍니다 (177화/완결),웃긴ㄴ이네.. 어젠 죽이려들더니 질투는..
곧 살해당할 악마의 계모랍니다 (177화/완결),ㅋㅋㅋㅋㅋㅋㅋㅋ
곧 살해당할 악마의 계모랍니다 (177화/완결),꺄
곧 살해당할 악마의 계모랍니다 (177화/완결),ㅋㅋㅋㅋㅋ 여기 읽다보면 공부되는것 같음. 이거 작가님 진짜 선생님 아닙니까? 취미가 소설쓰기고 ㅋㅋㅋㅋ
곧 살해당할 악마의 계모랍니다 (177화/완결),ㅎㅎㅎㅎ 질투쟁이♡
곧 살해당할 악마의 계모랍니다 (177화/완결),잼 있는뎅 담편이 없엉~~힝~~~ㅠ ㅠ
곧 살해당할 악마의 계모랍니다 (177화/완결),타라곤은 겁나 쓸 텐데
곧 살해당할 악마의 계모랍니다 (177화/완결),미친 황제네요~~~
곧 살해당할 악마의 계모랍니다 (177화/완결),ㅋㅋㅋㅋ 여기는 과학세상...ㅋㅋㅋㅋ
곧 살해당할 악마의 계모랍니다 (177화/완결),모리는 언제쯤 치워지려나??
곧 살해당할 악마의 계모랍니다 (177화/완결),제랄드......................
곧 살해당할 악마의 계모랍니다 (177화/완결),그래도 같이 데려가지 참나.. 그래서 구하러 다시 온건가...?
곧 살해당할 악마의 계모랍니다 (177화/완결),아버님 눈치 챙겨!!!!
곧 살해당할 악마의 계모랍니다 (177화/완결),귀여워 테오 ㅠㅠ 으악 ㅠㅠ
곧 살해당할 악마의 계모랍니다 (177화/완결),테오 정말 귀엽다ㅠㅠ 우주귀요미뽀시래기ㅠ
곧 살해당할 악마의 계모랍니다 (177화/완결),그래 곧 살해당할 거 같다
곧 살해당할 악마의 계모랍니다 (177화/완결),소재는 재미있는데 주변상황이 이해는 가지만 남주성격 애매함. 매력이 없네요.여주는 성격이 왔다리갔다리하고... 이만 하차합니다. 그래도 지금까지 흥미로웠어요. 수고하세요.
곧 살해당할 악마의 계모랍니다 (177화/완결),설정이 너무 변태같아
곧 살해당할 악마의 계모랍니다 (177화/완결),오~드뎌 제랄드~~
곧 살해당할 악마의 계모랍니다 (177화/완결),눈물이 차~올라서 고갤 드러~
곧 살해당할 악마의 계모랍니다 (177화/완결),아늬! 아버님! !!
곧 살해당할 악마의 계모랍니다 (177화/완결),"하..,마이클(?) 집구석 망해라!!"
곧 살해당할 악마의 계모랍니다 (177화/완결),ㅋㅋㅋㅋㅋㅋ웃기다. ㅎㅎ
곧 살해당할 악마의 계모랍니다 (177화/완결),반전. ??다음화를 보게 하는둔. ㅋㅋ
곧 살해당할 악마의 계모랍니다 (177화/완결),"보고하게 뜸니다,,^^"
곧 살해당할 악마의 계모랍니다 (177화/완결),맞아염 재밌음
곧 살해당할 악마의 계모랍니다 (177화/완결),이게 뭐야ㅠㅜㅜㅜㅜㅜㅜㅋㅋㅋㅋㅋ 개그물인가요ㅠㅜㅜㅠㅜ
곧 살해당할 악마의 계모랍니다 (177화/완결),ㅎㅎㅎㅎㅎ 세신이라니… 넘 웃겨요… 여주 어째…
곧 살해당할 악마의 계모랍니다 (177화/완결),"에휴,,,여주 진짜 가시밭길이네..."
곧 살해당할 악마의 계모랍니다 (177화/완결),참고문헌 나오는 소설 첨봐요
곧 살해당할 악마의 계모랍니다 (177화/완결),"뭘..,보냐....구!!"
곧 살해당할 악마의 계모랍니다 (177화/완결),대화가 필요해.
곧 살해당할 악마의 계모랍니다 (177화/완결),저런 우모의 행실을 대공은 몰랐냐ㅡㅡ
곧 살해당할 악마의 계모랍니다 (177화/완결),뭐징......?
곧 살해당할 악마의 계모랍니다 (177화/완결),꺼져주세요!
곧 살해당할 악마의 계모랍니다 (177화/완결),"참나..,기가막히군..."
곧 살해당할 악마의 계모랍니다 (177화/완결),아~~~귀여웡~~
곧 살해당할 악마의 계모랍니다 (177화/완결),완전 흥미진진 ㄷㄷㄷ 재밌어요!!
곧 살해당할 악마의 계모랍니다 (177화/완결),반칙은 무슨쓰레기네 좋은 풍습도 전혀 아니다 진심 상상만 해도 불쾌하고 기분나빠 의식 다끝나고 얼굴 마주보면 얼마나 부끄럽고 기분 더러울까 작가님요 왜 이런 의식을 넣었는지는 모르겠지만 여주 정신병 안걸리게 해주세요 나라면 인간불신 생기고 스트레스로 아동폭력 바로 시전했다
곧 살해당할 악마의 계모랍니다 (177화/완결),아카시나무->아카시아 나무
곧 살해당할 악마의 계모랍니다 (177화/완결),오오오재밌는데????? 달려봐야겠군. ㅎㅎ
곧 살해당할 악마의 계모랍니다 (177화/완결),왠지 계속 보게될것만 같은 느낌이 물씬~~
곧 살해당할 악마의 계모랍니다 (177화/완결),재미있네요 ~~~^^
곧 살해당할 악마의 계모랍니다 (177화/완결),완전 재미있어요~^^/
곧 살해당할 악마의 계모랍니다 (177화/완결),테오 귀여워요 ㅋㅋ간만에 잼나게 읽어요
곧 살해당할 악마의 계모랍니다 (177화/완결),오오 흥미진진해요
곧 살해당할 악마의 계모랍니다 (177화/완결),아니 겁나 욱기넼ㅋㅋㅋㅋㅋㅋㅋㅋㅋㅋㅋㅋㅋ 모두 집단적 오해로 대화하는 거 어이없고 웃김ㅋㅋㅋㅋㅋㅋㅋㅋㅋㅋ 아 넘 웃겨 ㅋㅋㅋ큐ㅠㅠㅠ
곧 살해당할 악마의 계모랍니다 (177화/완결),아놔 그놈의 원소기호 29번 구리 외우겠네 외우겠어 ㅋㅋㅋㅋㅋ큐
곧 살해당할 악마의 계모랍니다 (177화/완결),재밌는디 다들 숨어서 읽기만 하시나 ㅋㅋㅋㅋ 너무 연애전선에 찌들지 않은 (?) 거 찾고 있었는데 테오는 그냥 귀엽고 혼자 땅파는 제랄드도 귀엽고 열심히 신문물 만드는 주희씨도 귀엽다 ㅋㅋㅋ
곧 살해당할 악마의 계모랍니다 (177화/완결),ㅠㅠ테오 말하는 거 넘 귀여워ㅠ
곧 살해당할 악마의 계모랍니다 (177화/완결),테오 넘모 귀여워버리고ㅠ
곧 살해당할 악마의 계모랍니다 (177화/완결),보다보니 여기까지왔네 고구마 많이 없어 좋네여 ㅎ
곧 살해당할 악마의 계모랍니다 (177화/완결),여기 남자들 왜이케 다들 귀여워ㅎㅎㅎㅎㅎ
곧 살해당할 악마의 계모랍니다 (177화/완결),할말 똑부러지게 하는 여주 매력있음ㅎㅎ
곧 살해당할 악마의 계모랍니다 (177화/완결),왜구러는거야ㅋㅋ더하지ㅋ
곧 살해당할 악마의 계모랍니다 (177화/완결),재미있네!!
곧 살해당할 악마의 계모랍니다 (177화/완결),글이 너무 정신 사납네요...
곧 살해당할 악마의 계모랍니다 (177화/완결),오오오오옹
곧 살해당할 악마의 계모랍니다 (177화/완결),ㅋㅋㅋㅋ 재밌어요.
곧 살해당할 악마의 계모랍니다 (177화/완결),앞으로 내쿠키는 여기에..(주섬주섬)
곧 살해당할 악마의 계모랍니다 (177화/완결),으흠.... 그 이사장네 새끼는 그냥 잘 살아났다로 끝나는 건가요 마왕이니까 건너가서 좀 찢어놨으몀 좋겠네
곧 살해당할 악마의 계모랍니다 (177화/완결),여주가 아주 현명하고 사랑스럽네요
곧 살해당할 악마의 계모랍니다 (177화/완결),무슨 일이지?
곧 살해당할 악마의 계모랍니다 (177화/완결),너무 좋아하는 소잰데 여주가 너무 유치하고 여주 행동이나 사고방식에 대한 묘사도 너무 지리멸렬해서 못읽겠네요 무슨 의식의 흐름 기법도 아니고...훈련받은 직업군인(기사) 상대로 군대 근처에도 가본적없는 민간인 여자가 계급장도 없이 차렷 ㅇㅈㄹ 먹히겠냐 그게...초등학생 낙서도 아니고 뭐지 이걸 지금 여주 걸크러시 장면이라고 넣은거임?
곧 살해당할 악마의 계모랍니다 (177화/완결),의붓아들한테 찢어 죽을->찢겨
곧 살해당할 악마의 계모랍니다 (177화/완결),....옆으롷누운게 아니라 목을벤거?!?????
곧 살해당할 악마의 계모랍니다 (177화/완결),제랄드 나올줄 알았는데 빠지다니
곧 살해당할 악마의 계모랍니다 (177화/완결),제랄드 넘 좋다
곧 살해당할 악마의 계모랍니다 (177화/완결),넘 재밌어서 쿠키 굽습니다
곧 살해당할 악마의 계모랍니다 (177화/완결),소피아도 좀 마시게 해줘라~~~
곧 살해당할 악마의 계모랍니다 (177화/완결),술술 읽히네요ㅎㅎ
곧 살해당할 악마의 계모랍니다 (177화/완결),음... 잔인하누. 계모가 거룩한 성인이 되야하는건가?
곧 살해당할 악마의 계모랍니다 (177화/완결),아닛!! 왜 댓이 없는거냐?!?!?!??!?!?!?!?!?!?!?이 재미있는걸!!!
곧 살해당할 악마의 계모랍니다 (177화/완결),술술 읽혀요~~
곧 살해당할 악마의 계모랍니다 (177화/완결),좋은 풍습이다♡
곧 살해당할 악마의 계모랍니다 (177화/완결),ㅋㅋ그러니깐요 여기서 이런 분위기가~~
곧 살해당할 악마의 계모랍니다 (177화/완결),작가님 필력 펄펄 날아다니시네요~ 테오 귀염둥이 >_<
곧 살해당할 악마의 계모랍니다 (177화/완결),테오 귀엽네^^
곧 살해당할 악마의 계모랍니다 (177화/완결),이마가 나빴네ㅋ
곧 살해당할 악마의 계모랍니다 (177화/완결),세신 씬이 이렇게 달달할 줄이야
곧 살해당할 악마의 계모랍니다 (177화/완결),두근두근. 뭐라고 대답할까?
곧 살해당할 악마의 계모랍니다 (177화/완결),아주 좋으네요. 초반부터 흥미진진~
곧 살해당할 악마의 계모랍니다 (177화/완결),재미있어요~ 화학 참고 문헌이 있는 걸 보고 작가님이 얼마나 애쓰셨을지 알겠더라구요. 다음편 갑니다~!
곧 살해당할 악마의 계모랍니다 (177화/완결),재밌네요~ 참고문헌 기재한 웹소설 처음 봅니다! 믿고 보겠습니다~
곧 살해당할 악마의 계모랍니다 (177화/완결),1회부터 너무 재미있어요.
곧 살해당할 악마의 계모랍니다 (177화/완결),테오도르는 무섭게 쏘아봐도 귀여워ㅋㅋㅋ
곧 살해당할 악마의 계모랍니다 (177화/완결),와 표지가 정말 너무 예쁨
곧 살해당할 악마의 계모랍니다 (177화/완결),완전 재밌어요
곧 살해당할 악마의 계모랍니다 (177화/완결),때타월 ㅋㅋㅋ 재밌어요
곧 살해당할 악마의 계모랍니다 (177화/완결),잘 읽히고 표지도 멋지네요. 다음화 고고~
곧 살해당할 악마의 계모랍니다 (177화/완결),어디서 냄새 안나요? ..... 대작의 냄새 😻👍👏
곧 살해당할 악마의 계모랍니다 (177화/완결),시간 순삭으로 읽히고 쫄깃하네요! 쿠키 구우러 가겠습니다!
곧 살해당할 악마의 계모랍니다 (177화/완결),오오 다음편으로 냉큼 달려갑니다. 재밌어요
곧 살해당할 악마의 계모랍니다 (177화/완결),재밌네요ㅋㅋ 정주행ㄱㄱㄱㄱ
곧 살해당할 악마의 계모랍니다 (177화/완결),"안녕하세요, 독자님들! 《곧 살해당할 악마의 계모랍니다》는 원작 속 악마 테오도르가 주인공의 사랑으로 저주를 풀고 행복한 어린이가 되는 이야기랍니다. 관전 포인트로는 계모를 놓고 귀염뽀짝발랄한 악마와 악마 아버지의 기 싸움.저주 속 숨겨진 흑마법의 음모, 그리고 악마의 첫 친구들과 귀족부인들의 치맛바람.마지막으로 댕댕이 농장 등이 있습니다. 자, 이제 화학으로 제국을 흔들 여주와 함께 떠나 볼까요? 읽어주시는 독자님들. 고맙습니다!"
곧 살해당할 악마의 계모랍니다 (177화/완결),이마가 나빴네ㅋ
곧 살해당할 악마의 계모랍니다 (177화/완결),세신 씬이 이렇게 달달할 줄이야
곧 살해당할 악마의 계모랍니다 (177화/완결),두근두근. 뭐라고 대답할까?
곧 살해당할 악마의 계모랍니다 (177화/완결),아주 좋으네요. 초반부터 흥미진진~
곧 살해당할 악마의 계모랍니다 (177화/완결),재미있어요~ 화학 참고 문헌이 있는 걸 보고 작가님이 얼마나 애쓰셨을지 알겠더라구요. 다음편 갑니다~!
곧 살해당할 악마의 계모랍니다 (177화/완결),재밌네요~ 참고문헌 기재한 웹소설 처음 봅니다! 믿고 보겠습니다~
곧 살해당할 악마의 계모랍니다 (177화/완결),1회부터 너무 재미있어요.
곧 살해당할 악마의 계모랍니다 (177화/완결),테오도르는 무섭게 쏘아봐도 귀여워ㅋㅋㅋ
곧 살해당할 악마의 계모랍니다 (177화/완결),와 표지가 정말 너무 예쁨
곧 살해당할 악마의 계모랍니다 (177화/완결),완전 재밌어요
곧 살해당할 악마의 계모랍니다 (177화/완결),때타월 ㅋㅋㅋ 재밌어요
곧 살해당할 악마의 계모랍니다 (177화/완결),잘 읽히고 표지도 멋지네요. 다음화 고고~
곧 살해당할 악마의 계모랍니다 (177화/완결),어디서 냄새 안나요? ..... 대작의 냄새 😻👍👏
곧 살해당할 악마의 계모랍니다 (177화/완결),시간 순삭으로 읽히고 쫄깃하네요! 쿠키 구우러 가겠습니다!
곧 살해당할 악마의 계모랍니다 (177화/완결),오오 다음편으로 냉큼 달려갑니다. 재밌어요
곧 살해당할 악마의 계모랍니다 (177화/완결),재밌네요ㅋㅋ 정주행ㄱㄱㄱㄱ
곧 살해당할 악마의 계모랍니다 (177화/완결),"안녕하세요, 독자님들! 《곧 살해당할 악마의 계모랍니다》는 원작 속 악마 테오도르가 주인공의 사랑으로 저주를 풀고 행복한 어린이가 되는 이야기랍니다. 관전 포인트로는 계모를 놓고 귀염뽀짝발랄한 악마와 악마 아버지의 기 싸움.저주 속 숨겨진 흑마법의 음모, 그리고 악마의 첫 친구들과 귀족부인들의 치맛바람.마지막으로 댕댕이 농장 등이 있습니다. 자, 이제 화학으로 제국을 흔들 여주와 함께 떠나 볼까요? 읽어주시는 독자님들. 고맙습니다!"
매지컬 써전[단행본] (22권/완결),ㅠ완결이아니네 ㅠㅠ대여나구매 하실분 외전은 완결아니에요~
