titles,comments
배신인 줄 알았는데 [선공개] (87화/완결),내 눈물ㅠㅠ 청혼은 말로만 말고 보석이라도 건네며 하도록 해라라니 ㅠㅠ 너무 가슴 짠한 추신이네요. 진짜 재미있게 잘 읽었습니다 사장님 작품은 담담하게 희로애락을 느낄 수 있는데 자극적이지 않아서 평점이나 댓글이 낮나봐요ㅠㅠ 전반 중반 후반 분위기에 맞춰 캐릭터들의 입장이나 성격들이 달라지는 이 섬세함은 흔한 킬링용 소설이나 자극적인 막장 소설이 판치는 요즘 보기 드물어서 더 감동적이였어요. 에드윈과 세라 그리고 루시엘의 모습이 담긴 외전 꼭 보고 싶네요. 좋은 작품 감사합니다
배신인 줄 알았는데 [선공개] (87화/완결),해피엔딩 감사합니다! ㅎㅎ
배신인 줄 알았는데 [선공개] (87화/완결),에디윈 귀여운데..?왜..?
배신인 줄 알았는데 [선공개] (87화/완결),제목이 배신인줄 알았는데..인 이유인가요 와우..
배신인 줄 알았는데 [선공개] (87화/완결),"후.. 원래의 에반젤린도 아니고 특히 어린아이라서 조금의 동정심이 생겼었는데, 변하지 않아서 다행이다 ㅎ 다시 없어짐"
배신인 줄 알았는데 [선공개] (87화/완결),클린봇이 부적절한 표현을 감지한 댓글입니다.
배신인 줄 알았는데 [선공개] (87화/완결),루시엘 이 새끼는 진짜인 게 없네 다 거짓이야
배신인 줄 알았는데 [선공개] (87화/완결),에드윈 역시 에드윈이네!!ㅠㅠ
배신인 줄 알았는데 [선공개] (87화/완결),에드윈...너!!! 이번엔이라고 했어!!!!!!
배신인 줄 알았는데 [선공개] (87화/완결),에드윈..뭔가 있는 거니
배신인 줄 알았는데 [선공개] (87화/완결),클린봇이 부적절한 표현을 감지한 댓글입니다.
배신인 줄 알았는데 [선공개] (87화/완결),클린봇이 부적절한 표현을 감지한 댓글입니다.
배신인 줄 알았는데 [선공개] (87화/완결),하아!!! 아직 인간인거네 완전한 흡혈귀가 아닌거야!!!
배신인 줄 알았는데 [선공개] (87화/완결),뭐지?? 아무맛도 못느낀다고 그랬는데 루시엘 새끼 거짓말!!!!흡혈귀로 변한 건 맞나?? 이것도 거짓...??!!
배신인 줄 알았는데 [선공개] (87화/완결),ㅠㅠㅠ생긴 거랑 이름까지 같으면 어쩌자는 거야ㅠㅠㅠ설마 에드윈도 안죽고 살아있던거 아냐??ㅠㅠㅠ
배신인 줄 알았는데 [선공개] (87화/완결),클린봇이 부적절한 표현을 감지한 댓글입니다.
배신인 줄 알았는데 [선공개] (87화/완결),클린봇이 부적절한 표현을 감지한 댓글입니다.
배신인 줄 알았는데 [선공개] (87화/완결),무슨 함정에 걸려든 거야 에드윈ㅠㅠㅠ
배신인 줄 알았는데 [선공개] (87화/완결),어멋..셀레니아 이 박력 무엇!!♥ 다람쥐 같은 에드윈 고분고분 따르는 것 보소~♥
배신인 줄 알았는데 [선공개] (87화/완결),클린봇이 부적절한 표현을 감지한 댓글입니다.
배신인 줄 알았는데 [선공개] (87화/완결),쓰읍... 언제까지 루시엘인지 루시퍼인지 거짓부렁 읊어대는걸 봐야하죠...? 이정도면 꽤 오래 할애했다고 생각하는데
배신인 줄 알았는데 [선공개] (87화/완결),세상의 3대 마요... 참치마요 스팸마요 언니그새끼믿지마요 ㅠㅠ
배신인 줄 알았는데 [선공개] (87화/완결),결국 에반은 참교육 안당하네
배신인 줄 알았는데 [선공개] (87화/완결),작품 괜찮은데 지나치게 평점 낮고 댓도 없네요 전 좋은 것 같아요 더 읽어보긴 해야겠지만
배신인 줄 알았는데 [선공개] (87화/완결),ㅠㅠㅠㅠ 에드윈 불쌍해
배신인 줄 알았는데 [선공개] (87화/완결),V 프롤로그 직전 이야기
배신인 줄 알았는데 [선공개] (87화/완결),백신인 줄 알았는데 로 봐버림…
배신인 줄 알았는데 [선공개] (87화/완결),ㅠㅠ 벌써 발암.... 작정하고 속인 에반젤린이 제일 나쁜거지만 ...
배신인 줄 알았는데 [선공개] (87화/완결),"외전애서, 애드윈 이랑 새라의 행복한 이아기 더보고싶어요..."
배신인 줄 알았는데 [선공개] (87화/완결),"혹시 외전은 언제나오나요?...그리고, 외전애는 애드윈 이랑 새라 의 행복한 결혼다음 이아기 도 있나요?"
배신인 줄 알았는데 [선공개] (87화/완결),지나가다 얼핏 백신인 줄 알았는데로 보고 피식해서 댓달고감다 ㅎㅎ
배신인 줄 알았는데 [선공개] (87화/완결),에반젤린이 배신했구나 ㅠㅠ 황태녀 불쌍해서 어떡해
배신인 줄 알았는데 [선공개] (87화/완결),재미는 있는데 자꾸 ... 할줄 몰랐다 라는게 한두번도 아니고 계속 나오니 좀 지루해 지려 해요
배신인 줄 알았는데 [선공개] (87화/완결),꺄!! 믿고보는 사장님 작품!!! 완전 재미있어요!!
배신인 줄 알았는데 [선공개] (87화/완결),믿고 보는 사장님! 런칭 축하드려여><🎉🌸
배신인 줄 알았는데 [선공개] (87화/완결),아참 그리고 이 작품은 87편 완결로 외전은 추후 나올 예정입니나!감사합니다^^♡
배신인 줄 알았는데 [선공개] (87화/완결),"안녕하세요 사장님입니다!제 7번째 작품도 시리즈에서 선보일 수 있게 되었네요...! <배신알>은 꼬이고 꼬인 인연의 실타래 속에서도 아련한 사랑이야기를 그리고 싶었던 작품이에요! 가을의 초입인 만큼 가슴 절절한 이야기를 통해 메마른 나날, 이 작품을 읽으시는 순간만큼음 감성 가득한 특별한 하루 되셨으면 합니다! 감사합니다♡"
포식자의 숲 [외전선공개] (83화/완결),이 미치ㄴ은 욕을 절로 하게 만드네와그래~???!!! 맡겨놓은 봇짐 찾아갈때도 저따위 허무맹랑함은 없것다
포식자의 숲 [외전선공개] (83화/완결),역대 가장 추악한 악마다
포식자의 숲 [외전선공개] (83화/완결),이 미친 집착은 뭐니
포식자의 숲 [외전선공개] (83화/완결),ㅋㅋㅋ 큰오빠 내외가 신혼여행후 어른들께 인사올리려 오는줄언제적 ~
포식자의 숲 [외전선공개] (83화/완결),설마설마 했는데 쓰레기네
포식자의 숲 [외전선공개] (83화/완결),ㅋㅋㅋㅋㅋ 어느새 다들 미소랑 어울리고있어
포식자의 숲 [외전선공개] (83화/완결),이대러 완결이면 뭔가 아쉬운데 ㅠ 그냥 쾌활한 웹소설 본것같아여 ㅋㅋㅋㅋ
포식자의 숲 [외전선공개] (83화/완결),너무 재밌게 봤는데 살짝 아쉽긴 하네요ㅠㅠ 용두사미..? 그 사미도 재미있었지만... 좀 더 길어지더라도 하는 아쉬움은 있네요 ㅎㅎ 잘봤습니다
포식자의 숲 [외전선공개] (83화/완결),잤다고...
포식자의 숲 [외전선공개] (83화/완결),미친 대중소? ㅋㅌㅋㅋㅋㅋㅋ
포식자의 숲 [외전선공개] (83화/완결),글이 너무 귀엽고 사랑스러워요ㅠㅠㅋㅋㅋㅋㅋ
포식자의 숲 [외전선공개] (83화/완결),한달만에 결혼하래놓고 뭔 사랑타령이여 할부지..
포식자의 숲 [외전선공개] (83화/완결),미친 너무 웃겨 ㅋㅋㅋㅋㅋㅋㅋㅋ
포식자의 숲 [외전선공개] (83화/완결),ㅋㅋㅋㅋㅋㅋㅋㅋㅋㅋㅋㅋㅋㅋㅋㅋㅋㅋㅋㅋ
포식자의 숲 [외전선공개] (83화/완결),"불도저급 직진 남주, 도대체 이유가 뭐지? 궁금해서 쿠키 구워요~"
흑마법사의 제국 (155화/완결),??? 하차
흑마법사의 제국 (155화/완결),죽을짓힌거아닌가?
흑마법사의 제국 (155화/완결),정말로 볼가치도없는작품 이내 나머지쓰래기 작품들도 많고 작가 생각좀하고 소설을 써라 초딩이냐 한심하다
흑마법사의 제국 (155화/완결),이게 소설인지 일대긴지 모를 전개는 대체...
흑마법사의 제국 (155화/완결),흠...
흑마법사의 제국 (155화/완결),뭐야 이거 나왔던건데 왜 신작으로 떠..??
흑마법사의 제국 (155화/완결),그래서 다크엘프는?
흑마법사의 제국 (155화/완결),흠
흑마법사의 제국 (155화/완결),선발대 없나
흑마법사의 제국 (155화/완결),출발
너의 소울푸드가 보여! [단행본] (13권/완결),처음부터 끝까지 물흐르듯.. 발암도 없고 힐링물이네요. 너무 좋게 잘봤습니다.
