titles,comments
특급 경찰로 회귀하다 [단행본] (7권/완결),괜찬네 약간 지루함이
그 게이트 내 탓이다 [단행본] (8권/완결),이해불가능할 정도의 스토리전개. 난잡한 구성들. 엉성한 파워밸런스. 초보작가같은데 상식적으로 생각하면서 글좀쓰자. 가볍게 할려면 가볍게 하고 무겁게 쓸려면 무겁게 가야지 이도저도 아니고 내용전개도 초등학생 수준이하로 답답하게 진행되네
결혼할까요? [단행본] (2권/완결),책으로도 소장중~~~난 정말 잼있게 읽었는데
결혼할까요? [단행본] (2권/완결),할말 많지만 안함 .참내 어의가 없어서. 연습용이겠지요?
결혼할까요? [단행본] (2권/완결),진짜작가님글인가요.......저도이정도는쓸것같아요.도서가없고앞뒤도다빠지고내용이없네요.정말실망이네요
결혼할까요? [단행본] (2권/완결),자까님 이름 빌려주셨나요? 평소 글이랑 많이 틀려요ㅠㅠ
