titles,comments
너의 아이가 아니야 [단행본] (6권/완결),연재본 보다 삽화도 이쁘길래 구매했는데 단행본엔 삽화가 없네요...? ㅠㅠ
너의 아이가 아니야 [단행본] (6권/완결),이걸 왜 이제 봤을까요ㅋㅋ엄청 즐겁게 읽고 있어요!!!!
너의 아이가 아니야 [단행본] (6권/완결),작가님 정말 즐겁게 잘 봤습니다! 외전 너무 사랑스러워요ㅎㅎ 사랑스러운 주인공들과 탄탄한 플롯으로 보는 내내 행복했어요. 감사합니다!!
너의 아이가 아니야 [단행본] (6권/완결),"안녕하세요 소설 정말 재미있게 보고 있습니다!! 세계관도 탄탄하고 흡입력이 있어서 하루종일 붙잡고 있습니다.,. 즐거운 시간 보내게 해 주셔서 감사드려요!다만 작품 중간 중간 오탈자가 있는 것 같아요. 한 권에 5~10개 정도 되는 듯합니다. 그리고 이번 화에 루이몬드와 샤이먼이 사촌으로 나오는데, 제가 기억하기로는 1권에서 육촌으로 묘사되었던 것 같아요. 다음에 출판하실 때 손보시면 좋을 것 같아요. 다시 한번 감사드립니다!!"
너의 아이가 아니야 [단행본] (6권/완결),넘나 재밌는그 연재본도 있었네요ㅎㅎ
너의 아이가 아니야 [단행본] (6권/완결),까하 재밋어요
너의 아이가 아니야 [단행본] (6권/완결),단행본은 몇화부터인가요?
본부장님 계약을 파기하겠습니다. (126화/완결),"너무 전개도 좋고 재밌게 쭉쭉 읽었는데, 진실이 밝혀지고 너무 급하게 마무리 지으려는 흐름이 아쉽네요"
본부장님 계약을 파기하겠습니다. (126화/완결),기억을잃은미연이란분은 혹시 그분은아니것죠잉?에이설마
본부장님 계약을 파기하겠습니다. (126화/완결),3년아니고 30년전 아닌가? 유현이 부모이야기 같은데..
본부장님 계약을 파기하겠습니다. (126화/완결),남주 캐릭터가 쪼금 거시기하네 약해약해
본부장님 계약을 파기하겠습니다. (126화/완결),발목 삐었다면서무슨 기어서 나온대 쫌 억지스럽다잉
본부장님 계약을 파기하겠습니다. (126화/완결),배다른동생이 아빠딸이아닌 다른남자 애가져서 낳은거아냐?류뭐시기는 부장하고 뭔사이임? 류뭐시기가 어찌 그직책까지 갈수가있었을까나
본부장님 계약을 파기하겠습니다. (126화/완결),해주랑 소진소준 다같이사는건가?
본부장님 계약을 파기하겠습니다. (126화/완결),소준이가 써브남???
본부장님 계약을 파기하겠습니다. (126화/완결),"혹시,유현이 연숙의계략 눈치챘남?!"
본부장님 계약을 파기하겠습니다. (126화/완결),뒤로갈수록 몰아치는 와.. 진짜 👍 작가님 다른 작품은 없나요?
본부장님 계약을 파기하겠습니다. (126화/완결),너무 슬퍼서 펑펑 울었는데 해수때메 눈물이 쏙 들어갔어요~ 은근 이런건 아닐까 저건아닐까 생각하면서 보는 재미가 있네요~
본부장님 계약을 파기하겠습니다. (126화/완결),설마 해수 아빠랑 유현이 엄마랑 같이사고남?
본부장님 계약을 파기하겠습니다. (126화/완결),조은친구 한명은 천금보다 귀하다...
본부장님 계약을 파기하겠습니다. (126화/완결),짖어요. 가끔 물기도 해요. 무슨 로맨스 소설이 왜 이렇게 웃겨 ㅋㅋㅋㅋ 집에서만 읽어야지. 지하철에서 읽다가 빵 터져서 웃었더니 이상한 취급 당함. 책임져요 작가님.
본부장님 계약을 파기하겠습니다. (126화/완결),소준이이딴식으로 노선변경이면 재미없어지는데 그리고 보통 사랑하는 여자다치면 화내는게 정상인데 진짜 재밌게 보는 소설중 하나인데 실망입니다
본부장님 계약을 파기하겠습니다. (126화/완결),웹소설인데 드라마 본 것 같은.. 한 사람의 인생을 들여다 본 것 같은 느낌.. 이런 소설 오랜만이네
본부장님 계약을 파기하겠습니다. (126화/완결),서비스 오류인 것 같아요. 다음화보기가 안눌러져요.
본부장님 계약을 파기하겠습니다. (126화/완결),글이 너무 쫌....
본부장님 계약을 파기하겠습니다. (126화/완결),맞아 현지가 김부장 딸이겠지~~
본부장님 계약을 파기하겠습니다. (126화/완결),부모의 죽음이 서로 관련된건 아닐까
본부장님 계약을 파기하겠습니다. (126화/완결),여주 무슨 보살이에요? 유현이가 아무리 좋아도 어떻게 저런걸 견뎌?
본부장님 계약을 파기하겠습니다. (126화/완결),"작가님, 몇일간 진짜 푹~ ㅃㅏ져서 봤어요. 뻔한듯 뻔하지 않아서 좋았습니다. 남주여주 서브 남주여주들 모두 눈에 훤히 그려지네요. 혹시 외전 쓰시면 우리 착한 소준이와 쿨한 제이미 이야기도 더 알고 싶어요. 나중에 웹툰이나 드라마로도 나오면 좋겠어요. *_*)/"
본부장님 계약을 파기하겠습니다. (126화/완결),간만에 로맨스인데 욕도 많이 하면서 봤네. 웃다 울다다보니 완주.. 개미지옥.. 나도 모르게 쿠키 다들 조심. 반전이나 복선들도 제법되서 추리하는 재미는 덤. 드라마 본것 같은 느낌.
본부장님 계약을 파기하겠습니다. (126화/완결),소준아 니가 진정 위너다. 이제 꽃길만 걷자 ♡♡♡
본부장님 계약을 파기하겠습니다. (126화/완결),연숙? 저 아줌마 바람피낰ㅋㅋㅋㅋ 차라리 그런거였음 좋겠다 착한 사람한테 그렇게 모질게 군 벌 본인도 똑같이 당해봐야됨ㅠ
본부장님 계약을 파기하겠습니다. (126화/완결),해수 진짜 마음이 너무 이뻐요..☺😚😋😛🤗😊😊😊
본부장님 계약을 파기하겠습니다. (126화/완결),와 진짜 사이다네요. ㅡ.ㅡ 진짜 지하철에는 별놈들 다있음.
본부장님 계약을 파기하겠습니다. (126화/완결),엉엉 너무 슬퍼ㅜㅠ 눈물이 또르르... 더 울리는 줄알았는데. 해수가 빵 웃겨줌. 진짜 모두 다 이제 행복해지면...
본부장님 계약을 파기하겠습니다. (126화/완결),아 눈에 잘그려져서 술술 잘 읽히네요. 캐릭터들이 매력있는 것 같습니다.
본부장님 계약을 파기하겠습니다. (126화/완결),흠......다치고 아프고....나올수있는 요소는 다나오네 여주 괴롭히는 여자 뭉게고.... 슬슬.. .좀 지겹...
본부장님 계약을 파기하겠습니다. (126화/완결),갑자기 체끼가 확 사라지네~ 한대 갈겨버리고 싶었는데... 고마워 해수야
본부장님 계약을 파기하겠습니다. (126화/완결),류팀장어찌 그 직책까지 올라간거임? 일은 하나도 못하고 남자꼬실 생각만으로 회사생활하는거임? 부장이 꽂아준거임 이런 사람때문에 회사놀러다닌단 소리 듣지 한마리 미꾸라지가 물을 흐린격
본부장님 계약을 파기하겠습니다. (126화/완결),헐 이렇게 공개해버리다니...
본부장님 계약을 파기하겠습니다. (126화/완결),"""응 나도 해수 무서워..."" 잘못한거 있음 암말안해도 앞에서는 막 쪼그라들것 같은 느낌이 들듯...근데 이실장 본명 너무 이쁜거 아님?"
본부장님 계약을 파기하겠습니다. (126화/완결),태진은 진짜 ...
본부장님 계약을 파기하겠습니다. (126화/완결),아 제이미 너무 좋아요. 귀여워요. 아이임 쏘우리~ 귓가에 들리는 듯 ㅎㅎ
본부장님 계약을 파기하겠습니다. (126화/완결),클린봇이 부적절한 표현을 감지한 댓글입니다.
본부장님 계약을 파기하겠습니다. (126화/완결),유현아 가정교육을 잘 받았구나? 할아버지 짱 멋짐
본부장님 계약을 파기하겠습니다. (126화/완결),태진이 정말 못된놈이네그래도 자기 핏줄인데 ㄱ 자기 사랑만 중요하고 유현모친의 사랑은 암것도 아니란말이지 근데 전화약속이 혹시 내연남? 느낌상 딸내미도 태진이가 아닐수도있어 뭔가 느낌이 쎄해
본부장님 계약을 파기하겠습니다. (126화/완결),소준아 ㅜㅡㅜ 힘내랏~
본부장님 계약을 파기하겠습니다. (126화/완결),안돼 놀아주지마~ ㅡ.ㅡ+
본부장님 계약을 파기하겠습니다. (126화/완결),미또 --> 이거 미x 또xx 인가요? 빵터졌네요.
본부장님 계약을 파기하겠습니다. (126화/완결),여주 성격 진짜 제대로 사이다네~ ㅎㅎ
본부장님 계약을 파기하겠습니다. (126화/완결),클린봇이 부적절한 표현을 감지한 댓글입니다.
본부장님 계약을 파기하겠습니다. (126화/완결),헉 여기서 라면이 등장... ㅋㅋㅋ
본부장님 계약을 파기하겠습니다. (126화/완결),오피스 로맨스라니 :) 두근두근 거리네용? 작가님 필력이 너무 좋아요~ 다음도 기대하며 쿠키 충전 하러 총총 🍪
본부장님 계약을 파기하겠습니다. (126화/완결),👍 와우! 해수 짱 멋져요 물론 현실에서는 통하지 않지만 소설에서라도 ~~^^ 시원한 사이다발언 좋아요~~^^
본부장님 계약을 파기하겠습니다. (126화/완결),로판보다 식상해질쯤 만난 오피스 로맨스 작품 잼나요~~^^
본부장님 계약을 파기하겠습니다. (126화/완결),두구두구 드뎌 입성하셨군요. 작가님~~기다리고 있었어요~~^^♥
본부장님 계약을 파기하겠습니다. (126화/완결),쿠키가 필요해...ㄷ.ㄷ.ㄷ...
본부장님 계약을 파기하겠습니다. (126화/완결),여주 너모 멋진 거 아니에요? 걸크러쉬!
본부장님 계약을 파기하겠습니다. (126화/완결),"오, 뭔가 이미지화가 샥샥 바로 되는 느낌! 글 잘 읽혀집니다!!! 다음화도 기대기대 :-D"
본부장님 계약을 파기하겠습니다. (126화/완결),와 순삭이에요 너무 재밌어요!!!
본부장님 계약을 파기하겠습니다. (126화/완결),여러분 !! 이거 읽으세요! 이작가님 작품 넘 재미짐요!! 선발대 출발요!
본부장님 계약을 파기하겠습니다. (126화/완결),연재하실때 몰아보려다 못봐서 아쉬웠는데~ 론칭 축하드립니다.^-^ 드라마처럼 눈앞에 그려지는 장면이 꿀잼이예욧!
본부장님 계약을 파기하겠습니다. (126화/완결),오... 순삭 정주행하고 있어요. 재밌네요
