titles,comments
잇자국 (68화/미완결),완결이에요? 아님 아직이에요?
잇자국 (68화/미완결),글 왜 안써요? 기다리고있는데요
잇자국 (68화/미완결),글을 올려줘야 읽죠. 작가님. 계속기다리게하면. 어떻해요
잇자국 (68화/미완결),궁금한데. 다음이야기가요. 얼른올려주세요
잇자국 (68화/미완결),아직도 안 올라왔어ㅠ
잇자국 (68화/미완결),저도 동감이에요. 다 샀고 올라올 때마다 다시 읽으면 되니까 괜찮아요. 연중만 하시지 말아주세요. 완결만 내주세요.
잇자국 (68화/미완결),업뎃 언제되나요...
잇자국 (68화/미완결),전다기억나요ㅋㅋ작가님 천천히 와도 되니깐 끝까지 기억에 남는 작품으로 오기에요~
잇자국 (68화/미완결),"작가님 갠적으로 참 필력이 좋아하는데 2달에 한번 글올리는건 참 아쉽네요ㅜ 연재주기가 워낙 길다보니 거의 취미로 하실수있다고 생각하지만, 이왕 하시는거 완결까지 깔끔하게 마무리 했으면 하는 바램입니다"
잇자국 (68화/미완결),이건 내용 기억하기가 너무 힘드네요... 앞에 거의 까먹었을 때면 올라오고.. 근데 분량은 썩 많지도 않아요ㅠㅠ
잇자국 (68화/미완결),그러게요.
잇자국 (68화/미완결),3개월만에 돌아온거라기엔 너무 짧아요ㅠㅠ
잇자국 (68화/미완결),작가님 아직도 안오시나요..??
잇자국 (68화/미완결),아..........완결이 아니었던거야? 그래서 기다무를 이리 길게 준 것인가
잇자국 (68화/미완결),작가님 매일 기다리고 있어요..
잇자국 (68화/미완결),수많은 뱀파이어물을 봐왔찌만... 가장 맛있는 피가 쾌락일 때 피라니... 자까님 설정 아쥬 좋군여 바로 달릴게요ㅠ
잇자국 (68화/미완결),맞아요 스토리 진행에 방해될만큼 쓸데없는 설명이 너무 많아요 꼼꼼히 읽는편인데 저도 글이 잘 안읽혀서 대충 훑으면서 읽고 있네요
잇자국 (68화/미완결),"그래서, 그래서 어떻게 됐는데여!?!!!"
잇자국 (68화/미완결),주절주절 설명이 너무 길어요 이건 뭐 스토리 진전도 없고 긴박함도 느껴지지도 않고 대충 훑어 읽었음
잇자국 (68화/미완결),맞아요 랜돌프 삭제시켜줘요!
잇자국 (68화/미완결),그래서 리디아는 앞으로도 구박과 눈칫밥을 먹을 예정인가.. 구해줘라 쫌
잇자국 (68화/미완결),허ㅠ 왤케늦게와쓰ㅠㅠ
잇자국 (68화/미완결),방해하면 진짜 뒤통수 앞통수 개쌔게 후려갈긴다
잇자국 (68화/미완결),항상 붙어있어라 1+1처럼ㅋㅋ
잇자국 (68화/미완결),"랜돌프그만보고싶다....매력없는악역,글도잘안읽히고....쩝...하차해야하나..."
잇자국 (68화/미완결),그럼에도사랑에 빠지지..
잇자국 (68화/미완결),랜돌프 저거 원래도 알고있었지만 기본상식도 없고 인성도 쓰레기.. 빨리 리디아 내려놔라
잇자국 (68화/미완결),루시스가 오겠지?
잇자국 (68화/미완결),루시스 이제 어쩔 종족의 원수의 손녀인데
잇자국 (68화/미완결),이집 꾸금 맛집 제대로 하시네 ㅋㅋㅋㅋㅋㅋ와.... 대리만족감 엄청나다 ㅋㅋㅋ
잇자국 (68화/미완결),휴 근친이 아니구나
잇자국 (68화/미완결),이거...근친인가요...?
잇자국 (68화/미완결),심즈같다. 흡혈귀로 변하면 모습이 바뀌는 게
잇자국 (68화/미완결),"안녕하세요, 도서출판 해피북스투유입니다. 스토리라인 재정비로 인하여 <잇자국>은 6/11(목) 휴재입니다. 이용에 참고 부탁드리며 더 재미있는 원고로 찾아뵙겠습니다. 감사합니다."
잇자국 (68화/미완결),단독행동은 안좋은데..ㅠ
잇자국 (68화/미완결),악당놈이넘 비열해요..
잇자국 (68화/미완결),공작님 저놈은 가짜입니다!!!!!
잇자국 (68화/미완결),표지부터 맛집입니다ㅋㅋ
잇자국 (68화/미완결),헐..섹시합니다
잇자국 (68화/미완결),여주한테 신경 쓰면 좋죠. 근데 전 여주가 직접 버티고 싸웠으면 해요.
잇자국 (68화/미완결),리디아가 그 착한 부부의 후손?
잇자국 (68화/미완결),ㅠ여주 불쌍
잇자국 (68화/미완결),아 첨엔 너무 신선했는데. 문장마다 설명이 너무 여러번 반복되어서 급 식네요 ㅎ ㅎ
잇자국 (68화/미완결),여기서 죽자 랜돌프... 아니지 저새끼도 똑같이 심장에 칼을 박아줘야지..
잇자국 (68화/미완결),잠들었어 아근데 랜돌프 좀 치워줘라 ㅠㅠ
잇자국 (68화/미완결),와 친구한텐 복수하고 쥔공들아 행복하자
잇자국 (68화/미완결),기대기대
잇자국 (68화/미완결),넘 조아
잇자국 (68화/미완결),오모 이게 머야 ㅠㅠㅠㅠ 개좋아
잇자국 (68화/미완결),와...짧다...
잇자국 (68화/미완결),"헉헉너무잼서용,,,"
잇자국 (68화/미완결),:D 19세로 가시죠
잇자국 (68화/미완결),아니 피 공급받고 싶음 여주를 안전한 곳에 보호해줘야지 이 멍청아
잇자국 (68화/미완결),"으헉작가님 어서다음편,,,☆"
잇자국 (68화/미완결),뱀파이어물 좋아하는데 여주 처한 환경이 너무 불쌍해서 해결방법도 별로 없고 저 생활이 계속 반복될것 같아서리... 피는 계속 공급해줘야하고 정신을 잃고 안겨서 오면 동료들한테 핍박 받고 그새끼한테 복수할 방법도 없고 자신이 그집 딸이라는 증거도 뺏겨서 없는...
잇자국 (68화/미완결),린정 댓글달시간도없음
잇자국 (68화/미완결),랜돌프 꺼져!!!!
잇자국 (68화/미완결),안돼! 너무 짧아요 으허어엉ㅇ
잇자국 (68화/미완결),너무 몰입도가 쎄서 그런걸수도..?
잇자국 (68화/미완결),과연 죽일수 있을까?다시 생각해보는게 어떨까^^그러다 니가 죽는다
잇자국 (68화/미완결),방해하면 진찌 죽여버린다
잇자국 (68화/미완결),피를 받았기에 상처도 바로바로~
잇자국 (68화/미완결),근데 너무 짧은거 같은 느낌이
잇자국 (68화/미완결),선생님 만수무강하시고 19금 블로그에라도 올려주시면 동서남북 한번씩 절하겠습니다
잇자국 (68화/미완결),재밌어요~~
잇자국 (68화/미완결),아주 조금만 더 길었으면 좋았을거같네요 그러니까 별점은 10점
잇자국 (68화/미완결),랜돌프와 리디아가 언제쯤 만나게 될까요.. 랜돌프가 리디아를 또 죽이려 할까 걱정입니다..
잇자국 (68화/미완결),첨인데 좀 살살 해주지.. ㅋㅋㅋ
잇자국 (68화/미완결),랜돌프... 찌구리 있어야는데.. 너 방해하믄 혼난다~~
잇자국 (68화/미완결),피가 그리 넘쳐나게 달콤하다면 다른이랑은 다르게 피가 힘이 있나?ㅋㅋ 므흣한 시간이 다가옵니다~~^^
잇자국 (68화/미완결),자신의 욕심으로 친구를 죽이다니..
잇자국 (68화/미완결),이렇게 만남이~~~ 복수를 도와줄라나~~^^
잇자국 (68화/미완결),기대가 뿜뿜 넘칩니다~~^^
잇자국 (68화/미완결),뱀파이어 피를 먹었으니 당연히 그럴수밖에..
잇자국 (68화/미완결),"내가 빨려 들어가고 있어,,,,!"
잇자국 (68화/미완결),많이올려주세요.볼사람은봐요...
잇자국 (68화/미완결),두근두근
잇자국 (68화/미완결),갠적으로 뱀파이어물 좋아해서 기쁜마음으로 고고~~
잇자국 (68화/미완결),작가님 부지런히 올려주세요 ㅋㅋ 쿠키 구워요
잇자국 (68화/미완결),너무 재밌어요 작가님ㅠ
잇자국 (68화/미완결),너무 짧아요ㅠㅠㅠ 다음편 주세요
잇자국 (68화/미완결),키스씬 미쳤다ㅏㅏㅏㅏㅏㅏㅏㅏㅏㅏㅏㅏㅏ
잇자국 (68화/미완결),와우 뱀파이어라 무척 재밌을것같고 흥미롭네요♡
잇자국 (68화/미완결),"키스 마크(?? ,"
잇자국 (68화/미완결),작가님 19세 어떠세요 전 너무 괜찮은데ㅔ
잇자국 (68화/미완결),어머어머어머어모나 대박대박 완전 내취향이제부터 내꿈은 파티시에다.....
잇자국 (68화/미완결),너무 짧아요 ㅠㅠ 쿠키는 준비되어 있으니 더많이 올려주세요!!!!!
잇자국 (68화/미완결),ㄷㄷ 분위기 무엇.. 명작 느낌 나네요
잇자국 (68화/미완결),미투ㅋ
잇자국 (68화/미완결),표지 보고옴 ㅋ
잇자국 (68화/미완결),수많은 뱀파이어물을 봐왔찌만... 가장 맛있는 피가 쾌락일 때 피라니... 자까님 설정 아쥬 좋군여 바로 달릴게요ㅠ
잇자국 (68화/미완결),맞아요 스토리 진행에 방해될만큼 쓸데없는 설명이 너무 많아요 꼼꼼히 읽는편인데 저도 글이 잘 안읽혀서 대충 훑으면서 읽고 있네요
잇자국 (68화/미완결),"그래서, 그래서 어떻게 됐는데여!?!!!"
잇자국 (68화/미완결),주절주절 설명이 너무 길어요 이건 뭐 스토리 진전도 없고 긴박함도 느껴지지도 않고 대충 훑어 읽었음
잇자국 (68화/미완결),맞아요 랜돌프 삭제시켜줘요!
잇자국 (68화/미완결),그래서 리디아는 앞으로도 구박과 눈칫밥을 먹을 예정인가.. 구해줘라 쫌
잇자국 (68화/미완결),허ㅠ 왤케늦게와쓰ㅠㅠ
잇자국 (68화/미완결),방해하면 진짜 뒤통수 앞통수 개쌔게 후려갈긴다
잇자국 (68화/미완결),항상 붙어있어라 1+1처럼ㅋㅋ
잇자국 (68화/미완결),"랜돌프그만보고싶다....매력없는악역,글도잘안읽히고....쩝...하차해야하나..."
잇자국 (68화/미완결),그럼에도사랑에 빠지지..
잇자국 (68화/미완결),랜돌프 저거 원래도 알고있었지만 기본상식도 없고 인성도 쓰레기.. 빨리 리디아 내려놔라
잇자국 (68화/미완결),루시스가 오겠지?
잇자국 (68화/미완결),루시스 이제 어쩔 종족의 원수의 손녀인데
잇자국 (68화/미완결),이집 꾸금 맛집 제대로 하시네 ㅋㅋㅋㅋㅋㅋ와.... 대리만족감 엄청나다 ㅋㅋㅋ
잇자국 (68화/미완결),와 친구한텐 복수하고 쥔공들아 행복하자
잇자국 (68화/미완결),기대기대
잇자국 (68화/미완결),넘 조아
잇자국 (68화/미완결),오모 이게 머야 ㅠㅠㅠㅠ 개좋아
잇자국 (68화/미완결),와...짧다...
잇자국 (68화/미완결),"헉헉너무잼서용,,,"
잇자국 (68화/미완결),:D 19세로 가시죠
잇자국 (68화/미완결),아니 피 공급받고 싶음 여주를 안전한 곳에 보호해줘야지 이 멍청아
잇자국 (68화/미완결),"으헉작가님 어서다음편,,,☆"
잇자국 (68화/미완결),뱀파이어물 좋아하는데 여주 처한 환경이 너무 불쌍해서 해결방법도 별로 없고 저 생활이 계속 반복될것 같아서리... 피는 계속 공급해줘야하고 정신을 잃고 안겨서 오면 동료들한테 핍박 받고 그새끼한테 복수할 방법도 없고 자신이 그집 딸이라는 증거도 뺏겨서 없는...
잇자국 (68화/미완결),린정 댓글달시간도없음
잇자국 (68화/미완결),랜돌프 꺼져!!!!
잇자국 (68화/미완결),안돼! 너무 짧아요 으허어엉ㅇ
잇자국 (68화/미완결),너무 몰입도가 쎄서 그런걸수도..?
잇자국 (68화/미완결),과연 죽일수 있을까?다시 생각해보는게 어떨까^^그러다 니가 죽는다
잇자국 (68화/미완결),방해하면 진찌 죽여버린다
잇자국 (68화/미완결),피를 받았기에 상처도 바로바로~
잇자국 (68화/미완결),근데 너무 짧은거 같은 느낌이
잇자국 (68화/미완결),선생님 만수무강하시고 19금 블로그에라도 올려주시면 동서남북 한번씩 절하겠습니다
잇자국 (68화/미완결),재밌어요~~
잇자국 (68화/미완결),아주 조금만 더 길었으면 좋았을거같네요 그러니까 별점은 10점
잇자국 (68화/미완결),랜돌프와 리디아가 언제쯤 만나게 될까요.. 랜돌프가 리디아를 또 죽이려 할까 걱정입니다..
잇자국 (68화/미완결),첨인데 좀 살살 해주지.. ㅋㅋㅋ
잇자국 (68화/미완결),랜돌프... 찌구리 있어야는데.. 너 방해하믄 혼난다~~
잇자국 (68화/미완결),피가 그리 넘쳐나게 달콤하다면 다른이랑은 다르게 피가 힘이 있나?ㅋㅋ 므흣한 시간이 다가옵니다~~^^
잇자국 (68화/미완결),자신의 욕심으로 친구를 죽이다니..
잇자국 (68화/미완결),이렇게 만남이~~~ 복수를 도와줄라나~~^^
잇자국 (68화/미완결),기대가 뿜뿜 넘칩니다~~^^
잇자국 (68화/미완결),뱀파이어 피를 먹었으니 당연히 그럴수밖에..
잇자국 (68화/미완결),"내가 빨려 들어가고 있어,,,,!"
잇자국 (68화/미완결),많이올려주세요.볼사람은봐요...
잇자국 (68화/미완결),두근두근
잇자국 (68화/미완결),갠적으로 뱀파이어물 좋아해서 기쁜마음으로 고고~~
잇자국 (68화/미완결),작가님 부지런히 올려주세요 ㅋㅋ 쿠키 구워요
잇자국 (68화/미완결),너무 재밌어요 작가님ㅠ
잇자국 (68화/미완결),너무 짧아요ㅠㅠㅠ 다음편 주세요
잇자국 (68화/미완결),키스씬 미쳤다ㅏㅏㅏㅏㅏㅏㅏㅏㅏㅏㅏㅏㅏ
잇자국 (68화/미완결),와우 뱀파이어라 무척 재밌을것같고 흥미롭네요♡
잇자국 (68화/미완결),"키스 마크(?? ,"
잇자국 (68화/미완결),작가님 19세 어떠세요 전 너무 괜찮은데ㅔ
잇자국 (68화/미완결),어머어머어머어모나 대박대박 완전 내취향이제부터 내꿈은 파티시에다.....
잇자국 (68화/미완결),너무 짧아요 ㅠㅠ 쿠키는 준비되어 있으니 더많이 올려주세요!!!!!
잇자국 (68화/미완결),ㄷㄷ 분위기 무엇.. 명작 느낌 나네요
잇자국 (68화/미완결),미투ㅋ
잇자국 (68화/미완결),표지 보고옴 ㅋ
