titles,comments
역방향 사슬 (153화/완결),세게스 할아버지... 참... 고생하십니다ㅠㅠ
역방향 사슬 (153화/완결),맞아 사랑이네... 몸 빼앗기고나서 사하르를 못 볼 수도 있다 생각하니 각성했나 보네ㅋㅋ
역방향 사슬 (153화/완결),아이고 귀엽다
역방향 사슬 (153화/완결),아 너무 좋아 작가님 신작이라니
역방향 사슬 (153화/완결),이왕이면 제가 보는 곳에서.
역방향 사슬 (153화/완결),용의 분노를 사면 데려가봤자 무용하지않나
역방향 사슬 (153화/완결),돌체님은 믿고 봅니다
역방향 사슬 (153화/완결),정말 풋풋하네요
역방향 사슬 (153화/완결),꽁냥꽁냥 ㅋㅋ
역방향 사슬 (153화/완결),정말 세심한 용이죠. 나중엔 편집증적로 세심한 용이죠. ㅋㅋ
역방향 사슬 (153화/완결),팥쥐만큼 못된 형제
역방향 사슬 (153화/완결),남주 찌질한데 서사가 너무 재밌어서 납득하고 봅니다 여주도 너무 귀여워요
역방향 사슬 (153화/완결),시리즈 댓글 처음 써요ㅋㅋㅋ 어제 발견하고 이틀동안 완결까지 달렸어요! 마냥 선하지는 않지만 그래서 더 서로를 오롯이 아끼는 사하르와 로넨이 마음에 남는 소설입니다. 진짜 재밌게 봤어요 소장권으로 다 질렀는데 후회 없어요! 감사합니다 + 엔리케 이름은 모티브가 뭔가요? 항해왕 엔리케 생각하면서 읽었는데ㅋㅋㅋㅋ 궁금해요
역방향 사슬 (153화/완결),엔리케가 만들었을 것 같은데
역방향 사슬 (153화/완결),사하르 생각보다 잘하네요
역방향 사슬 (153화/완결),소문이 망할것같다는 느낌이 드네요
역방향 사슬 (153화/완결),너무귀여워요ㅋㅋㅋ 전략인지 뭔지 자기가 더 불안해하는 로넨과 청산유수 사하르
역방향 사슬 (153화/완결),아 남주 너무나 무매력
역방향 사슬 (153화/완결),사랑이네...♡...
역방향 사슬 (153화/완결),시리즈 런칭 축하드려요!! ㅈㅇㄹ에서 정말 재미있게 봤는데 다시 보려니 고구마가 장난아니네요... 그래도 고구마의 끝을 알고 있으니 머리붙잡고 버텨봅니다...... 우리 이쁜이들이 어떻게 행복해질지 결말이 궁금했는데 외전까지 있어서 기뻐요 이대로 끝까지 쭉쭉 달려보겠습니다~!!
역방향 사슬 (153화/완결),와..
역방향 사슬 (153화/완결),둘 다 앞으로도 영원히 행복해~!!!!!
역방향 사슬 (153화/완결),어머어머~~
역방향 사슬 (153화/완결),사하르 라떼 시전ㅋㅋㅋㅋㅋㅋㅋㅋㅋㅋㅋㅋ
역방향 사슬 (153화/완결),용이 너무 인간같잖아
역방향 사슬 (153화/완결),오…!!
역방향 사슬 (153화/완결),한쪽은 유일한 과거에 머물고 다른 한쪽은 현재에 충실한 모습 같네요. 그래서 그런지 개인적으로 전자는 떨떠름하면서도… 모순적이고 불완전한 상태인 게 가여워 보이기도 해요. 정보를 어느 정도는 알고 있는 제3자의 시선이라 그런 거겠죠. 반면에 후자는 지금 이 순간을 걸어가는 방법을 알기에 자신이 바라는 목표를 향해 나아갈 수 있겠구나 싶고요. 초월적 혹은 찬미 받는 존재의 인간적 면모…. 어서 다음 편을 읽어봐야겠어요.
역방향 사슬 (153화/완결),둘다 진짜 귀엽다… 행복했으면 좋겠다…
역방향 사슬 (153화/완결),히야…👏🏻👏🏻
역방향 사슬 (153화/완결),아 너무 좋아요 감정선 묘사 최고된다
역방향 사슬 (153화/완결),둘다 귀여워요
역방향 사슬 (153화/완결),아 여기 다시 봐도 재밌어요 레티샤ㅋㅋㅋㅋㅋㅋㅋ
역방향 사슬 (153화/완결),오 여기서 론칭하셨군요..! 최강 용 사하르랑 소심 왕자 로넨 다시 보게 돼서 반가워요~
역방향 사슬 (153화/완결),로넨 진짜 기죽어서 살았네 자존감이 자라날 수가 없는 환경이겠다
역방향 사슬 (153화/완결),오예 외전!!!!!
역방향 사슬 (153화/완결),존버는 승리해요 드디어 본다 드디어
여배우의 비서 계약 [단행본] (3권/완결),잘읽었어요
여배우의 비서 계약 [단행본] (3권/완결),아직 읽어보지는 않았는데 일단 다 구매했습니다.. 잘읽을게요
뜨겁거나 혹은 차갑거나 (82화/완결),ㅋㅋㅋ 귀엽네 도이
뜨겁거나 혹은 차갑거나 (82화/완결),클린봇이 부적절한 표현을 감지한 댓글입니다.
뜨겁거나 혹은 차갑거나 (82화/완결),아앗 오피스 허즈번드 작가님... 정주행갑니다
"봄, 너로 가득해서 [단행본] (2권/완결)",진짜 힐링되는 소설이에요자극적인 요소 하나 없고 빌런도 없고 둘이 서로에게 스며드는 과정이 너무 예쁘고 따뜻해요 일상같은 소설..^^
불씨 [단행본] (2권/완결),성준이랑 유미편도 써주세요
"집착의 봄, 나는 떠났다 [단행본] (4권/완결)",와~~ 진짜 재미있게 읽었어요. 정말 글을 잘 쓰세요. 네오와 디안의 사랑이 애잔하고 깊어요~ 달라온의 잘못 된 사랑의 댓가가 당연하기도 하지만 안타깝기도 하고 슬프네요. 그치만 결국 네오와 디안의 핏줄인 아들한테 용서를 받은 듯 하네요 .
"집착의 봄, 나는 떠났다 [단행본] (4권/완결)",솔직하게 말하면 아쉬워요 몰입감있었지만 결말이 많이 허무하게 끝나버려서 마무리가 이상하게 흘러간것같은 기분이라고 할지...음 오해도 못풀고 끝나것같은 기분으로 마무리 된것같습니다.
적기사는 눈먼 돈을 좇지 않는다 (156화/완결),헝헝헝 데샹 살았어ㅠㅠㅠㅠㅠㅠㅠㅠㅠㅠ
적기사는 눈먼 돈을 좇지 않는다 (156화/완결),드디어ㅠㅠㅠㅠㅠ
적기사는 눈먼 돈을 좇지 않는다 (156화/완결),우와 이 명작에 댓글이 없어.
적기사는 눈먼 돈을 좇지 않는다 (156화/완결),입에침좀 잘바르네?ㅋㅋㅋㅋㅋ
적기사는 눈먼 돈을 좇지 않는다 (156화/완결),감동...티아라보다 가치있는 가공석. 유디트 행복해라
적기사는 눈먼 돈을 좇지 않는다 (156화/완결),존잼
적기사는 눈먼 돈을 좇지 않는다 (156화/완결),마지막까지 너무 즐겁게 잘 읽었어요! 유디트를 비롯한 많은 캐릭터들이 넘 매력있어서 끝이 너무 아쉽네요ㅠㅠ 차기작 기다릴게요 작가님!
적기사는 눈먼 돈을 좇지 않는다 (156화/완결),으이구으이구으이구(찰싹찰싹)
적기사는 눈먼 돈을 좇지 않는다 (156화/완결),크ㅠㅠ짜릿하다ㅠㅠㅠㅠㅠㅠㅠ이맛에 소설읽죠ㅠㅠ
적기사는 눈먼 돈을 좇지 않는다 (156화/완결),ㅋㅋㅋ신실한 또라잌ㅋㅋㅋㅋㅋㅋㅋㅋㅋ캐릭터 좋네욬ㅋㅋㅋ
적기사는 눈먼 돈을 좇지 않는다 (156화/완결),아 너무 귀여운데..입꼬리가 안내려가는데 큰일이네
적기사는 눈먼 돈을 좇지 않는다 (156화/완결),순식간에 33화까지 왔는데 댓글이 없다니ㅠㅠ!! 유디트의 마지막 말이 좋아서 댓글달러 왔어요!ㅋㅋㅋㅋ유디트의 자세 너무 좋습니다!ㅋㅋㅋㅋㅋㅋ
적기사는 눈먼 돈을 좇지 않는다 (156화/완결),ㅋㅋㅋ 나도 끼워줘~
적기사는 눈먼 돈을 좇지 않는다 (156화/완결),전 이 글을 읽으면서 이번 편이 제일 좋았어요
적기사는 눈먼 돈을 좇지 않는다 (156화/완결),데샹 안돼에에
적기사는 눈먼 돈을 좇지 않는다 (156화/완결),찌질한데.. 불쌍하기도 하고... 칼리파만 안됏네
적기사는 눈먼 돈을 좇지 않는다 (156화/완결),잘한다 기류!!
적기사는 눈먼 돈을 좇지 않는다 (156화/완결),나이스 기류!!
적기사는 눈먼 돈을 좇지 않는다 (156화/완결),이놈 응원 철회다
적기사는 눈먼 돈을 좇지 않는다 (156화/완결),기류 귀엽다 힘내!!!
적기사는 눈먼 돈을 좇지 않는다 (156화/완결),잘 봤습니다 유디트 덕에 행복했어요
적기사는 눈먼 돈을 좇지 않는다 (156화/완결),진심 육성으로 소리질렀넼ㅋㅋㅋ
적기사는 눈먼 돈을 좇지 않는다 (156화/완결),미친...ㅜㅠ눈물찡하네 진짜....안타깝다 유디트..
적기사는 눈먼 돈을 좇지 않는다 (156화/완결),아니 제르멜이 에드워드 황자를 미는걸 알고 있으면 둘이 손잡았을거라는 연결이 안되나..? 애초에 제르멜이 사주해서 죽였던 인물들만 유추해봐도 어느정도 답 보이겠다..;; 얻는게 뭐겠냐고....왜 모르지..?
적기사는 눈먼 돈을 좇지 않는다 (156화/완결),그러게 왜그랬어어어어어어어어 유디트 안습
적기사는 눈먼 돈을 좇지 않는다 (156화/완결),달달하다~
적기사는 눈먼 돈을 좇지 않는다 (156화/완결),ㅇㄴ 기류 너무 귀여워...
적기사는 눈먼 돈을 좇지 않는다 (156화/완결),위급한 와중에 티카티카....현실이냐.ㅋ
적기사는 눈먼 돈을 좇지 않는다 (156화/완결),큰 기대없이 보기 시작했는데.. 외전까지 쉬지 않고 봤어요ㅎㅎ 재미있게 잘 보았습니다~~
적기사는 눈먼 돈을 좇지 않는다 (156화/완결),재밌게 잘 봤습니다~*
적기사는 눈먼 돈을 좇지 않는다 (156화/완결),오 속이 시원하네요 제르멜 잘가~~다신 보지말자
적기사는 눈먼 돈을 좇지 않는다 (156화/완결),웹툰으로 36화까지 보고 왔는데 소설로는 몇 화부터인가요?ㅜㅜ
적기사는 눈먼 돈을 좇지 않는다 (156화/완결),"ㅋㅋㅋ 긴장해도 할말은 다 하고마는 유디트, 매력적이에요^^"
적기사는 눈먼 돈을 좇지 않는다 (156화/완결),너무나 존잼ㅠㅠ!!!
적기사는 눈먼 돈을 좇지 않는다 (156화/완결),이런.... 너무멋있어 너무재밌어......
적기사는 눈먼 돈을 좇지 않는다 (156화/완결),ㄷㄷ유디트 넘 좋아 천재고양이
적기사는 눈먼 돈을 좇지 않는다 (156화/완결),덜덜... 너무 재밌다 언어능력 다 상실됨 너무 재밌다는말만 고장난 테이프마냥 하고있는 중 너무 즐겁다... 화별로 있는게 1일에 딱 들어와서 지금 볼 수 있다는 게 넘 행복하고 즐겁다.... 와방 재밌다
적기사는 눈먼 돈을 좇지 않는다 (156화/완결),재밋다...
잘 살아보세 (189화/완결),이거 돈주고 보는거 돈낭비임
잘 살아보세 (189화/완결),남들은 정확한 위치를 알아도 찾지 못하는 금괴를 생고생해서 찾아서는 국가에 유물신고를 한다는게 정상인가요? 나만 도둑놈 심보인가? 앞으로 주인공이 조금의 불법 이라도 저질러 돈을 번다면 글쓴님은 긴장하셔야합니다 고발할꼬야~^^ 능력이 있으면 뭐하나.. 그냥 취직하거나 노가다해서 착실히 돈 모으세요 주인공님. 은행에 저축도 하시고요 (--)
잘 살아보세 (189화/완결),이런 답답한 인간들이 있나?주인이 있는것도 아니 100여년이 지난 금괴를 ..주인 찾아줘야한다는 아버지나 그런 아버지를 존경한다는 주인공이나.. 하..속이 천불난다..화이야~🔥
잘 살아보세 (189화/완결),잔잔한 글 전개가 즐겁네요잔인하고 우울한 거친 삶이아니 그저 그런 일상인듯 흘러가는 스토리 면서도 지겹지않고 재미납니다. 좋은 글 감사드립니다. 근데 이해가 가지 않는 대목이 있네요. 설영..여동생과 자신에게 구명의 은인인 주인공인데 감사는 커녕 의심하고 별의미도 없이 대하는게 정상적인 설정인가요? 글쓴이의 의도는 무엇인지..나만 이상하게 생각하는지 모르겠네요. 상식적이지 않는 인간관계.. 읽을수록 가슴이 답답하네요 주인공은 왜 뻘짓을 하고도 감사하지않는 설영을 대수롭지않게 대하고.. 뭔가 부조화적인 인간들을 보니 아..숨이 막히..헉~!!!나 죽네요..-.-)
잘 살아보세 (189화/완결),문화재와 보물에 대한 포상은 달라요.
잘 살아보세 (189화/완결),그다지ㅣ현판이 아닌것
잘 살아보세 (189화/완결),아버지는 주인공에게나 아버지인 거지 모두의 아버지는 아닐 텐데 일반 묘사에서도 아버지라니...저 사람은 객체로서 존재가 없나 싶네요 이름을 지어줬으면 좋았을걸.....
잘 살아보세 (189화/완결),클린봇이 부적절한 표현을 감지한 댓글입니다.
잘 살아보세 (189화/완결),아이고야 아직도 이런 씨레기들이돌아다니고있네ㅉㅉ
잘 살아보세 (189화/완결),머지 이런 허술한 …쥔공은
잘 살아보세 (189화/완결),출발
환생자 (174화/완결),댓글이 없을정도인가보네 피하는게 답일듯
환생자 (174화/완결),완전 썩었네
환생자 (174화/완결),출발
삼국지 천룡전 (154화/완결),역사와는 정말다르다 ㅡㅡ니쪼대로쓰면서 그게아닌것처럼써제끼네
삼국지 천룡전 (154화/완결),클린봇이 부적절한 표현을 감지한 댓글입니다.
삼국지 천룡전 (154화/완결),읽어갈수록 이해가 안되는 상황이 발생
삼국지 천룡전 (154화/완결),작가가 뜬금포를 좋아하는군
삼국지 천룡전 (154화/완결),관도대전은 주인공이 생각하던 80만대 15만은 소설속 뻥이고 실제론 10만대 4-5만이란게 정설입니다.
삼국지 천룡전 (154화/완결),이럴거면 왜 선비족 스타팅한거지
삼국지 천룡전 (154화/완결),괜찮은 소설이었는데 급전개 마무리뭐죠...? 후반에 쓰기 귀찮아지셨어요?
삼국지 천룡전 (154화/완결),저렇게 유약한! 여포가 전쟁터에서 활약하고 또 양부의 목을 땄다구요? 자기가 죽여버린 병사 하나하나의 인생사를 슬퍼하며 죄책감 느낄 기세인데요 ㅎㅎㅎㅎ
삼국지 천룡전 (154화/완결),다잘사는 세상 한마디에 응 나 니 동료 이런건 아 좀;;;세상에 이상론자들이 일케 많았나요 전체적으로 무난히 읽히고 큰 무리없이 스토리는 진행되고 있긴 하지만 코어로 삼으셨던 이상주의적 대의가 저렇게 많은 그리고 공교럽게도 역사적으로 두각을 나타낸 인물들을 합류시키는 부분이 어색하긴 합니다
삼국지 천룡전 (154화/완결),삼국지의 틀만 가져오고 캐릭터들은 소설적 허구로 채우신건 충분히 이해할 수 있죠하지만 시대를 뛰어넘은 사상을 일반 병사들까지 받아들이는 이상적인 동탁군은 역시 무리수가 좀 있다고 생각하며 이각곽사후성 등 악역을 맡은 인물들과 고순장료여포등 쥔공편의 인물들이 같은 시대의 장수라고 하기엔 너무 괴리감이 크다 싶어요 병사들도 동탁의 노예해방 대의를 알고 따른다고 서술하셨는데 그 장군들이 미인계에 동탁을 치다뇨... 그럴만한 애들을 장수로 델고있는 동탁이유의 안목도 설명하기 어렵네요 정원 죽이고 낙담에 빠진 여포도 사실 이해가 안갈정도로 미화를 하셨는데 뭔가 오글거리는 감성이죠?
삼국지 천룡전 (154화/완결),1800년 전에 노비해방이라 그것도 기득권의 세력약화가 아니라 기본인권 이유로?뭐 선각자가 있을수도 있겠지만 그게 동탁이라는건 조금많이 무리수가 아닐까요? 시대사상 자체를 뛰어넘는건데 글쎄요 싶긴 합니다 정치적 의도도 아니고 노비의 전면적 해방을 말하기에는 사회적 인식이 많이 부족할텐데 말이죠 기득권의 반발은 제쳐두고서라도요
삼국지 천룡전 (154화/완결),공손찬은 저 자리에 없었다고 합니다
삼국지 천룡전 (154화/완결),개혁자일수도 있긴하지 역사는 승자의기록이니까
삼국지 천룡전 (154화/완결),초선은 실재가 아닌 허구의 인물인데 동탁이랑 초선의 설정을 비틀어서 소설을 전OOO려는 건가?
삼국지 천룡전 (154화/완결),선비족이면 난이도가 높네
삼국지 천룡전 (154화/완결),차라리 바위를 날려~;;
삼국지 천룡전 (154화/완결),ㅉ 귀큰넘..
삼국지 천룡전 (154화/완결),황제는 도장(?)찍는 기계였다는 후문이..
삼국지 천룡전 (154화/완결),인재 수집의 재미 ..를 모르는 놈일세삼국지 하믄 딱~!ㅋㅋ
삼국지 천룡전 (154화/완결),금마초야...여기까지다 쥭을래? 끓을래?
삼국지 천룡전 (154화/완결),날로 먹겠네 근데 빵덕이는
삼국지 천룡전 (154화/완결),코로나 바이러스 의 원조!!가..
삼국지 천룡전 (154화/완결),아니 퇴가하는 애들 쳐다보고만 있으면 머해~ 쫒아가 쳐야 후환을 없애야지
삼국지 천룡전 (154화/완결),그러고보니 그 흑산적 항복한 애덜(?) 8만 ? 장료 보고 장안으로 올려보내지 않았음? 본대보다 빨리 도착하지않나
삼국지 천룡전 (154화/완결),"쥔공 이 전략.전술 밝은걸 떠나서,만인지적 여포 도 있고, 자칭 여포에 버금가는? 단가 그 외 서황.장료.고순.화웅. 등등을 데리고 비록 숫자의 차이가 난다지만.. 겁이 많은거냐? 조심스러운 게 냐? ㅎ"
삼국지 천룡전 (154화/완결),여 장군 . 총명 총명~ 돌아와 우울증은 그만~ㅎ
삼국지 천룡전 (154화/완결),자꾸 무신 여포의 쌍벽을 이루는 무력을 왜 썩히누ㅡ 이번에도 뒷짐지고 있을건가~?
삼국지 천룡전 (154화/완결),만인적
삼국지 천룡전 (154화/완결),고.구.마 란 이런건가
삼국지 천룡전 (154화/완결),아 썩을 고구마네~
삼국지 천룡전 (154화/완결),1석 3조인가~?ㅋ 저렇게 훼이크 주고 오늘도 시체를 치우겠지 .? 그 잠깐의 방심을 ..치고 들어가나
삼국지 천룡전 (154화/완결),여포 낙양 갔니? 이각 목 따러~ 근데 가후는? 어딨는교
삼국지 천룡전 (154화/완결),시기가 빨 라졌어.. 벌써 동마왕이 죽고
삼국지 천룡전 (154화/완결),누가? 사도 왕윤이?
삼국지 천룡전 (154화/완결),ㅌㅏ도 동마왕 연합 에 공손찬이 있었던가~?ㅎ
삼국지 천룡전 (154화/완결),왕윤 천룡에게도 미인계 쓰려고 보여주는거 보소~ 여포 가 그러했듯 ..쥔공 은 안넘어가겠지
삼국지 천룡전 (154화/완결),동마왕이!? 안돼 ~ 밑에 있으면서 가후랑 여포랑 군사좀 빼돌려서 군주가되어야지
삼국지 천룡전 (154화/완결),"쥔공이 모사 ,책사 인거냐?호쾌 상쾌 통쾌 무장스타일이 조은디 쩝"
삼국지 천룡전 (154화/완결),이야~ 동네형이 여포야~!!?
삼국지 천룡전 (154화/완결),첨부터 끝가지다봣는데 진짜 돈주고본작품중에 최악인거같네요 초반에 동탁을 개혁자로 묘사하면서 흥미진진하게 풀어간다싶더니 앞뒤내용도안맞고 마지막에는그냥 후루룹 잡수셧던데 마등한수 때려잡는데는 엄청 길게쓰고 유비 조조 원소 손견 등등 유명한군웅은 5화도안되서때려잡구 다들이거보고 후퇴하시길
삼국지 천룡전 (154화/완결),곁에 여포가 없고 주인공을 아껴해서 죽였나?
삼국지 천룡전 (154화/완결),?
삼국지 천룡전 (154화/완결),여포 스승 아들이면 궁금할만하다
삼국지 천룡전 (154화/완결),여기선 개혁자 동탁이네
삼국지 천룡전 (154화/완결),그러고 보니 단석괴가 있었네 선비족으론
삼국지 천룡전 (154화/완결),사람이름이 천룡??ㅋㅋㅋㅋ
