titles,comments
삭제 (96화/완결),나쁜ㅅ..
삭제 (96화/완결),사연이 너무궁금하네요승조랑 깊은관계였을듯~
삭제 (96화/완결),뭐야..지가치라해놓고 열등감에 ㅠㅠㅠㅠㅠ
삭제 (96화/완결),이 서사로는 재준이가 남주였어야 하는데..섭남이라니.. ㅜㅋㅋㅋㄱ
삭제 (96화/완결),2번째 ᆢᆢ 자야하는데~~다음 이야기도 다 아는데 자꾸 다음편으로 넘어가요
삭제 (96화/완결),승조와 다현의 깊은사랑에 울렁거리는 가슴으로 오랫만의 모립되어 울어도 보고 미소도 지어보고 작가님 감사해요 좋은글 앞으로 승승장구 하세요 서아같은 딸 소원이었는데 아들만 둘이네요 감사하지만 ...^^
삭제 (96화/완결),겹치고 뻔한 여타의 작품과 확연히 구별되는 첫 시작 기대 만빵입니다. 10시 무료이벤트 시작해 주세요
삭제 (96화/완결),너무 재미있게봤습니다 승조가 표정도적고 감정표현도적은 캐릭터인데도 감정선이너무잘표현되어서 좋았어요작가님다른작품도 기대하겠습니당
삭제 (96화/완결),다현이 계략녀 ㅋㅋㅋㅋㅋㅋㅋㅋㅋ
삭제 (96화/완결),서아 너무 귀엽고 이쁘다 ㅠㅠ
삭제 (96화/완결),아 ㅠㅠ승조다현이 서아까지너무행복해보여서 너무좋당
삭제 (96화/완결),고민말고 고 하라구 다현아 승조 그정도면 많이굴럿지.
삭제 (96화/완결),다현이가 6년간의기억을 다시기억해내면좋게따
삭제 (96화/완결),승조 잠도못자고 진짜 옆구르기 ㅠㅠㅠ데굴데굴구르는구나
삭제 (96화/완결),ㅠㅠ흐앙 뒷구르기승조
삭제 (96화/완결),행복해요😍
삭제 (96화/완결),이렇게 한숨간에…ㅠ ㅠ 이제 다 잊고 다시 시작이겠네요
삭제 (96화/완결),다현일 저렇게 만든게 승조였다니 ㅠ ㅠ
삭제 (96화/완결),아이고..ㅠ ㅠ
삭제 (96화/완결),흑 너무 이뻐 ㅠ ㅠ 모두 다..세상에 승조는 그간 얼마나 수절을 했을까요😂
삭제 (96화/완결),그렇게 애를 낳고 싹 잊었다고??? ㅠ ㅠ
삭제 (96화/완결),재준이 마음도 이해는 가지만 ㅠ ㅠ 나쁘다 너.. 그래놓고 지금…
삭제 (96화/완결),나쁜 어른이 천지네요 ㅠ ㅠ
삭제 (96화/완결),진짜 재밋어요~^^댓글 남길틈이 없나봐요~
삭제 (96화/완결),지금 승조가 엄청 질투나지만 겨우 참고있나봐요.. 어쩌다 아이 낳은것까지 잊었을까요.. 피아니스트 친구는 출산에 관해 아는 눈치고.. 재벌가이니 집에서 뭔가 훼방을 놓았을까 ㅠ ㅠ
삭제 (96화/완결),'삭제' 몰입해서 재미나게 잘읽었습니다. 한동안 똑똑하고 귀여운 서아가 계속 생각날듯 합니다. 작가님 감사합니다.
삭제 (96화/완결),매 화 마다 댓글을 달고 싶을 정도로 재미있게 읽고 있는데 재미난 작품에 비해 댓글이 넘 없어 안타까워요^^;; 승조와 다현 사이에 무슨 사연이 있는건지 계~속 고고씽 합니다~~~~~
삭제 (96화/완결),글도 매끄러워 읽기 편하고 내용도 뒷이야기가 궁금해 재미나네 잘읽고있어요 서아 넘 귀엽네요 계속 잘읽겠습니다~~
삭제 (96화/완결),으앙~넘 슬퍼요.수아는 어쩜 저렇게나 ...어린 수아의 맘고생이 막 느껴져서 마음이 ...저릿하네요.맞아 혼란스럽겠지.
삭제 (96화/완결),작가님 작품 오랜만이네요. 주인공들 배경이나 스토리는 다른 얘기들과 비슷했지만 기억을 잃어버린 다른 관점에서 풀어나가는 과정이 인상적이었기에 꽤 재밌었어요. 평점이 다소 낮은듯 싶어요.
삭제 (96화/완결),나머지도 다 구워야겠어요~ 저는 너무 재미있게 보고있어요^^ 이정도면 TOP10 안에 드네요 쿠키 아깝지 않습니다^^
삭제 (96화/완결),충분히 재미 있어요~~ 쿠키 충전했네요^^ 댓글이 왜 없지? 궁금할만큼 잼떠요 아직은 쿠키 구운거 아깝지 않아요 우선 반만 구웠는데 ~ 반 읽어보고 다시 쿠키 굽게될때 댓글 남길께요 아직은 후회없이 재미있게 읽고있어욤^^
삭제 (96화/완결),다현이 서아 엄마일거 같은데 …
삭제 (96화/완결),행복해요😍
삭제 (96화/완결),이렇게 한숨간에…ㅠ ㅠ 이제 다 잊고 다시 시작이겠네요
삭제 (96화/완결),다현일 저렇게 만든게 승조였다니 ㅠ ㅠ
삭제 (96화/완결),아이고..ㅠ ㅠ
삭제 (96화/완결),흑 너무 이뻐 ㅠ ㅠ 모두 다..세상에 승조는 그간 얼마나 수절을 했을까요😂
삭제 (96화/완결),그렇게 애를 낳고 싹 잊었다고??? ㅠ ㅠ
삭제 (96화/완결),재준이 마음도 이해는 가지만 ㅠ ㅠ 나쁘다 너.. 그래놓고 지금…
삭제 (96화/완결),나쁜 어른이 천지네요 ㅠ ㅠ
삭제 (96화/완결),진짜 재밋어요~^^댓글 남길틈이 없나봐요~
삭제 (96화/완결),지금 승조가 엄청 질투나지만 겨우 참고있나봐요.. 어쩌다 아이 낳은것까지 잊었을까요.. 피아니스트 친구는 출산에 관해 아는 눈치고.. 재벌가이니 집에서 뭔가 훼방을 놓았을까 ㅠ ㅠ
삭제 (96화/완결),'삭제' 몰입해서 재미나게 잘읽었습니다. 한동안 똑똑하고 귀여운 서아가 계속 생각날듯 합니다. 작가님 감사합니다.
삭제 (96화/완결),매 화 마다 댓글을 달고 싶을 정도로 재미있게 읽고 있는데 재미난 작품에 비해 댓글이 넘 없어 안타까워요^^;; 승조와 다현 사이에 무슨 사연이 있는건지 계~속 고고씽 합니다~~~~~
삭제 (96화/완결),글도 매끄러워 읽기 편하고 내용도 뒷이야기가 궁금해 재미나네 잘읽고있어요 서아 넘 귀엽네요 계속 잘읽겠습니다~~
삭제 (96화/완결),으앙~넘 슬퍼요.수아는 어쩜 저렇게나 ...어린 수아의 맘고생이 막 느껴져서 마음이 ...저릿하네요.맞아 혼란스럽겠지.
삭제 (96화/완결),작가님 작품 오랜만이네요. 주인공들 배경이나 스토리는 다른 얘기들과 비슷했지만 기억을 잃어버린 다른 관점에서 풀어나가는 과정이 인상적이었기에 꽤 재밌었어요. 평점이 다소 낮은듯 싶어요.
삭제 (96화/완결),나머지도 다 구워야겠어요~ 저는 너무 재미있게 보고있어요^^ 이정도면 TOP10 안에 드네요 쿠키 아깝지 않습니다^^
삭제 (96화/완결),충분히 재미 있어요~~ 쿠키 충전했네요^^ 댓글이 왜 없지? 궁금할만큼 잼떠요 아직은 쿠키 구운거 아깝지 않아요 우선 반만 구웠는데 ~ 반 읽어보고 다시 쿠키 굽게될때 댓글 남길께요 아직은 후회없이 재미있게 읽고있어욤^^
삭제 (96화/완결),다현이 서아 엄마일거 같은데 …
향기 속으로 [단행본] (3권/완결),잘 읽고있는데 갑자기 끝ㅡㅡ마무리 잘 쓰시다가 갑자기 배가아파 화장실 가려 급 마무리한듯;;;
동거남이 향긋해서 (63화/완결),이제 마음만 맞음 되겠다
동거남이 향긋해서 (63화/완결),요섹남이구나 지혁이는
동거남이 향긋해서 (63화/완결),직진남일세
동거남이 향긋해서 (63화/완결),오늘부터 동거 1일
동거남이 향긋해서 (63화/완결),빨랑 동거남을 찾아라
동거남이 향긋해서 (63화/완결),작가님 런칭 축하드립니다 저도 향수 모으는게 취미라서 재밌게 읽을수 있을거 같아요 서로의 향기에 끌린 만남이군요
동거남이 향긋해서 (63화/완결),하아 ~ 지혁이와 혜무 도이수 때문에 머리 아프겠다 이번 기회에 진짜 연인 사이 되면 좋을텐데 지혁과 혜무 ^^
동거남이 향긋해서 (63화/완결),두 남자 사이에서 불꽃이 번쩍번쩍 ... ㅋㅋㅋ 혜무에게 우진이 너 남자 아니다
동거남이 향긋해서 (63화/완결),우진아 너 마음 접어라 .... 둘사이에 너의 자리는 없어
동거남이 향긋해서 (63화/완결),포기하지말아요 나 .... 꺄아 ~ 심쿵 주의보 발령 ❤
동거남이 향긋해서 (63화/완결),헐 ~ 완전 막무가내 구여친 도이수 !!! 싫다는데 뭔 자신감 ??!!
동거남이 향긋해서 (63화/완결),둘만이 간직한 둘의 비밀 (*^_^*) 도이수의 집착이 갈수록 심해지는 듯 싶네요
동거남이 향긋해서 (63화/완결),오오 ~ 다시 뜨겁게 불타오르는 밤이 되겠네요 지혁❤혜무
동거남이 향긋해서 (63화/완결),ㅋㅋㅋㅋㅋㅋㅋ 지혁이 음식하는 도중에도 다 듣고 있었구나 그래서 혜무야 뭐라 대밥할건데 ..??? ^^
동거남이 향긋해서 (63화/완결),지혁이의 구 여친 도이수 집착녀인가보네 !!!
동거남이 향긋해서 (63화/완결),ㅋㅋㅋ 이번에는 키스만 이라니 ..... 다음에는 뭘하려고 혜무야 ~~ 귀여운 혜무 (^_^)
동거남이 향긋해서 (63화/완결),지혁이 말빨 쥑인다 ~~~ㅋㅋ
동거남이 향긋해서 (63화/완결),지혁이 완전 직진남이군요 ^^ 계약서에 아직 사인을 하지 않았으니 계약 위반은 아니지 ~~
동거남이 향긋해서 (63화/완결),지혁이도 혜무처럼 구여친 때문에 힘들어했구나 ....
동거남이 향긋해서 (63화/완결),전남친의 스토킹 으로부터 벗어 나긴 해야지 무섭겠다 혜무 ㅠㅠ
동거남이 향긋해서 (63화/완결),향긋한 내음 설렘으로 시작하는 첫회네요 ^^
동거남이 향긋해서 (63화/완결),내 심장도 같이 뛰었다.
동거남이 향긋해서 (63화/완결),미친 구남친 VS 집착하는 구여친 둘이 공감할 부분이 많군요.ㅎ
동거남이 향긋해서 (63화/완결),실수 대신 비밀 너무 좋은데요.ㅎ
동거남이 향긋해서 (63화/완결),처음 한번이 어렵지 하다 보면...익숙해집니다.제가 허락하겠습니다.
동거남이 향긋해서 (63화/완결),르누보? 나도 궁금하다 .두근 두근!!!!! 뭘까 ?
동거남이 향긋해서 (63화/완결),어떻게 감정이 안 생길수 있지? 그냥 넘어 와라
동거남이 향긋해서 (63화/완결),진짜 똥차 가고 벤츠네요.요리도 잘하고 몸도 좋고 ..에잇 부러워라 .
동거남이 향긋해서 (63화/완결),우왕..책을 읽고 있으니까 내가 연애하는 기분
동거남이 향긋해서 (63화/완결),헐 소름...전남친이 앞집에 이사 왔다니..헐
동거남이 향긋해서 (63화/완결),류평구.. 익숙한 이름이긴 한데 아주 파렴치한이네요. 하우스메이트라니! 그것도 남자라니!!
동거남이 향긋해서 (63화/완결),"칵테일, 체향, 본능.. 첫화부터 분위기가 무슨 일이야 ㅋㅋ 축하드려요 작가님~"
동거남이 향긋해서 (63화/완결),안녕하세요. 향기에 민감한 두 남녀의 아찔한 한집 공유 로맨스 <동거남이 향긋해서>로 첫인사를 드리게 된 한열무입니다!많은 관심 부탁드립니다. 감사합니다!^^♡
동거남이 향긋해서 (63화/완결),베리그에서 재밌게 읽었었는데 런칭되셨네요!! 축하드려요🥰🥰
