titles,comments
절대반지를 주움! [단행본] (16권/완결),2편은 돈아깝다. 전개가없고 데이트만하네...
절대반지를 주움! [단행본] (16권/완결),10키로 30분 ..? 3키로 12분도 빠른데 5252
절대반지를 주움! [단행본] (16권/완결),으이그 지겨워
절대반지를 주움! [단행본] (16권/완결),걸러
절대반지를 주움! [단행본] (16권/완결),답답해서 못보것네...
절대반지를 주움! [단행본] (16권/완결),돈이아깝...양다리ㅋㅋㅋㅋ 주인공이면 좀더 멋진사람이길 바랬는데
절대반지를 주움! [단행본] (16권/완결),우왕 1빠 재밌네요
절대반지를 주움! [단행본] (16권/완결),클린봇이 부적절한 표현을 감지한 댓글입니다.
구슬 먹고 빌드업! [단행본] (7권/완결),가즈아~~ 구슬 아깝다~ 다른 사람들이 사냥한 구슬도 모을수 있었다면 훠~ 얼씬 빨리 성장했을텐데..
