titles,comments
곤륜검해 (275화/완결),👍
곤륜검해 (275화/완결),요즘 소재나 설정이 천편이률적이나 역시 글의 재미는 작가의 필력빨! 시작이 괜찮음. 정주행 ㄱㄱ
곤륜검해 (275화/완결),뭐라는거야 이건 ..
곤륜검해 (275화/완결),클린봇이 부적절한 표현을 감지한 댓글입니다.
곤륜검해 (275화/완결),회귀물 좋아 하는데 성장기는 똑같이 진부 하구만 어린 아이가 싸우는 선입견은 털어지지 않는다는 말이지 언제 성장 하는 기여 몇장 더 보고 결정 하자 요즘은 초딩들이 너무 설쳐서 볼만한것 찿기도 지겹워
곤륜검해 (275화/완결),타임킬링용 부협으로도 지루하다.
곤륜검해 (275화/완결),이 작가가 쓴 글이 맞나???
곤륜검해 (275화/완결),음~~일딴 스토리는 잘 읽혀서 좋은데뭔가 모를 위화감 회귀했어도 너무어린데
곤륜검해 (275화/완결),이상하게 청성이 주인공이면 곤륜은 9파가 아니거나 배신을하고 곤륜이 주인공이면 청성이 악역이네... 화산이 주인공일때 무당이나 종남이 악역이고 무당이 주인공일때 화산과 점창이 악역이 되는거랑 비슷함...
곤륜검해 (275화/완결),주인공을 너무 어리게 설정하지 않았나?
곤륜검해 (275화/완결),장난하세요? 태청신단을 먹었는데 최소한 반갑자는 되어야지 겨우 5년이요? 에 휴...
1000년 만에 귀환한 검신 (250화/완결),주인공 딸은 저런 말 할 자격이 있나 연락 한번을 안하고 살았으면서
1000년 만에 귀환한 검신 (250화/완결),왜케 말 끊는 사람들이 많냐
1000년 만에 귀환한 검신 (250화/완결),2왕자파가 지대로였네
1000년 만에 귀환한 검신 (250화/완결),카일렌은 ㅁ ㅓ하는 거 몬스터 웨이브 막아야지
1000년 만에 귀환한 검신 (250화/완결),아니 마계가 천계를 이기고 중간계가 식민지가 됐는데 천년을 살아온 성녀가 잘 모른다니 천계마계대표 모여서 지들끼리 몰래 가위바위보 대결했나?
1000년 만에 귀환한 검신 (250화/완결),이거 머여?..환생도 아니고 머냐?...
1000년 만에 귀환한 검신 (250화/완결),파댕이 임티 생각난다.꺄~ 마자마자 하면서 손 파닥이던가
1000년 만에 귀환한 검신 (250화/완결),클린봇이 부적절한 표현을 감지한 댓글입니다.
1000년 만에 귀환한 검신 (250화/완결),말을 희안하게하네;;
1000년 만에 귀환한 검신 (250화/완결),공주 변녀 ㅋㅋ
1000년 만에 귀환한 검신 (250화/완결),ㅋㅋ 나도 일단 더 ㅋ
1000년 만에 귀환한 검신 (250화/완결),몇년전에 상태창 2개 마지막 보고 이 작가껀 절대 안보겠다했는데 ㅈ같은 후반부 지금도 생각나네
1000년 만에 귀환한 검신 (250화/완결),으
1000년 만에 귀환한 검신 (250화/완결),어떻게 살아있냐고? 그래서 잠자다 죽었잖아 그래서 너가 그 후손 몸으로 들어온거고
1000년 만에 귀환한 검신 (250화/완결),무슨전개가 갑작스러운건지~ 일단 더 읽어보
마안신창기 (251화/완결),제발 협이 어쩌고 정의가 어쩌고 이런거 없이 시원시원하게 갔으면 히는 바램
마안신창기 (251화/완결),잘 봤습니다!
마안신창기 (251화/완결),멸화장으로 10일이면 그 대장장이는 어케 그렇게 했으
마안신창기 (251화/완결),돌팔이로 고쳐주세요
마안신창기 (251화/완결),독을 완전히 몰아낼 수 없었다 로 고쳐주세요
마안신창기 (251화/완결),ㅇ
마안신창기 (251화/완결),도인이 시주라?
마안신창기 (251화/완결),아 그리고 외전으로 진서연이랑 백설소 중에 누구랑 혼인하게 되고 또 후에 이야기 간단하게 풀어 주시면 너무 좋을거 같아요!
마안신창기 (251화/완결),"아주 많은 무협소설을 읽은건 아니지만 만화책이랑 통틀어보면 그래도 꽤 많은 작품을 봤는데 내용이나 스토리, 짜임새, 구성, 상상력, 표현력 모두 최고였습니다 ㅎㅎ 작가님 잘봤습니다! 감사합니다. 다음에도 좋은작품 기대할게요^-^"
마안신창기 (251화/완결),도원천... 그냥 나와서 어느정도 괜찮은 지역에 자리잡고 살아도 괜찮았을거 같은데
마안신창기 (251화/완결),두목 저 왔쪄염
마안신창기 (251화/완결),도강이면 힘들겠다
마안신창기 (251화/완결),맞다 진서연 선비연이 모시던 두명의 두목중 하나
마안신창기 (251화/완결),이야기 첫 시작점에 왔네요
마안신창기 (251화/완결),비연이도 이뿐 색시 하나 얻어야지
마안신창기 (251화/완결),이러다 다섯개 다 모으시겠소 ㅋ
마안신창기 (251화/완결),취했ㄴㅔ 취했어
마안신창기 (251화/완결),백매화.. 설화십이식이냐
마안신창기 (251화/완결),비집고 들어가는거 생각하니까 겁나 웃기네 ㅋㅋ
마안신창기 (251화/완결),가는곳마다 쌈질이네 ㅋㅋㅋ
마안신창기 (251화/완결),한월마검
마안신창기 (251화/완결),종남파
마안신창기 (251화/완결),ㅋㅋㅋㅋ 비연이 이제 말도 잘하네
마안신창기 (251화/완결),ㅋㅋㅋㅋㅋㅋ 눈치도 고수네
마안신창기 (251화/완결),약속 그래서 흑룡왕도 선비연을 놓아주었구나
마안신창기 (251화/완결),토르급 등장인데?
마안신창기 (251화/완결),2
마안신창기 (251화/완결),드디어 자혜누나 가셨구나 잘가시게..
마안신창기 (251화/완결),ㄱㅈㅇ
마안신창기 (251화/완결),천신갑도 이제 비연이꺼얌
마안신창기 (251화/완결),까불면 다친다
마안신창기 (251화/완결),태황이군 대장 선비연과 일곱수하 중원인들과 격돌
마안신창기 (251화/완결),너는 천신갑 나는 마안
마안신창기 (251화/완결),1
마안신창기 (251화/완결),ㅋㅋㅋㅋㅋㅋ 주옥같네
마안신창기 (251화/완결),존잼
마안신창기 (251화/완결),1
마안신창기 (251화/완결),사람은 역시 착하게 살아야해
마안신창기 (251화/완결),하오문도 멸문 ㅋㅋㅋ
마안신창기 (251화/완결),착하네요ㅠ 100배 이상으로 돌려받으실 거에요
마안신창기 (251화/완결),작가님 당자혜는 왜 살려두시는 겁니까? 아무렇지 않게 사람 죽이는 년인데ㅡㅡ
마안신창기 (251화/완결),클린봇이 부적절한 표현을 감지한 댓글입니다.
마안신창기 (251화/완결),짝짝짝짝짝
마안신창기 (251화/완결),클린봇이 부적절한 표현을 감지한 댓글입니다.
마안신창기 (251화/완결),졸라 통쾌흐네
마안신창기 (251화/완결),제발 다 뒤져라
마안신창기 (251화/완결),당가 엄청 비겁하게 나오네 ㅋㅋㅋ
마안신창기 (251화/완결),비열한 자식들
마안신창기 (251화/완결),클린봇이 부적절한 표현을 감지한 댓글입니다.
마안신창기 (251화/완결),선비연 짱!!
마안신창기 (251화/완결),당가가 멸문 하려고 작정을 했구나
마안신창기 (251화/완결),금산두 멋지다~
마안신창기 (251화/완결),객기 부리지 말아라 다친다ㅋ
마안신창기 (251화/완결),살아있기를...
마안신창기 (251화/완결),개변태네
마안신창기 (251화/완결),상황판단 좋네ㅋ
마안신창기 (251화/완결),그럼 마을에 있던 소녀는 죽겠네ㅠ
마안신창기 (251화/완결),"죽을 날짜를 보는게 확실하네 목이 날아가려나..,,"
마안신창기 (251화/완결),객잔에서 한잔 맛이 좋겠구먼
마안신창기 (251화/완결),선비님 못된놈들 싹다 쓸어버려 주세요!
마안신창기 (251화/완결),첫댓글 이다~~ 마적단 내용 재미있습니다ㅋ
마안신창기 (251화/완결),금산두 처세술 좋네 ㅋㅋ 이참에 매화단으로 붙어라
마안신창기 (251화/완결),금대협 어찌 그러시오ㅠ
마안신창기 (251화/완결),이렇게 사랑이...?
마안신창기 (251화/완결),진짜 무림에 고수 하나면 3대는 그냥 떵떵거리면서 놀고 먹겠네요
마안신창기 (251화/완결),내용 전개되는 과정이 물 흐르듯 자연스럽고 좋네요ㅎㅎㅎ
마안신창기 (251화/완결),글의 이해도나 필력이 상당하네요ㅎㅎ 보면 볼수록 빠져드는 매력이 있습니다^-^
마안신창기 (251화/완결),까막눈년 ㅋㅋㅋㅋ
마안신창기 (251화/완결),ㅋㅋㅋㅋㅋㅋㅋㅋㅋㅋ 깨알 개그
마안신창기 (251화/완결),아주 좋은 눈이군... 써먹을 곳이 많겠는데?
마안신창기 (251화/완결),졸잼인데 조회수가 안나오네ㅠ
마안신창기 (251화/완결),해동치 이름 웃기네 ㅋ
마안신창기 (251화/완결),서연이 갑자기 대마적단 두목 됐네 ㅋㅋ
마안신창기 (251화/완결),ㅋㅋㅋㅋㅋㅋㅋㅋㅋㅋㅋ 졸라 웃기네
마안신창기 (251화/완결),윤공 아저씨가 진짜 멋있네..
마안신창기 (251화/완결),요즘 회귀물이 너무 많았는데 이건 너무 좋네요!
마안신창기 (251화/완결),"""너 내 동료가 돼라"" ㅋㅋㅋㅋ 원피스냐고"
마안신창기 (251화/완결),진서연 ㅋㅋ 성격 좋네요
마안신창기 (251화/완결),작가님 재밌게 잘 보고 있습니다ㅎㅎ
마안신창기 (251화/완결),저 향이라는 하녀가 참 쓰레기 같은 것이네. ㄱ
마안신창기 (251화/완결),재밌었습니다
마안신창기 (251화/완결),재밌네.집중하게 되네요.
마안신창기 (251화/완결),재미있네
마안신창기 (251화/완결),잘봤어요
마안신창기 (251화/완결),1
마안신창기 (251화/완결),1
마안신창기 (251화/완결),1
마안신창기 (251화/완결),범죄도시 패러디가 갑자기 나오네ㅋㅋㅋ
마안신창기 (251화/완결),허허 안봐도 비디오다
마안신창기 (251화/완결),그렇게 가르치면서 꼬셔야지
마안신창기 (251화/완결),잘키운 고수하나 ㆍㆍㆍ
마안신창기 (251화/완결),일수에 ㆍㆍ끝
마안신창기 (251화/완결),위기탈출ㆍ ㆍ
마안신창기 (251화/완결),ㅋㅋㅋ
마안신창기 (251화/완결),밥먹으면서 자ㆍ ᆢ
마안신창기 (251화/완결),눈알은 빼갔다 ㆍㆍ
마안신창기 (251화/완결),선단을 얻었다
마안신창기 (251화/완결),화끈하다ㆍ ㆍ당연히 그래야지
마안신창기 (251화/완결),저여자 ㆍ ㆍㆍ
마안신창기 (251화/완결),오케이 계획대로 되고있어
마안신창기 (251화/완결),대차다
마안신창기 (251화/완결),협객의 눈
마안신창기 (251화/완결),진정을 느끼나 ?
마안신창기 (251화/완결),아재
마안신창기 (251화/완결),개안 ᆢ
마안신창기 (251화/완결),죽어야 전승되는군
마안신창기 (251화/완결),마안 ㆍㆍㆍ신창
마안신창기 (251화/완결),눈을가지러갔군
마안신창기 (251화/완결),음 왜갔을까 ?
마안신창기 (251화/완결),두번째 ㆍㆍㆍ
마안신창기 (251화/완결),오 좋은데?
마안신창기 (251화/완결),그좋은 실력으로 마적단여자두목 뒤처리나하네. 왠지 전개가 답답하네요
마안신창기 (251화/완결),검귀의선 작가님이시네예전에 검귀의선 재미있게 읽었는데..
마안신창기 (251화/완결),안녕 하신가 ㅋㅋ
마안신창기 (251화/완결),잘키운 고수하나 ㆍㆍㆍ
마안신창기 (251화/완결),일수에 ㆍㆍ끝
마안신창기 (251화/완결),위기탈출ㆍ ㆍ
마안신창기 (251화/완결),ㅋㅋㅋ
마안신창기 (251화/완결),밥먹으면서 자ㆍ ᆢ
마안신창기 (251화/완결),눈알은 빼갔다 ㆍㆍ
마안신창기 (251화/완결),선단을 얻었다
마안신창기 (251화/완결),화끈하다ㆍ ㆍ당연히 그래야지
마안신창기 (251화/완결),저여자 ㆍ ㆍㆍ
마안신창기 (251화/완결),오케이 계획대로 되고있어
마안신창기 (251화/완결),대차다
마안신창기 (251화/완결),협객의 눈
마안신창기 (251화/완결),진정을 느끼나 ?
마안신창기 (251화/완결),아재
마안신창기 (251화/완결),개안 ᆢ
마안신창기 (251화/완결),죽어야 전승되는군
마안신창기 (251화/완결),마안 ㆍㆍㆍ신창
마안신창기 (251화/완결),눈을가지러갔군
마안신창기 (251화/완결),음 왜갔을까 ?
마안신창기 (251화/완결),두번째 ㆍㆍㆍ
마안신창기 (251화/완결),오 좋은데?
마안신창기 (251화/완결),그좋은 실력으로 마적단여자두목 뒤처리나하네. 왠지 전개가 답답하네요
마안신창기 (251화/완결),검귀의선 작가님이시네예전에 검귀의선 재미있게 읽었는데..
마안신창기 (251화/완결),안녕 하신가 ㅋㅋ
불온한 계약결혼 [선공개] (107화/완결),10년동안 그렇게 괴롭힘당하고이젠 남주한테 이렇게 상처만 받으면 살아갈수가있을지.....ㅠ
불온한 계약결혼 [선공개] (107화/완결),고구마 100개 먹는거같은데 멈출수가없어요.....
불온한 계약결혼 [선공개] (107화/완결),일러 무서워요ㅋㅋㅠ근데 글은 쏙쏙 잘 읽히고 재밌네요
불온한 계약결혼 [선공개] (107화/완결),둘다 꼴값의 극치다
불온한 계약결혼 [선공개] (107화/완결),1화부터 지금까지 눈물만 흘렸네 진짜 너무 아프다
불온한 계약결혼 [선공개] (107화/완결),인간이 저렇게 악독할수도 있는거구나ᆢ 나는 저렇게 살지 말아야지ᆢ
불온한 계약결혼 [선공개] (107화/완결),"그냥 사랑하면 되지,뭘 자꾸 미워하고 자기맘을 죽이고 아고 속터짐"
불온한 계약결혼 [선공개] (107화/완결),알면 방법을 생각해!!!!
불온한 계약결혼 [선공개] (107화/완결),아니 경호원도 안붙이고 뭐냐 황당하네~
불온한 계약결혼 [선공개] (107화/완결),계속 이야기가 되풀이 되는거? 나만 그런가???
불온한 계약결혼 [선공개] (107화/완결),클린봇이 부적절한 표현을 감지한 댓글입니다.
불온한 계약결혼 [선공개] (107화/완결),뻐꾸기새낀가 의붓자식이 아닌가봐~ 좀 회차가 질리긴 하네요~
불온한 계약결혼 [선공개] (107화/완결),클린봇이 부적절한 표현을 감지한 댓글입니다.
불온한 계약결혼 [선공개] (107화/완결),뭐 이런 집구석이 쩔딱 망해버리게 해. 도현이가 네들 구린거 싹다 없애 버릴거야~
불온한 계약결혼 [선공개] (107화/완결),서로 그만 삽질하고 속마음을 털어 놓으시오. 그래야 같이 애도 키우고 살지 언제까지 지지부진하게 답답하네~
불온한 계약결혼 [선공개] (107화/완결),이 소설은 혼잣말이 많아
불온한 계약결혼 [선공개] (107화/완결),이렇게 해서 곁에 두다가 모든걸 주고 행복하게 해준다고? 그게 가능해? 그냥 모든걸 버리고 둘이 사라져서 웃으며 살지 ㅋ 복수에 이렇게 아픈시간 보내는게 과연 ㅡㅡ ㅉㅉ
불온한 계약결혼 [선공개] (107화/완결),훔쳐보고 살게ㅛ다니 ㅋㅋㅋㅋ 둘다 정산병자들
불온한 계약결혼 [선공개] (107화/완결),도현vs태주 한판 붙나요??
불온한 계약결혼 [선공개] (107화/완결),이상한 남주 그냥 빛 갚아주고 냅듀지 왜 뭐땀시....가증스럽구만
불온한 계약결혼 [선공개] (107화/완결),니가 가지가지한다 굳이 굳이 더려와서 위자료나 줄생각에 이런 쇼를해? 그냥 빛갚아주고 조용히 냅두지 이렇게 뭐하러 아프게 이게 사랑이야? 당췌 이상해 그리고 여주도 참 정신머리하고는 이모님아파다며 단한번도 걱정하는것도 없고 생각조차 안하고ㅋ 그리고 제일 이상한건 자는데 굳이 깨워서 밥먹이고 토하게 만들고 그냥 차라리 잠이라도 곱게 자게 두지 이게 뭔짓거린지 ㅡㅡ
불온한 계약결혼 [선공개] (107화/완결),그렇다고 십년만에 나타나서 어쩌자고 이상해 ㅋ 또 ㄹㅏㅇㅣ같에 ㅋ 뒤에서 우리태서 위자료 많이 챙겨줘야지 라니 ㅋ 그걸 퍽이나 참 좋아라 하겠다ㅋ
불온한 계약결혼 [선공개] (107화/완결),뭐가됐든 십년만에 나타나서 헤어질때아기까지 잃었던 사랑했던?여자인디 비정상적으로 이상함 다른사람한테 맞는걸보며 참는?참아지는것도 이상하고 다른사람햐그 결혼하는걸보라니 것도 이상하고 다다 이상해 굳이!?왜저러는지 사람이 헤어질수도 있지 저렇게까지 십년만에 나타나 모욕을 줘가믄서 속으론 감히 누굴때리냐니 ㅡㅡ다중인가? 그리고 여주도 이상해 뭘결혼하는걸 봐주겠데 ㅋ
불온한 계약결혼 [선공개] (107화/완결),클린봇이 부적절한 표현을 감지한 댓글입니다.
불온한 계약결혼 [선공개] (107화/완결),너무나 아쉬운 시간이네 십년이라 ㅡㅡ
불온한 계약결혼 [선공개] (107화/완결),10년은 넘 했네요 ㅡㅡ 그리고 다시나타나서 왜 저렇게 것도 10년만에 요즘엔 강산도 오년에한번 변한다는데 10년이믄 그냥 잊고 살만도 한데 굳이 찾아서 저런다니 ㅡㅡ 일이년도 아니고 에혀
불온한 계약결혼 [선공개] (107화/완결),변하지만 말자
불온한 계약결혼 [선공개] (107화/완결),헐.. 어미란것이 진짜 악독하네.. 사람이 어째 살란 말이고?
불온한 계약결혼 [선공개] (107화/완결),자꾸 집중하게되네요 재미있고 가슴이 찡하네요^^
불온한 계약결혼 [선공개] (107화/완결),굳이 평점을 보지는 않는데 읽다보면 좀 지루해져요...4편씩 뛰어넘어도 여전히 내용이 제자리고...너무 늘리실 필요가 있으셨나 싶어요ㅠㅠ 해피엔딩이라 다행이쥬...
불온한 계약결혼 [선공개] (107화/완결),저도 조용히 몰입해서 잘보고 있어여...댓글 달 시간들없이다들 잘읽고 있을거에요...^^
불온한 계약결혼 [선공개] (107화/완결),"나 아닌가요,? 마지막 페이지"
불온한 계약결혼 [선공개] (107화/완결),이야...
불온한 계약결혼 [선공개] (107화/완결),조용히 보는 사람들 많아요 작가닝 댓글 없다고 상처 받지 마세요저도 사실 인프피라 절대 안 적는데 진짜 재밌어서 적어요
불온한 계약결혼 [선공개] (107화/완결),슬프네요.
불온한 계약결혼 [선공개] (107화/완결),평점이 낮아서 정주행라기가 좀 망설여 지는 작품이네요. 그오여사는 좀 나쁘다 못해 미친거 같아요. 본인도 남자하나 잘 만나서 사는 주제에 착한 태서를 이유없이 괴롭히고 오여사땜시 더 보기가 짜증 났는데 도현의 변함없는 사랑이 태서를 뒤늦게 지켜주니 다행이지 싶네요. 잘 읽었습니다. ^^
불온한 계약결혼 [선공개] (107화/완결),외전 기다릴게요
불온한 계약결혼 [선공개] (107화/완결),뒤에도 쭉 이런식인가요? 남주가 상처란 상처는 다 주면서 여주 상처받는건 또 속상해하고.. 진짜 지치네요.
불온한 계약결혼 [선공개] (107화/완결),이 소설은 참 읽기 힘드네요
불온한 계약결혼 [선공개] (107화/완결),"에구 이 남녀는, 특히 남주놈은 아예 답이 없네."
불온한 계약결혼 [선공개] (107화/완결),마음이 너무 아픕니다. 그러면서 나를 울리는 이런 내용이 좋아용
불온한 계약결혼 [선공개] (107화/완결),헉 이걸 도현이 다 알았으니 눈 뒤집힐만하네요.
불온한 계약결혼 [선공개] (107화/완결),좀 질리네요.내용이 진전은 없고 마냥 제자리...
불온한 계약결혼 [선공개] (107화/완결),남주 인성 뭐.. ㅜㅜ
불온한 계약결혼 [선공개] (107화/완결),지금처럼만 태서가 행복해야하는데 ㅠ
불온한 계약결혼 [선공개] (107화/완결),ㅋㅎㅎ부끄러워하넹
불온한 계약결혼 [선공개] (107화/완결),아-가슴아파ㅠㅡㅠ
불온한 계약결혼 [선공개] (107화/완결),나무 질질 끌고 지루해요
불온한 계약결혼 [선공개] (107화/완결),이제 슬슬 지쳐가는중너무 땅굴만파고있네요 간첩도넘어오게쒀
불온한 계약결혼 [선공개] (107화/완결),그 노래가생각난다아담ㅡ세상엔없는사랑
불온한 계약결혼 [선공개] (107화/완결),에혀....
불온한 계약결혼 [선공개] (107화/완결),마음의불꽃이일었겠네ㅋ
불온한 계약결혼 [선공개] (107화/완결),너무사랑해서 복수도해주고본인도 밉게만들어서 죄책감도 미련도없게 만들어주려나보다 남주 짠하다ㅠ 이번 남주는 안굴려도될거같아
불온한 계약결혼 [선공개] (107화/완결),헐....유산이아니였어?
불온한 계약결혼 [선공개] (107화/완결),너무 절절한거아니야ㅠ
불온한 계약결혼 [선공개] (107화/완결),이렇게 많이사랑했는데지금은왜 멀리왔니
불온한 계약결혼 [선공개] (107화/완결),오여사나 주은이나 욕망덩어리들 쟤네들은 하수종말 처리장으로😠
불온한 계약결혼 [선공개] (107화/완결),뒤통수 맞을줄 모르는게 이상할 정도네😅
불온한 계약결혼 [선공개] (107화/완결),저 정도면 착한것도 병이다 지가 죽을줄도 모르고...
불온한 계약결혼 [선공개] (107화/완결),뭔데
불온한 계약결혼 [선공개] (107화/완결),지태주는 먼데?지태서오빠가 아니었어?
불온한 계약결혼 [선공개] (107화/완결),아 눈물.....해피엔딩인가요 아닌가요 ?
불온한 계약결혼 [선공개] (107화/완결),사랑한다. 따뜻한 말 한마디만 서로 해주세요.마음아파요. 여주인공
불온한 계약결혼 [선공개] (107화/완결),이렇게까지 멍청할수 있어요?
불온한 계약결혼 [선공개] (107화/완결),차갑다 차가워.. 앞으로 어떻게 진행될지 궁금하네요
불온한 계약결혼 [선공개] (107화/완결),넘 재밌어요 진짜! ㅜㅜㅜ
불온한 계약결혼 [선공개] (107화/완결),아잇 지쳐..
불온한 계약결혼 [선공개] (107화/완결),아오ㅜ 둘이행복했음 좋겠다!
불온한 계약결혼 [선공개] (107화/완결),다른남자에게 보낸다면서 ㅋㅋㅋ태서의 사랑을 위해서 보내준다더니... 보내기전에 하고싶은거 다하네 ㅋㅋㅋ 생각은 보낸다하고 본능에 무너지네 ㅉㅉ
불온한 계약결혼 [선공개] (107화/완결),저의 경우 소설을 한 번 보기로 하면 끝까지 결제해놓고 다 보는데.. 아쉬운 글이었네요 ㅜㅜ 속도감이나 전개상 개연성이 더 있었으면 합니다.
불온한 계약결혼 [선공개] (107화/완결),"소설 앞 부분에서 아이러니한 내면 묘사로 소설을 읽으려고ㅠ했고 끝까지 결제, 그러나 내면의 오여사가 그렇게밖에 할 수 없는 필연적 이유, 남주와 여주의 감정선의 묘사, 구성이 아쉽네요. 속도감 있었으면 좋았을… ㅜㅜ"
불온한 계약결혼 [선공개] (107화/완결),와 흡입력 대박 ㄷ ㄷ ㄷ ㄷ
불온한 계약결혼 [선공개] (107화/완결),아버지구만
불온한 계약결혼 [선공개] (107화/완결),"어우 짠하네.. 이런 어두운소설 별로 안좋아하는데.. 자꾸 보게 되네요,"
불온한 계약결혼 [선공개] (107화/완결),여주이름이 지태서...거꾸러하면 ㅋㅋ서태지 참 좋아했었는뎅~~!!
불온한 계약결혼 [선공개] (107화/완결),너무 슬프지만 재밌어요ㅠㅠㅠ
불온한 계약결혼 [선공개] (107화/완결),"와...어제 올라온건데, 다 읽었네요.어제 시작하며 너무 슬프고, 계속 다음화를 결제하게 만드는, 제 베스트5안에 드네요~ 시리즈에 작가님글 처음이던데, 다음 작품 기다릴께요. 외전을 먼저 기다리며...."
불온한 계약결혼 [선공개] (107화/완결),진짜 평점 낮은 이유를 모르겠네요..최고입니다♡
불온한 계약결혼 [선공개] (107화/완결),알콩달콩한 뒷얘기가 더있었으면 좋겠는데 그게 아쉽네요ㅜ
불온한 계약결혼 [선공개] (107화/완결),몇편 읽지도 않았는데 웰케 울려요ㅜㅜ
불온한 계약결혼 [선공개] (107화/완결),카페 주인이 혹시 도현이…
불온한 계약결혼 [선공개] (107화/완결),오여사 진짜 너무하네
불온한 계약결혼 [선공개] (107화/완결),너무 슬퍼요 매열무인데 궁금해서 계속 쿠키를 굽네요.작가님 다음 작품도 기대돼요
불온한 계약결혼 [선공개] (107화/완결),진짜 사랑이 죄라는말...굴레같으면서도 벗어날수없는.. 맞는말같아요..
불온한 계약결혼 [선공개] (107화/완결),왜 평점이 낮은지 이해가안되는 ㅠㅠㅠㅠㅠ 꼭읽으세요 진짜 재밌게 봣어요 ㅠㅠㅠㅠㅠ
불온한 계약결혼 [선공개] (107화/완결),"아...이 소설 계속 슬픈데, 보고싶네..."
불온한 계약결혼 [선공개] (107화/완결),지태서? 지태주?설마 뒤늦게 찾은 남매? 아..태주라는 인물도 궁금하네
불온한 계약결혼 [선공개] (107화/완결),마지막페이지 오여사가 태서에게 자격지심을 느낀거 아닌가요?
불온한 계약결혼 [선공개] (107화/완결),친엄마맞아?미쳤구나
불온한 계약결혼 [선공개] (107화/완결),ㅜㅜ한편한편 넘 슬퍼요
불온한 계약결혼 [선공개] (107화/완결),와 읽다가 눈물났네요 태서 너무 짠해요
불온한 계약결혼 [선공개] (107화/완결),와 한줄한줄 읽을때마다 맘이 아프네요 일단 쿠키장전하고 달려보겠습니다!!
불온한 계약결혼 [선공개] (107화/완결),아
불온한 계약결혼 [선공개] (107화/완결),클린봇이 부적절한 표현을 감지한 댓글입니다.
불온한 계약결혼 [선공개] (107화/완결),뭐야 왜이렇게 슬프냐ㅠㅠ
불온한 계약결혼 [선공개] (107화/완결),재미있넹
불온한 계약결혼 [선공개] (107화/완결),표지 무슨일이야...
불온한 계약결혼 [선공개] (107화/완결),재밌겠당
불온한 계약결혼 [선공개] (107화/완결),시작부터 매운맛을 뛰어넘어 마라맛이네
불온한 계약결혼 [선공개] (107화/완결),와 표지 대박... 와 미쳤다... 잘 읽을게여
불온한 계약결혼 [선공개] (107화/완결),하 오랜만에 맘에 드는 글 찾았네 존나 맛있다... 행복해
불온한 계약결혼 [선공개] (107화/완결),뭔가 시원하지가 않아요ㅜㅜ 사이다에 탄산이 없는 기분이에요... 오여사가 그동안 한 일 생각하면 더 처절하게 몰락해야하는데 전혀 처절해보이지 않고ㅜㅜ 회장도 벌 받아야죠... 근데 이게 무슨ㅜㅜ
불온한 계약결혼 [선공개] (107화/완결),미래의 구를 남주 생각하며 달립니다ㅋㅋㅋㅋㅋㅋ
불온한 계약결혼 [선공개] (107화/완결),난리났다 난리났고 넘 재밌네 팝콘먹으며 자리 안착해야겠어여
불온한 계약결혼 [선공개] (107화/완결),클린봇이 부적절한 표현을 감지한 댓글입니다.
불온한 계약결혼 [선공개] (107화/완결),어후 ㅋㅋㅋㅋ 재믹을 거 같아요 기대됩니다
불온한 계약결혼 [선공개] (107화/완결),ㅋㅋㅋ1화부터 난리낫네
불온한 계약결혼 [선공개] (107화/완결),안아달라고 하는 남자 최고임... 귀여워ㅠㅠ
불온한 계약결혼 [선공개] (107화/완결),뭐야 이 엄청난 전개 미쳤다 ㄷㄱㄷㄱ
불온한 계약결혼 [선공개] (107화/완결),아오 진짜 펑펑 울면서 봣어요ㅠㅠ 너무 글 잘쓰셔서
불온한 계약결혼 [선공개] (107화/완결),와 진짜 역대급으로 피곤해보이는 남주야
불온한 계약결혼 [선공개] (107화/완결),도현이가 왜저러는지 좀 지켜봐야겠
불온한 계약결혼 [선공개] (107화/완결),남주 저러는거 보면 나중에 얼마나 구를까 너무 기대됨. 간만에 초반부터 너무 재밌어요
불온한 계약결혼 [선공개] (107화/완결),무슨 사연이 있을까?요 일단 달립니당
불온한 계약결혼 [선공개] (107화/완결),헐 강하 작가님 시리즈 연재라니 대박
불온한 계약결혼 [선공개] (107화/완결),태서랑 도현 사이에 무슨 오해가 있었을까?태서가 빚을 졌다는 남자도 뭔가 배후가 있을 듯... 도현아 틱틱거리지만 말고 잘 좀 해봐!!
불온한 계약결혼 [선공개] (107화/완결),외전없나요 ㅜㅠ...!!
불온한 계약결혼 [선공개] (107화/완결),와 읽다가 눈물났네요 태서 너무 짠해요
불온한 계약결혼 [선공개] (107화/완결),와 한줄한줄 읽을때마다 맘이 아프네요 일단 쿠키장전하고 달려보겠습니다!!
불온한 계약결혼 [선공개] (107화/완결),아
불온한 계약결혼 [선공개] (107화/완결),클린봇이 부적절한 표현을 감지한 댓글입니다.
불온한 계약결혼 [선공개] (107화/완결),뭐야 왜이렇게 슬프냐ㅠㅠ
불온한 계약결혼 [선공개] (107화/완결),재미있넹
불온한 계약결혼 [선공개] (107화/완결),표지 무슨일이야...
불온한 계약결혼 [선공개] (107화/완결),재밌겠당
불온한 계약결혼 [선공개] (107화/완결),시작부터 매운맛을 뛰어넘어 마라맛이네
불온한 계약결혼 [선공개] (107화/완결),와 표지 대박... 와 미쳤다... 잘 읽을게여
불온한 계약결혼 [선공개] (107화/완결),하 오랜만에 맘에 드는 글 찾았네 존나 맛있다... 행복해
불온한 계약결혼 [선공개] (107화/완결),뭔가 시원하지가 않아요ㅜㅜ 사이다에 탄산이 없는 기분이에요... 오여사가 그동안 한 일 생각하면 더 처절하게 몰락해야하는데 전혀 처절해보이지 않고ㅜㅜ 회장도 벌 받아야죠... 근데 이게 무슨ㅜㅜ
불온한 계약결혼 [선공개] (107화/완결),미래의 구를 남주 생각하며 달립니다ㅋㅋㅋㅋㅋㅋ
불온한 계약결혼 [선공개] (107화/완결),난리났다 난리났고 넘 재밌네 팝콘먹으며 자리 안착해야겠어여
불온한 계약결혼 [선공개] (107화/완결),클린봇이 부적절한 표현을 감지한 댓글입니다.
불온한 계약결혼 [선공개] (107화/완결),어후 ㅋㅋㅋㅋ 재믹을 거 같아요 기대됩니다
불온한 계약결혼 [선공개] (107화/완결),ㅋㅋㅋ1화부터 난리낫네
불온한 계약결혼 [선공개] (107화/완결),안아달라고 하는 남자 최고임... 귀여워ㅠㅠ
불온한 계약결혼 [선공개] (107화/완결),뭐야 이 엄청난 전개 미쳤다 ㄷㄱㄷㄱ
불온한 계약결혼 [선공개] (107화/완결),아오 진짜 펑펑 울면서 봣어요ㅠㅠ 너무 글 잘쓰셔서
불온한 계약결혼 [선공개] (107화/완결),와 진짜 역대급으로 피곤해보이는 남주야
불온한 계약결혼 [선공개] (107화/완결),도현이가 왜저러는지 좀 지켜봐야겠
불온한 계약결혼 [선공개] (107화/완결),남주 저러는거 보면 나중에 얼마나 구를까 너무 기대됨. 간만에 초반부터 너무 재밌어요
불온한 계약결혼 [선공개] (107화/완결),무슨 사연이 있을까?요 일단 달립니당
불온한 계약결혼 [선공개] (107화/완결),헐 강하 작가님 시리즈 연재라니 대박
불온한 계약결혼 [선공개] (107화/완결),태서랑 도현 사이에 무슨 오해가 있었을까?태서가 빚을 졌다는 남자도 뭔가 배후가 있을 듯... 도현아 틱틱거리지만 말고 잘 좀 해봐!!
불온한 계약결혼 [선공개] (107화/완결),외전없나요 ㅜㅠ...!!
